id,web_name,team,element_type,bonus,bps,total_points,minutes,influence,creativity,threat
1,Fábio Vieira,1,3,0,0,0,0,0.0,0.0,0.0
2,G.Jesus,1,4,6,152,42,600,154.4,119.5,255.0
3,Gabriel,1,2,9,459,117,2363,584.6,208.8,287.0
4,Havertz,1,4,14,343,97,1872,467.6,269.0,711.0
5,Hein,1,1,0,0,0,0,0.0,0.0,0.0
6,J.Timber,1,2,9,426,114,2415,393.0,296.8,254.0
7,Jorginho,1,3,0,112,20,701,44.8,88.8,8.0
8,Kiwior,1,2,2,178,43,1117,267.2,91.3,32.0
9,Martinelli,1,3,6,422,125,2284,559.8,587.8,912.0
12,Nwaneri,1,3,4,251,66,882,293.2,282.8,255.0
13,Ødegaard,1,3,11,529,116,2321,524.6,968.7,493.0
15,Raya,1,1,10,555,142,3420,755.4,10.7,0.0
16,Rice,1,3,17,627,127,2823,733.0,959.6,399.0
17,Saka,1,3,18,508,127,1724,606.0,842.8,830.0
18,Saliba,1,2,14,564,130,3039,672.6,150.1,116.0
20,Thomas,1,3,8,567,108,2793,626.6,377.9,223.0
21,Tierney,1,2,2,99,27,250,91.8,109.1,48.0
22,Tomiyasu,1,2,0,2,1,6,0.4,0.3,9.0
23,Trossard,1,3,18,561,152,2546,609.0,617.6,798.0
24,White,1,2,0,211,50,1195,247.6,162.6,100.0
25,Zinchenko,1,2,2,141,40,518,83.4,92.8,66.0
73,Neto,1,1,0,30,7,180,77.8,0.0,0.0
186,Sterling,1,3,0,64,26,490,67.2,125.5,122.0
578,Calafiori,1,2,1,142,39,978,252.6,118.2,176.0
597,Lewis-Skelly,1,3,0,237,37,1362,176.0,170.7,57.0
633,Merino,1,3,8,326,92,1575,456.8,265.8,511.0
638,Oulad M'hand,1,3,0,0,0,0,0.0,0.0,0.0
639,Setford,1,1,0,0,0,0,0.0,0.0,0.0
657,Kacurri,1,2,0,0,0,0,0.0,0.0,0.0
659,Kabia,1,3,0,0,0,0,0.0,0.0,0.0
662,Nichols,1,2,0,0,0,0,0.0,0.0,0.0
665,Butler-Oyedeji,1,4,0,5,1,6,3.0,0.0,17.0
735,Arteta,1,5,0,0,104,0,0.0,0.0,0.0
756,Porter,1,1,0,0,0,0,0.0,0.0,0.0
790,Gower,1,3,0,0,0,0,0.0,0.0,0.0
793,Jack Henry-Francis,1,3,0,0,0,0,0.0,0.0,0.0
801,Clarke,1,2,0,0,0,0,0.0,0.0,0.0
28,Bailey,2,3,2,174,47,1132,146.4,235.8,325.0
29,Barkley,2,3,5,166,44,567,215.4,128.1,206.0
30,Barrenechea,2,3,0,0,0,0,0.0,0.0,0.0
31,Buendia,2,3,0,37,11,89,16.4,23.2,16.0
32,Cash,2,2,2,286,76,2069,359.2,181.0,171.0
33,Dendoncker,2,3,0,0,0,0,0.0,0.0,0.0
34,Diaby,2,3,0,0,0,0,0.0,0.0,0.0
35,Diego Carlos,2,2,1,69,21,828,150.6,9.2,54.0
36,Digne,2,2,7,383,89,2348,512.6,583.9,112.0
37,Dobbin,2,3,0,0,0,0,0.0,0.0,0.0
38,Duran,2,4,9,222,53,622,273.8,68.9,334.0
39,Gauci,2,1,0,0,0,0,0.0,0.0,0.0
40,Hause,2,2,0,0,0,0,0.0,0.0,0.0
41,Iling Jr,2,3,0,0,0,0,0.0,0.0,0.0
42,Kamara,2,3,3,296,57,1720,326.6,191.0,83.0
43,Kesler-Hayden,2,2,0,0,0,0,0.0,0.0,0.0
44,Konsa,2,2,10,448,103,2936,532.8,123.9,166.0
45,Maatsen,2,2,0,204,57,1125,252.0,293.4,197.0
46,Marschall,2,1,0,0,0,0,0.0,0.0,0.0
47,Martinez,2,1,6,457,111,3195,839.6,20.0,0.0
48,McGinn,2,3,1,360,78,2217,277.2,500.6,263.0
49,Mings,2,2,5,207,47,1119,220.4,49.2,74.0
50,Nedeljkovic,2,2,0,11,5,121,22.8,7.2,0.0
51,Olsen,2,1,0,23,9,225,59.2,0.0,0.0
52,Pau,2,2,3,254,55,2019,350.6,84.5,102.0
53,Ramsey,2,3,3,265,66,1616,235.4,307.9,245.0
54,Rogers,2,3,15,534,161,3115,730.6,722.7,689.0
55,Sinisalo,2,1,0,0,0,0,0.0,0.0,0.0
56,Sousa,2,2,0,0,0,0,0.0,0.0,0.0
57,Tielemans,2,3,15,686,121,3025,799.6,963.1,333.0
58,Watkins,2,4,32,631,186,2593,766.0,345.2,1148.0
167,Disasi,2,2,0,133,33,851,169.6,75.6,51.0
233,Onana,2,3,5,324,65,1613,358.0,194.8,215.0
385,Rashford,2,3,9,333,95,1414,398.4,451.1,369.0
598,Bogarde,2,2,0,22,6,473,84.8,33.3,15.0
640,Swinkels,2,2,0,0,0,0,0.0,0.0,0.0
641,Zych,2,1,0,0,0,0,0.0,0.0,0.0
656,Young,2,3,0,0,0,0,0.0,0.0,0.0
679,Broggio,2,3,0,0,0,0,0.0,0.0,0.0
710,Jimoh,2,3,0,0,0,0,0.0,0.0,0.0
725,Malen,2,3,3,112,34,296,138.2,42.7,208.0
731,A. Garcia,2,2,0,26,8,316,45.6,68.4,7.0
737,Emery,2,5,0,0,105,0,0.0,0.0,0.0
762,M.Asensio,2,3,6,158,44,740,200.6,232.5,242.0
59,Aarons,3,2,0,31,8,84,13.2,3.2,0.0
60,Adams,3,3,1,315,58,1959,411.8,261.2,83.0
61,Anthony,3,3,0,0,0,0,0.0,0.0,0.0
62,Brooks,3,3,2,204,52,941,193.6,316.7,300.0
63,Christie,3,3,5,435,76,2114,514.0,576.8,303.0
64,Cook,3,3,3,500,82,2976,607.0,727.1,114.0
65,Enes Ünal,3,4,4,97,32,330,104.0,56.1,207.0
66,Faivre,3,3,0,0,0,0,0.0,0.0,0.0
67,H.Traorè,3,3,0,0,0,0,0.0,0.0,0.0
68,Hill,3,2,0,55,17,443,97.0,38.4,29.0
69,Jebbison,3,4,1,67,20,105,58.2,39.1,70.0
70,Kerkez,3,2,10,550,134,3336,694.0,642.0,238.0
71,Kluivert,3,3,14,532,158,2339,700.0,654.1,771.0
72,Mepham,3,2,0,0,0,0,0.0,0.0,0.0
74,O.Dango,3,3,7,432,111,1998,624.6,496.8,754.0
75,Paulsen,3,1,0,0,0,0,0.0,0.0,0.0
76,Philip,3,3,0,52,10,176,54.0,102.4,47.0
77,Scott,3,3,0,132,26,745,141.6,171.6,118.0
78,Semenyo,3,3,14,571,165,3202,792.2,688.9,1204.0
79,Senesi,3,2,3,114,31,1103,271.6,84.2,39.0
80,Sinisterra,3,3,2,90,23,229,112.0,115.3,195.0
81,Smith,3,2,0,161,57,1586,181.8,147.2,24.0
83,Tavernier,3,3,4,362,87,1932,447.0,664.8,442.0
84,Travers,3,1,1,76,19,450,146.4,0.0,0.0
85,Zabarnyi,3,2,8,429,94,3109,651.4,177.0,88.0
152,Arrizabalaga,3,1,7,406,106,2790,744.4,10.4,4.0
580,Huijsen,3,2,14,449,104,2422,826.4,217.6,193.0
592,J.Araujo,3,2,0,20,12,492,56.8,30.6,4.0
599,Dennis,3,1,0,0,0,0,0.0,0.0,0.0
617,Evanilson,3,4,20,487,128,2317,456.0,331.9,966.0
680,Kinsey,3,2,0,0,0,0,0.0,0.0,0.0
687,Winterburn,3,3,0,14,4,22,2.4,0.2,2.0
702,Harris,3,2,0,0,0,0,0.0,0.0,0.0
707,Rees-Dottin,3,4,0,3,1,1,0.0,0.0,0.0
712,Akinmboni,3,2,0,0,0,0,0.0,0.0,0.0
713,Soler,3,2,0,8,3,9,2.2,1.8,0.0
722,Adu-Adjei,3,4,0,0,0,0,0.0,0.0,0.0
723,Sadi,3,3,0,0,0,0,0.0,0.0,0.0
727,McKenna,3,1,0,0,0,0,0.0,0.0,0.0
728,Silcott-Duberry,3,3,0,5,1,1,2.0,1.0,0.0
738,Iraola,3,5,0,0,82,0,0.0,0.0,0.0
86,Ajer,4,2,0,120,39,1433,199.0,128.1,158.0
87,Brierley,4,3,0,0,0,0,0.0,0.0,0.0
88,Collins,4,2,11,549,127,3420,1023.2,160.5,311.0
89,Damsgaard,4,3,10,611,131,2911,714.8,1006.4,338.0
90,Dasilva,4,3,0,0,0,0,0.0,0.0,0.0
91,Flekken,4,1,12,584,138,3275,1298.4,30.3,0.0
92,Henry,4,2,0,5,4,94,13.6,2.1,2.0
93,Hickey,4,2,0,0,0,0,0.0,0.0,0.0
94,Janelt,4,3,2,384,73,2251,356.6,284.2,131.0
95,Jensen,4,3,1,179,38,846,157.0,249.5,32.0
96,Ji-soo,4,2,0,8,3,28,5.0,0.8,0.0
97,Konak,4,3,0,30,10,53,8.0,4.5,3.0
98,Lewis-Potter,4,3,0,460,94,3092,542.0,462.2,391.0
99,Mbeumo,4,3,29,948,236,3415,1236.8,1107.5,1060.0
100,Mee,4,2,0,30,9,180,36.8,3.0,6.0
101,Nørgaard,4,3,7,580,107,2820,735.4,333.0,409.0
102,Onyeka,4,3,0,3,2,23,0.0,0.5,0.0
103,Peart-Harris,4,3,0,0,0,0,0.0,0.0,0.0
104,Pinnock,4,2,0,233,47,1912,540.2,101.2,193.0
105,Roerslev,4,2,0,125,36,1100,214.4,185.8,78.0
106,Schade,4,3,12,498,149,2281,630.8,312.7,892.0
107,Thiago,4,4,0,32,9,167,18.2,30.6,12.0
108,Toney,4,4,0,0,0,0,0.0,0.0,0.0
109,Valdimarsson,4,1,0,14,2,144,21.4,0.1,0.0
110,Wissa,4,4,32,739,185,2921,849.4,400.0,1181.0
111,Yarmoliuk,4,3,0,255,43,1435,259.6,196.1,89.0
112,Zanka,4,2,0,0,0,0,0.0,0.0,0.0
314,Carvalho,4,3,1,127,35,443,142.2,71.5,154.0
338,Van den Berg,4,2,1,266,62,2584,587.4,108.3,226.0
602,Trevitt,4,3,0,5,1,3,2.6,0.1,0.0
634,G.Nunes,4,3,0,11,3,11,10.0,0.3,2.0
649,Meghoma,4,2,0,3,1,4,0.2,0.3,0.0
661,Yogane,4,3,0,0,0,0,0.0,0.0,0.0
674,Maghoma,4,3,0,32,8,112,27.8,15.8,10.0
705,Arthur,4,2,0,0,0,0,0.0,0.0,0.0
752,Frank,4,5,0,0,116,0,0.0,0.0,0.0
757,Kayode,4,2,0,115,27,523,105.2,105.2,30.0
759,Eyestone,4,1,0,0,0,0,0.0,0.0,0.0
780,Morgan,4,4,0,0,0,0,0.0,0.0,0.0
786,Benjamin Fredrick,4,2,0,0,0,0,0.0,0.0,0.0
113,Adingra,5,3,0,207,60,1081,212.4,261.9,337.0
114,Baker-Boaitey,5,3,0,0,0,0,0.0,0.0,0.0
115,Baleba,5,3,7,490,87,2660,515.4,343.7,193.0
116,Barco,5,2,0,0,0,0,0.0,0.0,0.0
118,Cozier-Duberry,5,3,0,0,0,0,0.0,0.0,0.0
119,Dahoud,5,3,0,0,0,0,0.0,0.0,0.0
120,Dunk,5,2,0,223,44,2081,425.4,115.7,128.0
122,Estupiñan,5,2,7,313,63,2399,504.4,530.1,173.0
124,Gilmour,5,3,0,21,3,97,11.4,11.9,2.0
125,Gross,5,3,0,0,0,0,0.0,0.0,0.0
126,Hinshelwood,5,3,8,404,89,1839,394.6,268.1,304.0
127,I.Osman,5,3,0,0,0,0,0.0,0.0,0.0
128,Igor,5,2,0,113,18,959,189.6,54.7,4.0
129,João Pedro,5,4,26,516,126,1946,567.0,456.0,644.0
130,Kozlowski,5,3,0,0,0,0,0.0,0.0,0.0
131,Lamptey,5,2,1,99,42,856,213.6,101.0,52.0
132,March,5,3,0,25,7,161,24.0,59.6,18.0
133,Mazilu,5,3,0,0,0,0,0.0,0.0,0.0
134,Milner,5,3,0,27,6,170,28.6,66.3,12.0
135,Minteh,5,3,8,398,102,1831,523.8,448.9,615.0
136,Mitoma,5,3,12,536,145,2597,670.6,578.0,856.0
137,Moder,5,3,0,17,4,9,15.8,36.0,2.0
138,O’Mahony,5,4,0,0,0,0,0.0,0.0,0.0
139,Offiah,5,2,0,0,0,0,0.0,0.0,0.0
140,Peupion,5,3,0,0,0,0,0.0,0.0,0.0
141,Sarmiento,5,3,0,3,1,8,0.2,0.8,0.0
142,Steele,5,1,1,46,9,180,40.4,0.0,0.0
143,Undav,5,4,0,0,0,0,0.0,0.0,0.0
144,Van Hecke,5,2,7,406,87,2960,736.6,261.8,182.0
145,Veltman,5,2,7,249,59,1694,273.0,147.2,59.0
146,Verbruggen,5,1,6,366,103,3240,849.8,10.0,0.0
147,Webster,5,2,2,167,39,885,198.4,49.7,55.0
148,Welbeck,5,4,21,484,125,2109,550.2,331.3,676.0
149,Wieffer,5,3,4,243,52,1003,328.8,230.4,129.0
595,Gruda,5,3,1,176,45,676,196.6,311.6,187.0
600,Ayari,5,3,3,358,74,1958,363.2,507.5,247.0
601,Moran,5,3,0,0,0,0,0.0,0.0,0.0
615,Rushworth,5,1,0,0,0,0,0.0,0.0,0.0
618,Georginio,5,3,1,288,95,1651,355.4,281.8,404.0
628,F.Kadıoğlu,5,2,0,59,19,385,116.4,83.7,40.0
629,O'Riley,5,3,2,209,50,929,211.4,322.5,219.0
663,Samuels,5,2,0,0,0,0,0.0,0.0,0.0
668,Cahill,5,1,0,0,0,0,0.0,0.0,0.0
681,McConville,5,2,0,0,0,0,0.0,0.0,0.0
685,Slater,5,2,0,0,0,0,0.0,0.0,0.0
714,Gómez,5,3,2,130,30,507,124.2,143.2,69.0
739,Hürzeler,5,5,0,0,119,0,0.0,0.0,0.0
758,Knight,5,3,0,0,0,0,0.0,0.0,0.0
763,Cashin,5,2,0,-2,1,19,7.0,0.6,0.0
791,Charlie Tasker,5,2,0,0,0,0,0.0,0.0,0.0
794,Freddie Simmonds,5,2,0,0,0,0,0.0,0.0,0.0
795,Harry Howell,5,3,0,5,1,6,2.0,0.9,6.0
150,Andrey Santos,6,3,0,0,0,0,0.0,0.0,0.0
151,Ângelo,6,3,0,0,0,0,0.0,0.0,0.0
153,B.Badiashile,6,2,0,35,7,332,66.0,12.6,0.0
154,Bergström,6,1,0,0,0,0,0.0,0.0,0.0
155,Bettinelli,6,1,0,0,0,0,0.0,0.0,0.0
157,Caicedo,6,3,4,650,98,3351,627.6,568.8,95.0
158,Casadei,6,3,0,0,0,0,0.0,0.0,0.0
159,Chalobah,6,2,11,379,93,1969,496.4,124.2,222.0
161,Chukwuemeka,6,3,0,0,0,0,0.0,0.0,0.0
162,Colwill,6,2,6,461,109,3150,692.0,214.3,185.0
163,Cucurella,6,2,14,533,133,2988,668.6,350.6,358.0
164,D.D.Fofana,6,4,0,0,0,0,0.0,0.0,0.0
165,Deivid,6,4,0,0,0,0,0.0,0.0,0.0
166,Dewsbury-Hall,6,3,1,71,18,257,57.4,47.4,21.0
168,Enzo,6,3,11,691,135,2943,761.6,1131.6,517.0
169,Gallagher,6,3,0,0,0,0,0.0,0.0,0.0
170,Gilchrist,6,2,0,0,0,0,0.0,0.0,0.0
171,Gusto,6,2,2,285,60,1853,336.8,394.6,147.0
172,James,6,2,5,223,54,1057,207.6,202.1,56.0
173,Kellyman,6,3,0,0,0,0,0.0,0.0,0.0
174,Lavia,6,3,0,125,26,792,113.2,121.7,7.0
175,Lukaku,6,4,0,0,0,0,0.0,0.0,0.0
176,M.Sarr,6,2,0,0,0,0,0.0,0.0,0.0
177,Madueke,6,3,12,425,120,2028,479.2,475.1,998.0
178,Marc Guiu,6,4,0,11,3,71,4.4,11.8,6.0
179,Mudryk,6,3,0,26,7,145,23.2,31.5,31.0
180,N.Jackson,6,4,17,417,121,2220,546.4,368.3,976.0
181,Nkunku,6,3,5,190,60,904,230.2,204.9,339.0
182,Palmer,6,3,35,952,214,3193,1068.2,1259.2,1052.0
183,Petrović,6,1,0,0,0,0,0.0,0.0,0.0
184,Renato Veiga,6,3,0,22,7,176,30.4,9.2,19.0
185,Sánchez,6,1,11,470,126,2880,755.6,20.0,0.0
187,Tosin,6,2,7,305,71,1403,352.2,48.2,92.0
189,W.Fofana,6,2,2,162,26,1172,200.2,85.0,33.0
386,Sancho,6,3,3,367,86,1754,340.0,523.2,414.0
560,Neto,6,3,9,434,104,2262,492.0,762.7,545.0
575,Wiley,6,2,0,0,0,0,0.0,0.0,0.0
581,Jørgensen,6,1,0,59,18,540,157.6,0.0,0.0
621,João Félix,6,3,0,90,24,362,88.0,95.4,141.0
695,Rak-Sakyi,6,3,0,0,0,0,0.0,0.0,0.0
696,George,6,3,0,55,17,177,67.4,72.7,32.0
697,Acheampong,6,2,0,8,4,168,13.6,2.5,13.0
740,Maresca,6,5,0,0,94,0,0.0,0.0,0.0
771,Amougou,6,3,0,2,1,7,1.0,0.9,0.0
774,Anselmino,6,2,0,0,0,0,0.0,0.0,0.0
781,Mheuka,6,4,0,5,1,1,3.0,0.0,17.0
782,Samuels-Smith,6,2,0,0,0,0,0.0,0.0,0.0
787,Genesis Antwi,6,2,0,0,0,0,0.0,0.0,0.0
11,Nketiah,7,4,4,186,53,1018,192.2,163.7,475.0
160,Chilwell,7,2,0,54,13,254,99.6,69.2,37.0
190,Ahamada,7,3,0,0,0,0,0.0,0.0,0.0
193,C.Doucouré,7,3,0,71,19,443,58.6,25.7,23.0
194,C.Richards,7,2,2,249,68,1921,470.8,45.0,181.0
195,Chadi Riad,7,2,0,3,1,90,18.2,1.3,0.0
196,Clyne,7,2,0,48,18,477,66.6,51.8,8.0
197,Ebiowei,7,3,0,0,0,0,0.0,0.0,0.0
199,Eze,7,3,15,605,148,2588,685.0,849.2,691.0
200,Guéhi,7,2,11,492,116,3059,827.0,237.6,247.0
201,Henderson,7,1,8,466,135,3420,853.6,30.0,4.0
202,Holding,7,2,0,0,0,0,0.0,0.0,0.0
203,Hughes,7,3,3,278,67,2100,335.2,462.6,90.0
205,Kamada,7,3,0,246,45,1545,219.2,314.1,145.0
206,Lerma,7,3,2,326,58,2270,401.4,190.2,197.0
207,Mateta,7,4,27,576,150,2642,671.6,405.4,800.0
208,M.França,7,3,0,34,9,52,48.4,1.2,66.0
209,Matthews,7,1,0,0,0,0,0.0,0.0,0.0
210,Mitchell,7,2,4,455,123,3090,630.8,559.1,170.0
211,Muñoz,7,2,9,480,142,3229,816.6,634.2,524.0
212,Ozoh,7,3,0,0,0,0,0.0,0.0,0.0
213,Rak-Sakyi,7,3,0,0,0,0,0.0,0.0,0.0
214,Schlupp,7,3,0,43,12,95,22.8,42.9,46.0
215,Ward,7,2,0,-3,1,71,5.8,10.3,0.0
216,Wharton,7,3,0,244,42,1314,261.2,381.4,69.0
445,Turner,7,1,0,0,0,0,0.0,0.0,0.0
585,I.Sarr,7,3,14,542,149,2708,675.0,618.0,866.0
644,Umeh-Chibueze,7,3,0,0,0,0,0.0,0.0,0.0
645,Devenny,7,3,1,129,34,494,138.8,101.8,90.0
646,Agbinone,7,3,0,4,2,4,4.0,10.6,1.0
647,Rodney,7,3,0,0,0,0,0.0,0.0,0.0
650,Lacroix,7,2,9,463,114,3116,723.8,113.7,277.0
666,Kporha,7,2,0,1,2,11,8.0,4.6,0.0
676,Marsh,7,4,0,0,0,0,0.0,0.0,0.0
730,Esse,7,3,3,72,22,138,74.8,38.4,51.0
741,Glasner,7,5,0,0,128,0,0.0,0.0,0.0
156,Broja,8,4,0,23,12,327,20.2,53.8,43.0
217,A.Doucoure,8,3,5,333,94,2563,352.6,379.4,348.0
218,Beto,8,4,11,295,87,1521,373.2,163.9,666.0
219,Branthwaite,8,2,3,420,88,2509,624.6,57.7,130.0
220,Calvert-Lewin,8,4,3,157,63,1602,200.2,126.1,573.0
221,Coleman,8,2,0,17,5,214,42.4,3.8,23.0
222,Gana,8,3,5,505,89,3063,522.0,327.2,117.0
223,Garner,8,3,0,244,42,1590,264.8,248.2,93.0
224,Harrison,8,3,4,291,81,2068,277.0,527.7,288.0
225,Holgate,8,2,0,-1,1,5,0.0,0.0,0.0
226,Iroegbunam,8,3,0,82,22,562,122.2,40.9,32.0
227,J.Virginia,8,1,0,0,0,0,0.0,0.0,0.0
228,Keane,8,2,4,139,48,1046,306.6,23.2,123.0
229,Maupay,8,4,0,0,0,0,0.0,0.0,0.0
230,McNeil,8,3,9,401,93,1366,392.0,631.8,207.0
231,Mykolenko,8,2,9,467,121,3082,621.4,428.5,100.0
232,Ndiaye,8,4,21,552,114,2426,598.0,326.4,493.0
234,Patterson,8,2,0,47,14,342,71.6,70.3,12.0
235,Pickford,8,1,15,593,158,3420,1052.0,20.3,0.0
236,Tarkowski,8,2,8,468,105,2922,859.0,188.8,217.0
237,Y. Chermiti,8,4,0,9,3,42,2.4,0.6,27.0
238,Young,8,2,9,354,98,1864,431.2,388.2,46.0
450,Alcaraz,8,3,5,191,44,766,219.4,205.7,227.0
577,Lindstrøm,8,3,0,167,44,1229,214.2,309.6,237.0
582,O'Brien,8,2,5,233,65,1568,341.4,108.9,109.0
603,Armstrong,8,3,0,1,2,47,1.8,10.9,9.0
614,Metcalfe,8,3,0,0,0,0,0.0,0.0,0.0
624,Begovic,8,1,0,0,0,0,0.0,0.0,0.0
627,Dixon,8,2,0,0,0,90,15.4,0.3,0.0
651,Mangala,8,3,0,175,39,1257,172.8,133.5,106.0
678,Bates,8,3,0,0,0,0,0.0,0.0,0.0
724,Sherif,8,4,0,0,0,0,0.0,0.0,0.0
742,Moyes,8,5,0,0,137,0,0.0,0.0,0.0
773,Heath,8,3,0,0,0,0,0.0,0.0,0.0
775,Coby Ebere,8,3,0,0,0,0,0.0,0.0,0.0
803,Welch,8,2,0,0,0,0,0.0,0.0,0.0
10,Nelson,9,3,2,143,27,483,131.6,223.9,195.0
19,Smith Rowe,9,3,15,449,114,2036,433.8,422.3,386.0
191,Andersen,9,2,3,306,51,2673,687.6,99.0,162.0
239,Adama,9,3,8,384,95,1756,385.4,632.1,426.0
240,Andreas,9,3,2,355,81,2004,326.6,868.3,300.0
241,Bassey,9,2,0,390,75,3074,587.2,96.7,157.0
242,Benda,9,1,0,0,0,0,0.0,0.0,0.0
243,Cairney,9,3,0,192,33,610,163.8,213.8,94.0
244,Castagne,9,2,0,205,46,1642,360.4,163.6,123.0
245,Diop,9,2,0,146,31,1334,257.6,44.7,83.0
246,Harris,9,3,0,0,0,0,0.0,0.0,0.0
247,Iwobi,9,3,16,704,156,2981,806.8,922.4,699.0
248,Leno,9,1,5,475,115,3420,967.0,20.0,0.0
249,Lukić,9,3,1,354,56,2348,335.6,455.1,119.0
250,Mbabu,9,2,0,0,0,0,0.0,0.0,0.0
251,Muniz,9,4,14,349,86,943,352.4,95.3,508.0
252,Raúl,9,4,26,539,147,2486,612.8,372.2,1018.0
253,Ream,9,2,0,0,0,0,0.0,0.0,0.0
254,Reed,9,3,0,36,10,100,18.6,20.6,33.0
255,Robinson,9,2,8,507,106,3166,922.2,723.4,206.0
256,Stansfield,9,4,0,2,1,1,0.0,0.0,0.0
257,Tete,9,2,0,207,49,1773,381.2,192.2,158.0
258,Vinicius,9,4,0,14,3,13,4.0,0.0,19.0
259,Wilson,9,3,6,329,78,1148,334.6,310.2,440.0
579,Sessegnon,9,2,5,137,57,574,284.0,158.8,227.0
586,J.Cuenca,9,2,0,38,9,349,81.2,2.3,4.0
604,King,9,3,0,30,10,126,26.2,45.7,38.0
605,Godo,9,3,0,4,2,21,3.4,12.0,14.0
622,Berge,9,3,2,334,53,2221,314.4,285.7,51.0
690,Amissah,9,2,0,0,0,0,0.0,0.0,0.0
753,Silva,9,5,0,0,94,0,0.0,0.0,0.0
772,Willian,9,3,0,54,13,251,36.2,133.3,25.0
121,Enciso,10,3,5,224,59,1155,250.8,268.9,362.0
260,Al-Hamadi,10,4,0,15,8,125,5.6,25.7,32.0
261,Baggott,10,2,0,0,0,0,0.0,0.0,0.0
262,Broadhead,10,3,1,137,37,690,148.2,111.0,155.0
263,Burgess,10,2,0,122,26,1540,422.0,87.2,103.0
264,Burns,10,3,0,144,30,922,111.6,148.5,66.0
265,Chaplin,10,3,0,139,41,845,106.6,152.1,108.0
266,H.Clarke,10,2,0,-5,1,377,48.2,24.4,35.0
267,Davis,10,2,5,174,52,2742,486.8,865.4,145.0
268,Delap,10,4,22,472,132,2587,513.0,290.5,783.0
269,Edmundson,10,2,0,3,1,1,0.0,0.0,0.0
270,Greaves,10,2,0,171,37,2205,592.8,77.2,157.0
271,Harness,10,3,0,4,2,43,9.4,1.9,6.0
272,Hirst,10,4,3,157,46,645,146.4,64.5,207.0
273,Humphreys,10,3,0,0,0,0,0.0,0.0,0.0
274,Hutchinson,10,3,6,352,88,2585,383.2,487.5,443.0
275,Johnson,10,2,2,23,30,1346,276.6,177.2,92.0
276,Ladapo,10,4,0,0,0,0,0.0,0.0,0.0
277,Luongo,10,3,0,47,13,195,34.4,6.6,4.0
278,Morsy,10,3,5,421,67,2749,417.0,374.0,47.0
279,Ndaba,10,2,0,0,0,0,0.0,0.0,0.0
280,Slicker,10,1,0,0,0,0,0.0,0.0,0.0
281,Taylor,10,3,1,144,38,837,142.0,100.5,84.0
282,Tuanzebe,10,2,0,80,27,1710,284.4,93.4,25.0
283,Walton,10,1,2,42,16,630,163.2,10.0,0.0
284,Woolfenden,10,2,0,93,18,1187,258.4,6.7,8.0
359,Phillips,10,3,0,167,27,1231,181.8,116.2,41.0
568,Muric,10,1,5,186,49,1620,531.2,0.0,0.0
569,Jaden,10,3,3,116,37,796,159.0,98.2,190.0
583,Townsend,10,2,0,43,11,334,110.2,56.0,13.0
611,Szmodics,10,3,2,167,54,988,216.0,93.0,263.0
619,Cajuste,10,3,2,309,63,1960,284.0,209.2,59.0
630,O'Shea,10,2,1,231,49,3122,862.8,59.9,195.0
631,J.Clarke,10,3,0,221,53,1161,230.8,341.7,151.0
632,Ogbene,10,3,0,29,7,237,22.8,30.2,12.0
715,Godfrey,10,2,0,-27,-1,158,15.0,2.3,2.0
743,McKenna,10,5,0,0,51,0,0.0,0.0,0.0
764,Palmer,10,1,0,94,22,1170,356.8,10.0,0.0
799,Boniface,10,2,0,0,0,0,0.0,0.0,0.0
800,Tom Taylor,10,3,0,0,0,0,0.0,0.0,0.0
117,Buonanotte,11,3,6,299,75,1508,415.8,415.8,318.0
192,J.Ayew,11,3,3,279,75,1649,304.4,316.9,311.0
198,Edouard,11,4,0,14,7,141,5.0,25.0,50.0
285,B.Soumaré,11,3,0,327,48,2165,294.2,261.8,47.0
286,Cannon,11,4,0,0,0,0,0.0,0.0,0.0
287,Choudhury,11,3,0,29,4,129,33.8,30.4,6.0
288,Coady,11,2,3,144,39,1712,378.8,33.0,62.0
289,Daka,11,4,2,108,34,717,86.0,41.7,148.0
290,De Cordova-Reid,11,3,2,145,48,734,102.2,84.4,72.0
291,Faes,11,2,2,241,55,2812,678.0,68.5,121.0
292,Golding,11,3,0,3,1,1,0.0,0.0,0.0
293,Hermansen,11,1,1,231,63,2385,827.0,0.2,0.0
294,Iversen,11,1,0,0,0,0,0.0,0.0,0.0
295,Justin,11,2,6,218,70,2912,615.2,258.5,202.0
296,Kristiansen,11,2,0,153,34,2481,519.4,358.6,40.0
297,Marcal,11,3,0,0,0,0,0.0,0.0,0.0
298,Mavididi,11,3,5,270,72,1606,339.2,375.3,302.0
299,McAteer,11,3,0,125,35,846,147.2,132.5,184.0
300,Ndidi,11,3,1,375,64,2325,546.4,302.2,280.0
301,Okoli,11,2,1,106,27,1122,318.6,15.2,73.0
302,Ricardo,11,2,0,46,10,382,67.8,18.7,19.0
303,Souttar,11,2,0,0,0,0,0.0,0.0,0.0
304,Stolarczyk,11,1,0,104,25,900,228.4,0.0,0.0
305,Thomas,11,2,0,144,27,1109,226.4,144.5,34.0
306,Vardy,11,4,18,464,128,2825,490.8,270.8,742.0
307,Vestergaard,11,2,0,86,11,1390,321.0,46.6,53.0
308,Ward,11,1,0,-5,2,135,35.4,0.0,0.0
309,Winks,11,3,0,282,40,1536,272.8,319.6,37.0
501,Skipp,11,3,0,121,27,1118,119.4,146.0,35.0
570,A.Fatawu,11,3,3,125,26,576,147.6,104.3,148.0
606,Alves,11,3,0,3,1,1,0.0,0.3,0.0
616,Nelson,11,2,0,0,0,0,0.0,0.0,0.0
635,El Khannouss,11,3,6,376,83,2179,381.6,634.1,191.0
694,Cartwright,11,3,0,0,0,0,0.0,0.0,0.0
708,Wilson-Brown,11,2,0,0,0,0,0.0,0.0,0.0
726,Coulibaly,11,2,0,-4,1,107,24.4,3.4,24.0
754,Van Nistelrooy,11,5,0,0,48,0,0.0,0.0,0.0
792,Monga,11,3,0,29,7,105,20.6,12.6,19.0
796,Olabade Aluko,11,2,0,3,1,1,2.0,0.2,0.0
797,Jake Evans,11,3,0,13,4,21,3.2,0.2,0.0
802,Braybrooke,11,3,0,0,0,0,0.0,0.0,0.0
310,A.Becker,12,1,9,451,112,2508,628.8,13.0,0.0
311,Alexander-Arnold,12,2,13,603,148,2362,723.8,833.7,268.0
312,Bajcetic,12,3,0,0,0,0,0.0,0.0,0.0
313,Bradley,12,2,3,160,41,744,156.2,110.5,162.0
315,Clark,12,3,0,0,0,0,0.0,0.0,0.0
316,Darwin,12,4,6,244,66,1113,263.8,151.6,404.0
317,Diogo J.,12,3,4,225,87,1182,300.6,169.5,537.0
318,Doak,12,3,0,0,0,0,0.0,0.0,0.0
319,Elliott,12,3,3,120,33,359,118.6,145.8,143.0
320,Endo,12,3,0,82,21,259,57.6,38.2,6.0
321,Gakpo,12,4,22,572,127,1921,597.0,517.7,686.0
322,Gomez,12,2,0,83,14,517,130.4,38.5,58.0
323,Gravenberch,12,3,1,568,92,3160,550.6,473.9,121.0
324,Jones,12,3,4,396,87,1702,397.2,343.7,400.0
325,Kelleher,12,1,1,156,45,900,224.2,0.0,0.0
326,Konaté,12,2,4,487,106,2561,578.0,161.4,133.0
327,Luis Díaz,12,3,21,634,183,2393,770.8,748.0,946.0
328,M.Salah,12,3,55,1133,344,3374,1577.0,1199.2,1985.0
329,Mac Allister,12,3,8,578,122,2597,653.4,731.3,357.0
330,McConnell,12,3,0,0,0,0,0.0,0.0,0.0
331,Morton,12,3,0,0,0,0,0.0,0.0,0.0
332,N.Phillips,12,2,0,0,0,0,0.0,0.0,0.0
333,Quansah,12,2,0,38,9,488,119.4,29.1,15.0
334,R.Williams,12,2,0,0,0,0,0.0,0.0,0.0
335,Robertson,12,2,4,397,91,2479,395.4,668.7,182.0
336,Szoboszlai,12,3,14,605,143,2485,589.8,794.8,601.0
337,Tsimikas,12,2,3,217,43,829,202.0,260.7,60.0
339,Virgil,12,2,8,631,143,3330,932.6,206.6,299.0
636,Chiesa,12,3,0,16,7,103,9.0,23.5,36.0
660,Jaros,12,1,0,6,1,11,8.8,0.0,0.0
669,Davies,12,1,0,0,0,0,0.0,0.0,0.0
688,Nyoni,12,3,0,0,0,0,0.0,0.0,0.0
692,Nallo,12,2,0,0,0,0,0.0,0.0,0.0
709,Danns,12,4,0,2,1,10,0.0,0.3,0.0
744,Slot,12,5,0,0,118,0,0.0,0.0,0.0
340,Akanji,13,2,1,307,61,2012,339.8,249.8,100.0
341,Aké,13,2,0,121,25,677,104.6,33.7,20.0
342,Bernardo,13,3,13,568,110,2667,603.0,800.4,532.0
343,Bobb,13,3,0,13,3,14,4.4,12.6,0.0
344,Carson,13,1,0,0,0,0,0.0,0.0,0.0
345,De Bruyne,13,3,12,462,114,1694,466.6,920.0,411.0
346,Doku,13,3,3,425,88,1506,453.8,515.9,528.0
347,Ederson M.,13,1,9,400,111,2320,567.0,43.0,0.0
348,Foden,13,3,10,454,105,1771,448.0,749.0,449.0
349,Grealish,13,3,4,187,38,710,157.2,321.4,234.0
350,Gvardiol,13,2,15,623,153,3278,847.0,501.7,497.0
351,Haaland,13,4,26,795,181,2736,946.0,359.4,1511.0
352,J.Alvarez,13,4,0,0,0,0,0.0,0.0,0.0
353,João Cancelo,13,2,0,0,0,0,0.0,0.0,0.0
354,Kovačić,13,3,13,542,109,2194,606.4,579.3,204.0
355,Lewis,13,2,1,285,66,1888,293.8,218.6,139.0
356,Matheus N.,13,3,6,373,81,1670,370.4,422.4,206.0
357,McAtee,13,3,0,102,31,340,113.0,64.6,136.0
358,Ortega Moreno,13,1,0,144,35,1099,292.6,0.0,0.0
360,Rodrigo,13,3,0,21,3,72,12.2,17.5,0.0
361,Rúben,13,2,7,410,90,2269,478.2,173.8,150.0
362,Stones,13,2,2,92,29,544,155.6,49.8,70.0
363,Walker,13,2,0,63,13,966,157.4,147.7,29.0
571,Savinho,13,3,15,442,106,1760,415.2,682.9,671.0
607,O’Reilly,13,3,4,118,31,525,133.4,76.2,112.0
625,Gündogan,13,3,5,460,97,2218,387.0,781.3,273.0
626,Kaboré,13,2,0,0,0,0,0.0,0.0,0.0
671,Wright,13,3,0,0,0,0,0.0,0.0,0.0
672,Simpson-Pusey,13,2,0,7,1,95,19.6,2.2,2.0
675,Wilson-Esbrand,13,2,0,0,0,0,0.0,0.0,0.0
698,Mubama,13,4,0,2,1,27,0.2,0.1,5.0
703,Alleyne,13,2,0,0,0,0,0.0,0.0,0.0
704,Brits,13,1,0,0,0,0,0.0,0.0,0.0
732,Khusanov,13,2,0,78,14,503,102.0,33.9,4.0
733,Vitor Reis,13,2,0,4,1,1,3.2,0.0,0.0
736,Guardiola,13,5,0,0,113,0,0.0,0.0,0.0
755,Marmoush,13,4,12,326,73,1174,318.0,246.7,410.0
765,N.Gonzalez,13,3,0,123,31,760,137.2,78.7,62.0
785,Echeverri,13,3,0,2,1,5,2.2,0.4,0.0
364,Amad,14,3,17,569,129,1898,634.0,687.2,615.0
365,Antony,14,3,0,37,8,135,35.0,50.7,74.0
366,B.Fernandes,14,3,28,810,174,3017,1017.8,1407.7,587.0
367,Bayindir,14,1,0,22,8,360,80.0,0.0,0.0
368,Casemiro,14,3,3,300,48,1489,433.2,348.2,265.0
369,Dalot,14,2,9,352,95,2812,493.2,434.2,258.0
370,Eriksen,14,3,0,228,45,1052,235.8,474.3,79.0
371,Evans,14,2,3,71,15,312,66.6,5.3,23.0
372,Garnacho,14,3,7,370,106,2188,454.0,532.2,904.0
373,Hannibal,14,3,0,0,0,0,0.0,0.0,0.0
374,Heaton,14,1,0,0,0,0,0.0,0.0,0.0
375,Højlund,14,4,8,246,78,1998,187.0,254.7,432.0
376,Lindelof,14,2,0,100,27,695,125.4,48.5,8.0
377,Maguire,14,2,3,217,48,1751,409.4,101.2,233.0
378,Mainoo,14,3,0,229,42,1646,196.6,250.8,137.0
379,Malacia,14,2,0,2,2,99,5.2,13.9,0.0
380,Martinez,14,2,5,293,68,1751,426.6,153.9,158.0
381,McTominay,14,3,0,4,2,17,3.2,0.3,5.0
382,Mount,14,3,0,74,25,613,104.0,140.0,218.0
383,Onana,14,1,8,443,120,3060,733.0,13.0,0.0
384,Pellistri,14,3,0,0,0,0,0.0,0.0,0.0
387,Shaw,14,2,0,38,5,346,48.2,68.2,11.0
389,Zirkzee,14,4,6,216,64,1385,222.6,212.0,351.0
572,Yoro,14,2,0,90,22,1160,207.4,55.8,54.0
593,De Ligt,14,2,3,312,68,2119,518.4,88.7,303.0
594,Mazraoui,14,2,5,410,88,2836,619.4,332.7,123.0
613,Collyer,14,3,0,40,6,174,40.4,29.9,8.0
648,Wheatley,14,4,0,0,0,0,0.0,0.0,0.0
652,Ugarte,14,3,1,318,49,1777,313.6,195.9,113.0
658,Heaven,14,2,2,47,10,169,43.4,12.9,10.0
667,Fletcher,14,3,0,0,0,0,0.0,0.0,0.0
670,Amass,14,2,0,1,4,345,40.0,26.5,15.0
673,Fitzgerald,14,3,0,0,0,0,0.0,0.0,0.0
691,Kukonki,14,2,0,0,0,0,0.0,0.0,0.0
745,Amorim,14,5,0,0,86,0,0.0,0.0,0.0
761,Harrison,14,1,0,0,0,0,0.0,0.0,0.0
766,Dorgu,14,2,1,108,18,840,106.4,175.3,112.0
776,Obi,14,4,0,21,7,160,8.2,5.1,46.0
777,Fredricson,14,2,0,16,2,166,37.4,4.9,2.0
778,Moorhouse,14,3,0,0,0,0,0.0,0.0,0.0
779,Koné,14,3,0,0,0,0,0.0,0.0,0.0
783,Graczyk,14,1,0,0,0,0,0.0,0.0,0.0
788,Dermot Mee,14,1,0,0,0,0,0.0,0.0,0.0
390,A.Murphy,15,2,0,0,0,0,0.0,0.0,0.0
391,Almirón,15,3,0,36,10,150,15.2,40.9,57.0
392,Barnes,15,3,13,442,130,1746,522.2,407.1,701.0
393,Botman,15,2,0,95,18,412,110.4,28.4,96.0
394,Bruno G.,15,3,10,661,135,3273,723.0,796.0,454.0
395,Burn,15,2,9,476,115,3330,736.6,123.6,297.0
396,Dúbravka,15,1,2,160,44,900,220.2,0.0,0.0
398,Gordon,15,3,9,476,124,2428,537.0,777.3,655.0
399,Hall,15,2,11,443,102,2188,561.6,561.2,128.0
400,Hayden,15,3,0,0,0,0,0.0,0.0,0.0
401,Isak,15,4,36,848,211,2758,1043.0,573.1,1320.0
402,J.Murphy,15,3,11,601,159,2356,713.4,625.2,519.0
403,Joelinton,15,3,11,374,99,2394,469.8,389.3,465.0
404,Kelly,15,2,0,40,12,299,80.6,29.0,20.0
405,Krafth,15,2,0,55,17,334,59.2,19.7,13.0
406,Kuol,15,3,0,0,0,0,0.0,0.0,0.0
407,Lascelles,15,2,0,0,0,0,0.0,0.0,0.0
408,Lewis,15,2,0,0,0,0,0.0,0.0,0.0
409,Livramento,15,2,6,476,105,2835,567.4,406.2,127.0
410,Longstaff,15,3,0,131,34,783,117.2,78.4,76.0
411,Miley,15,3,1,88,21,304,87.4,33.5,45.0
412,Odysseas,15,1,0,0,0,0,0.0,0.0,0.0
413,Pope,15,1,2,384,102,2520,666.0,10.0,0.0
414,Ruddy,15,1,0,0,0,0,0.0,0.0,0.0
415,Schär,15,2,4,440,118,2935,743.2,111.5,346.0
416,Targett,15,2,0,7,2,20,5.0,5.6,0.0
417,Tonali,15,3,10,536,106,2625,539.4,496.3,299.0
418,Trippier,15,2,8,287,72,1299,319.4,406.8,33.0
419,White,15,3,0,0,0,0,0.0,0.0,0.0
420,Willock,15,3,0,139,46,1065,172.8,273.8,197.0
421,Wilson,15,4,0,42,19,355,13.0,42.2,71.0
574,Pivas,15,2,0,0,0,0,0.0,0.0,0.0
590,Osula,15,4,1,59,19,124,42.4,25.1,37.0
746,Howe,15,5,0,0,97,0,0.0,0.0,0.0
789,Neave,15,4,0,0,0,0,0.0,0.0,0.0
26,Alex Moreno,16,2,1,126,34,952,200.8,134.5,29.0
422,Aina,16,2,15,483,128,2996,578.2,282.3,80.0
423,Anderson,16,3,8,526,107,2726,638.8,605.2,308.0
424,Awoniyi,16,4,0,89,32,398,67.0,40.9,118.0
425,Boly,16,2,0,26,6,146,51.0,0.4,17.0
426,Bowler,16,3,0,0,0,0,0.0,0.0,0.0
427,C.Miguel,16,1,0,0,0,0,0.0,0.0,0.0
428,Da Silva Moreira,16,3,0,9,2,28,5.2,0.3,0.0
429,Danilo,16,3,0,43,11,270,34.6,5.0,0.0
430,Dennis,16,4,0,0,0,0,0.0,0.0,0.0
431,Dominguez,16,3,0,292,54,1954,410.2,247.2,237.0
432,Elanga,16,3,15,535,153,2496,627.0,785.4,582.0
433,Gibbs-White,16,3,18,594,154,2806,680.4,793.7,632.0
434,Hudson-Odoi,16,3,7,454,103,2190,445.6,663.9,405.0
435,Mighten,16,3,0,0,0,0,0.0,0.0,0.0
436,Murillo,16,2,18,541,130,3188,927.2,211.2,201.0
437,N.Williams,16,2,8,435,109,2588,628.4,305.3,244.0
438,O.Richards,16,2,0,0,0,0,0.0,0.0,0.0
439,O'Brien,16,3,0,0,0,0,0.0,0.0,0.0
440,Omobamidele,16,2,0,0,0,0,0.0,0.0,0.0
441,Panzo,16,2,0,0,0,0,0.0,0.0,0.0
442,Sangaré,16,3,0,107,20,584,130.6,80.3,21.0
443,Sels,16,1,11,521,150,3420,942.2,20.2,0.0
444,Toffolo,16,2,0,18,4,135,40.2,4.1,6.0
446,Ui-jo,16,4,0,0,0,0,0.0,0.0,0.0
447,Wood,16,4,41,744,200,2958,838.4,320.0,900.0
448,Worrall,16,2,0,0,0,0,0.0,0.0,0.0
449,Yates,16,3,3,306,67,1901,344.4,241.1,265.0
573,Milenković,16,2,2,499,145,3330,805.2,107.9,361.0
596,Jota Silva,16,3,0,212,52,835,221.8,182.9,239.0
620,Sosa,16,3,0,101,25,280,87.4,103.0,104.0
653,Morato,16,2,2,125,36,891,205.2,10.8,22.0
706,Abbott,16,2,0,0,0,0,0.0,0.0,0.0
721,Hennessey,16,1,0,0,0,0,0.0,0.0,0.0
747,Nuno,16,5,0,0,78,0,0.0,0.0,0.0
14,Ramsdale,17,1,11,315,97,2700,980.6,0.1,0.0
27,Archer,17,4,4,145,57,1421,125.2,102.5,376.0
188,Ugochukwu,17,3,3,209,47,1652,265.0,211.9,84.0
397,Fraser,17,3,0,31,7,303,35.8,26.8,13.0
451,Amo-Ameyaw,17,3,0,1,1,26,4.0,16.1,6.0
452,Aribo,17,3,7,394,72,2007,386.2,293.0,242.0
453,Armstrong,17,4,2,145,45,1246,154.4,143.7,262.0
454,Bazunu,17,1,0,0,0,0,0.0,0.0,0.0
455,Bednarek,17,2,3,283,60,2531,770.6,78.3,71.0
456,Bella-Kotchap,17,2,0,7,2,329,64.6,2.3,4.0
457,Bree,17,2,0,95,23,1070,187.4,159.4,43.0
458,Charles,17,3,0,0,0,0,0.0,0.0,0.0
459,Edozie,17,3,0,6,1,64,9.8,19.0,22.0
460,Edwards,17,2,0,-1,1,12,5.0,0.1,0.0
461,Harwood-Bellis,17,2,2,268,55,2824,727.0,218.3,252.0
462,Kamaldeen,17,3,2,163,53,1394,187.2,182.4,290.0
463,Lallana,17,3,1,74,17,352,81.2,82.4,21.0
464,Larios,17,2,0,0,0,0,0.0,0.0,0.0
465,Lis,17,1,0,0,0,0,0.0,0.0,0.0
466,Lumley,17,1,0,22,8,270,102.2,0.0,0.0
467,Manning,17,2,0,162,34,1458,307.4,498.3,71.0
468,Mara,17,4,0,0,0,0,0.0,0.0,0.0
469,McCarthy,17,1,0,32,12,450,166.4,0.0,0.0
470,Onuachu,17,4,4,151,51,1038,219.8,127.3,479.0
471,Smallbone,17,3,0,119,26,679,112.6,163.3,64.0
472,Stephens,17,2,2,112,31,1389,291.8,71.6,51.0
473,Stewart,17,4,3,59,20,382,54.4,15.4,96.0
474,Sugawara,17,2,0,116,43,1548,315.4,291.3,137.0
475,Taylor,17,2,0,26,6,353,102.0,27.8,4.0
476,Walker-Peters,17,2,3,240,54,2918,503.8,406.8,237.0
477,Wood,17,2,2,54,14,771,137.8,20.3,16.0
515,Cornet,17,3,0,12,1,71,11.6,3.5,7.0
518,Downes,17,3,0,312,48,2149,297.6,292.2,118.0
584,Brereton Díaz,17,3,0,43,13,446,21.8,63.6,81.0
608,Dibling,17,3,4,247,68,1863,261.0,344.5,264.0
623,M.Fernandes,17,3,8,513,95,2911,553.4,649.5,372.0
693,O'Brien-Whitmarsh,17,3,0,0,0,0,0.0,0.0,0.0
718,Welington,17,2,0,53,14,478,120.2,58.4,11.0
719,Kayi Sanda,17,2,0,3,2,12,3.2,0.3,2.0
734,Grønbæk,17,3,0,13,6,141,15.8,11.4,9.0
748,Rusk,17,5,0,0,38,0,0.0,0.0,0.0
798,Jay Robinson,17,4,0,19,5,134,21.8,34.4,29.0
804,Moore,17,2,0,0,0,0,0.0,0.0,0.0
82,Solanke,18,4,7,404,108,2199,505.8,199.8,729.0
478,A.Phillips,18,2,0,0,0,0,0.0,0.0,0.0
479,Austin,18,1,0,7,1,90,20.0,0.0,0.0
480,Bentancur,18,3,1,293,49,1640,324.6,208.5,165.0
481,Bergvall,18,3,0,216,44,1200,237.2,218.7,97.0
482,Bissouma,18,3,4,258,50,1396,283.8,133.8,59.0
483,Bryan,18,3,0,0,0,0,0.0,0.0,0.0
484,Davies,18,2,0,154,28,1329,343.6,42.1,49.0
485,Devine,18,3,0,0,0,0,0.0,0.0,0.0
486,Dragusin,18,2,0,96,24,1250,256.4,58.1,47.0
487,E.Royal,18,2,0,0,0,0,0.0,0.0,0.0
488,Forster,18,1,0,64,19,630,221.0,0.0,0.0
489,Gray,18,3,0,253,45,1750,254.6,71.4,15.0
490,Højbjerg,18,3,0,0,0,0,0.0,0.0,0.0
491,Johnson,18,3,13,461,137,2171,559.6,295.0,761.0
492,Kulusevski,18,3,9,426,117,2386,613.6,843.8,733.0
493,Lo Celso,18,3,0,0,0,0,0.0,0.0,0.0
494,Maddison,18,3,15,592,133,1799,683.4,702.3,495.0
495,Pedro Porro,18,2,6,456,98,2606,778.4,932.9,200.0
496,Reguilón,18,2,0,20,2,194,33.4,25.2,13.0
497,Richarlison,18,4,0,138,35,497,180.8,57.1,243.0
498,Romero,18,2,3,245,49,1416,343.2,113.1,232.0
499,P.M.Sarr,18,3,4,365,71,1901,398.4,257.2,220.0
500,Scarlett,18,4,0,20,6,31,24.4,11.0,17.0
502,Solomon,18,3,0,0,0,0,0.0,0.0,0.0
503,Son,18,3,12,543,129,2106,629.6,734.9,707.0
504,Spence,18,2,6,216,51,1790,433.0,226.6,100.0
505,Udogie,18,2,0,233,43,1923,354.8,256.5,132.0
506,Van de Ven,18,2,2,139,32,1014,212.0,39.4,57.0
507,Veliz,18,4,0,0,0,0,0.0,0.0,0.0
508,Vicario,18,1,2,293,66,2160,587.8,0.0,0.0
509,Werner,18,3,2,120,34,504,114.6,148.0,113.0
510,Whiteman,18,1,0,0,0,0,0.0,0.0,0.0
609,Lankshear,18,4,0,7,3,10,0.0,0.0,0.0
610,Moore,18,3,0,51,19,359,33.2,45.2,34.0
612,Odobert,18,3,3,92,34,843,101.2,108.6,156.0
683,Olusesi,18,3,0,0,0,0,0.0,0.0,0.0
684,Hardy,18,2,0,0,0,0,0.0,0.0,0.0
689,Williams-Barnett,18,3,0,0,0,0,0.0,0.0,0.0
699,Dorrington,18,2,0,4,1,13,1.0,0.2,0.0
700,King,18,2,0,0,0,0,0.0,0.0,0.0
716,Kinsky,18,1,0,86,17,540,208.2,10.1,0.0
717,Yang,18,3,0,0,0,0,0.0,0.0,0.0
729,Ajayi,18,3,0,0,0,0,0.0,0.0,0.0
749,Postecoglou,18,5,0,0,58,0,0.0,0.0,0.0
760,Cassanova,18,2,0,0,0,0,0.0,0.0,0.0
767,Danso,18,2,0,104,16,842,242.0,34.4,72.0
768,Tel,18,3,2,151,42,908,183.8,208.3,236.0
123,Ferguson,19,4,2,97,28,385,80.0,68.5,104.0
388,Wan-Bissaka,19,2,15,496,118,3154,807.4,531.5,188.0
511,Álvarez,19,3,0,221,40,1769,281.8,213.9,51.0
512,Antonio,19,4,3,111,42,834,72.0,139.5,194.0
513,Areola,19,1,1,261,69,2259,619.8,0.0,0.0
514,Bowen,19,3,21,678,193,2974,903.0,737.8,1081.0
516,Coufal,19,2,1,89,27,1056,204.0,142.0,70.0
517,Cresswell,19,2,3,159,36,818,148.4,152.3,14.0
519,Earthy,19,3,0,0,0,0,0.0,0.0,0.0
520,Emerson,19,2,4,219,76,2108,420.4,310.9,173.0
521,Fabianski,19,1,2,143,39,1160,387.8,0.3,0.0
522,Foderingham,19,1,0,0,0,0,0.0,0.0,0.0
523,Ings,19,4,4,110,32,270,97.0,76.5,159.0
524,Kilman,19,2,5,395,82,3348,832.6,203.3,149.0
525,Kudus,19,3,5,373,106,2589,471.6,552.5,752.0
526,L.Guilherme,19,3,0,47,12,139,27.6,49.1,32.0
527,L.Paquetá,19,3,5,375,80,2374,433.2,627.7,267.0
528,Mavropanos,19,2,4,234,45,2035,497.0,74.9,160.0
529,N.Aguerd,19,2,0,0,0,0,0.0,0.0,0.0
530,Souček,19,3,15,442,126,2563,672.6,231.8,643.0
531,Ward-Prowse,19,3,2,293,51,1433,282.4,378.3,138.0
532,Zouma,19,2,0,0,0,0,0.0,0.0,0.0
576,Irving,19,3,0,38,9,161,37.6,26.5,17.0
587,Summerville,19,3,2,129,33,776,156.4,246.1,186.0
588,G.Rodríguez,19,3,0,193,36,1147,205.4,79.7,29.0
589,Füllkrug,19,4,3,152,42,783,187.2,173.3,221.0
591,Todibo,19,2,1,233,54,1824,373.0,37.1,35.0
643,Casey,19,2,0,3,1,1,2.0,0.0,0.0
654,C.Soler,19,3,2,216,47,1394,189.0,295.8,186.0
677,Scarles,19,2,2,98,29,659,106.4,54.3,24.0
686,Mayers,19,2,0,0,0,0,0.0,0.0,0.0
701,Orford,19,3,0,13,2,47,6.4,27.6,6.0
750,Potter,19,5,0,0,84,0,0.0,0.0,0.0
204,Johnstone,20,1,0,42,12,630,193.8,10.0,0.0
533,Aït-Nouri,20,2,13,447,125,3112,778.4,694.3,435.0
534,B.Traore,20,3,0,3,1,1,4.0,0.0,0.0
535,Bellegarde,20,3,5,332,90,1666,355.6,422.8,200.0
536,Bentley,20,1,1,29,9,180,60.0,0.0,0.0
537,Chiquinho,20,3,0,4,1,6,3.0,14.3,2.0
538,Chirewa,20,3,0,0,0,0,0.0,0.0,0.0
539,Chiwome,20,4,0,0,0,0,0.0,0.0,0.0
540,Cundle,20,3,0,0,0,0,0.0,0.0,0.0
541,Cunha,20,4,41,838,178,2596,936.2,847.8,940.0
542,Dawson,20,2,1,57,17,969,204.2,31.3,55.0
543,Doherty,20,2,4,307,75,2105,502.2,179.9,135.0
544,Doyle,20,3,0,128,28,474,114.6,101.7,34.0
545,Fábio Silva,20,4,0,0,0,0,0.0,0.0,0.0
546,Fraser,20,4,0,0,0,0,0.0,0.0,0.0
547,Gonzalez,20,3,0,0,0,0,0.0,0.0,0.0
548,Guedes,20,3,2,187,62,979,215.8,213.9,217.0
549,H.Bueno,20,2,0,0,0,0,0.0,0.0,0.0
550,Hee Chan,20,3,0,130,37,646,111.6,72.7,84.0
551,Hodge,20,3,0,0,0,0,0.0,0.0,0.0
552,Hoever,20,2,0,0,0,0,0.0,0.0,0.0
553,J.Gomes,20,3,7,489,87,2975,513.4,428.9,231.0
554,José Sá,20,1,4,305,93,2610,603.4,30.0,0.0
555,Kalajdžić,20,4,0,0,0,0,0.0,0.0,0.0
556,King,20,1,0,3,1,1,0.0,0.0,0.0
557,Mario Jr.,20,3,5,252,47,1363,356.8,166.7,120.0
558,Mosquera,20,2,0,24,3,441,110.2,27.3,21.0
559,N.Semedo,20,2,0,302,84,2889,504.6,404.9,149.0
561,Pedro Lima,20,2,0,9,2,69,23.4,34.8,11.0
562,Podence,20,3,0,9,2,46,3.0,1.1,1.0
563,R.Gomes,20,3,0,183,42,794,186.6,180.2,113.0
564,S.Bueno,20,2,2,174,52,1678,345.4,15.8,80.0
565,Sarabia,20,3,3,175,50,800,217.6,245.9,177.0
566,Strand Larsen,20,4,17,570,145,2587,646.8,303.4,848.0
567,Toti,20,2,8,370,79,2613,617.2,144.2,102.0
637,Meupiyou,20,2,0,0,0,0,0.0,0.0,0.0
642,André,20,3,1,436,61,2472,383.2,285.5,30.0
655,Forbs,20,3,0,35,9,236,25.8,24.2,35.0
664,Pond,20,2,0,3,1,1,0.0,0.0,0.0
682,Edozie,20,3,0,0,0,0,0.0,0.0,0.0
711,Okoduwa,20,2,0,0,0,0,0.0,0.0,0.0
720,Agbadou,20,2,1,223,45,1410,395.2,57.3,67.0
751,Pereira,20,5,0,0,111,0,0.0,0.0,0.0
769,Djiga,20,2,0,11,4,65,5.6,2.1,0.0
770,Munetsi,20,3,4,134,50,1077,176.8,132.9,212.0
784,Mané,20,4,0,3,1,1,0.0,0.3,0.0
