id,web_name,team,element_type,now_cost,total_points,points_per_game,value_season,minutes,form
5,Hein,1,1,40,0,0.0,0.0,0,0.0
7,Jorginho,1,3,46,20,1.3,4.3,701,0.2
8,Kiwior,1,2,49,43,2.5,8.8,1117,2.8
12,Nwaneri,1,3,43,66,2.5,15.3,882,0.8
20,Thomas,1,3,49,108,3.1,22.0,2793,2.2
21,Tierney,1,2,43,27,2.1,6.3,250,3.0
22,Tomiyasu,1,2,48,1,1.0,0.2,6,0.0
25,Zinchenko,1,2,48,40,2.7,8.3,518,1.0
73,Neto,1,1,41,7,3.5,1.7,180,0.0
597,Lewis-Skelly,1,3,45,37,1.6,8.2,1362,1.8
638,Oulad M'hand,1,3,45,0,0.0,0.0,0,0.0
639,Setford,1,1,45,0,0.0,0.0,0,0.0
657,Kacurri,1,2,40,0,0.0,0.0,0,0.0
659,Kabia,1,3,45,0,0.0,0.0,0,0.0
662,Nichols,1,2,40,0,0.0,0.0,0,0.0
665,Butler-Oyedeji,1,4,45,1,1.0,0.2,6,0.0
735,Arteta,1,5,15,104,0.0,69.3,0,5.8
756,Porter,1,1,40,0,0.0,0.0,0,0.0
790,Gower,1,3,45,0,0.0,0.0,0,0.0
793,Jack Henry-Francis,1,3,45,0,0.0,0.0,0,0.0
801,Clarke,1,2,40,0,0.0,0.0,0,0.0
30,Barrenechea,2,3,49,0,0.0,0.0,0,0.0
32,Cash,2,2,44,76,2.8,17.3,2069,4.8
33,Dendoncker,2,3,45,0,0.0,0.0,0,0.0
35,Diego Carlos,2,2,45,21,2.1,4.7,828,0.0
36,Digne,2,2,44,89,2.8,20.2,2348,2.0
37,Dobbin,2,3,50,0,0.0,0.0,0,0.0
39,Gauci,2,1,40,0,0.0,0.0,0,0.0
40,Hause,2,2,39,0,0.0,0.0,0,0.0
42,Kamara,2,3,50,57,2.2,11.4,1720,4.5
43,Kesler-Hayden,2,2,40,0,0.0,0.0,0,0.0
44,Konsa,2,2,45,103,3.0,22.9,2936,6.8
45,Maatsen,2,2,45,57,2.0,12.7,1125,3.5
46,Marschall,2,1,40,0,0.0,0.0,0,0.0
47,Martinez,2,1,50,111,3.0,22.2,3195,5.2
49,Mings,2,2,44,47,3.4,10.7,1119,1.5
50,Nedeljkovic,2,2,39,5,1.0,1.3,121,0.0
51,Olsen,2,1,45,9,2.2,2.0,225,0.2
52,Pau,2,2,42,55,2.3,13.1,2019,3.5
55,Sinisalo,2,1,40,0,0.0,0.0,0,0.0
56,Sousa,2,2,40,0,0.0,0.0,0,0.0
167,Disasi,2,2,42,33,2.5,7.9,851,0.0
233,Onana,2,3,48,65,2.5,13.5,1613,2.5
598,Bogarde,2,2,39,6,0.8,1.5,473,0.0
640,Swinkels,2,2,40,0,0.0,0.0,0,0.0
641,Zych,2,1,40,0,0.0,0.0,0,0.0
656,Young,2,3,44,0,0.0,0.0,0,0.0
679,Broggio,2,3,45,0,0.0,0.0,0,0.0
710,Jimoh,2,3,45,0,0.0,0.0,0,0.0
731,A. Garcia,2,2,45,8,1.1,1.8,316,0.0
737,Emery,2,5,8,105,0.0,131.2,0,7.0
59,Aarons,3,2,43,8,2.7,1.9,84,0.0
60,Adams,3,3,49,58,2.1,11.8,1959,2.2
61,Anthony,3,3,45,0,0.0,0.0,0,0.0
62,Brooks,3,3,49,52,1.8,10.6,941,1.5
63,Christie,3,3,48,76,2.6,15.8,2114,0.0
64,Cook,3,3,50,82,2.3,16.4,2976,0.8
66,Faivre,3,3,50,0,0.0,0.0,0,0.0
67,H.Traorè,3,3,45,0,0.0,0.0,0,0.0
68,Hill,3,2,39,17,1.7,4.4,443,0.0
69,Jebbison,3,4,45,20,1.2,4.4,105,2.2
72,Mepham,3,2,44,0,0.0,0.0,0,0.0
74,O.Dango,3,3,45,111,3.5,24.7,1998,0.2
75,Paulsen,3,1,40,0,0.0,0.0,0,0.0
76,Philip,3,3,48,10,1.0,2.1,176,0.0
77,Scott,3,3,47,26,1.3,5.5,745,0.5
79,Senesi,3,2,46,31,1.8,6.7,1103,1.8
80,Sinisterra,3,3,48,23,1.9,4.8,229,0.0
81,Smith,3,2,44,57,2.3,13.0,1586,2.0
84,Travers,3,1,44,19,3.8,4.3,450,0.0
85,Zabarnyi,3,2,44,94,2.6,21.4,3109,3.8
152,Arrizabalaga,3,1,46,106,3.4,23.0,2790,3.0
580,Huijsen,3,2,45,104,3.2,23.1,2422,3.2
592,J.Araujo,3,2,43,12,1.0,2.8,492,0.8
599,Dennis,3,1,39,0,0.0,0.0,0,0.0
680,Kinsey,3,2,40,0,0.0,0.0,0,0.0
687,Winterburn,3,3,45,4,1.0,0.9,22,0.2
702,Harris,3,2,40,0,0.0,0.0,0,0.0
707,Rees-Dottin,3,4,45,1,1.0,0.2,1,0.0
712,Akinmboni,3,2,40,0,0.0,0.0,0,0.0
713,Soler,3,2,39,3,1.0,0.8,9,0.5
722,Adu-Adjei,3,4,45,0,0.0,0.0,0,0.0
723,Sadi,3,3,45,0,0.0,0.0,0,0.0
727,McKenna,3,1,40,0,0.0,0.0,0,0.0
728,Silcott-Duberry,3,3,45,1,1.0,0.2,1,0.0
738,Iraola,3,5,11,82,0.0,74.5,0,7.2
86,Ajer,4,2,44,39,1.6,8.9,1433,0.2
87,Brierley,4,3,44,0,0.0,0.0,0,0.0
88,Collins,4,2,46,127,3.3,27.6,3420,4.6
89,Damsgaard,4,3,49,131,3.4,26.7,2911,3.0
90,Dasilva,4,3,48,0,0.0,0.0,0,0.0
91,Flekken,4,1,45,138,3.7,30.7,3275,5.6
92,Henry,4,2,43,4,0.8,0.9,94,0.4
93,Hickey,4,2,43,0,0.0,0.0,0,0.0
94,Janelt,4,3,48,73,2.3,15.2,2251,0.0
96,Ji-soo,4,2,39,3,1.0,0.8,28,0.0
97,Konak,4,3,44,10,1.0,2.3,53,0.4
98,Lewis-Potter,4,3,50,94,2.5,18.8,3092,1.6
100,Mee,4,2,42,9,1.3,2.1,180,0.0
101,Nørgaard,4,3,48,107,3.1,22.3,2820,4.2
102,Onyeka,4,3,49,2,1.0,0.4,23,0.0
103,Peart-Harris,4,3,45,0,0.0,0.0,0,0.0
104,Pinnock,4,2,44,47,2.1,10.7,1912,0.0
105,Roerslev,4,2,43,36,1.9,8.4,1100,0.0
109,Valdimarsson,4,1,39,2,1.0,0.5,144,0.0
111,Yarmoliuk,4,3,43,43,1.4,10.0,1435,2.0
112,Zanka,4,2,45,0,0.0,0.0,0,0.0
314,Carvalho,4,3,45,35,1.8,7.8,443,0.0
338,Van den Berg,4,2,41,62,2.0,15.1,2584,3.0
602,Trevitt,4,3,44,1,1.0,0.2,3,0.0
634,G.Nunes,4,3,49,3,1.0,0.6,11,0.2
649,Meghoma,4,2,40,1,1.0,0.2,4,0.0
661,Yogane,4,3,45,0,0.0,0.0,0,0.0
674,Maghoma,4,3,45,8,1.0,1.8,112,0.0
705,Arthur,4,2,40,0,0.0,0.0,0,0.0
752,Frank,4,5,8,116,0.0,145.0,0,9.0
757,Kayode,4,2,45,27,2.2,6.0,523,4.0
759,Eyestone,4,1,40,0,0.0,0.0,0,0.0
780,Morgan,4,4,45,0,0.0,0.0,0,0.0
786,Benjamin Fredrick,4,2,40,0,0.0,0.0,0,0.0
114,Baker-Boaitey,5,3,45,0,0.0,0.0,0,0.0
115,Baleba,5,3,50,87,2.6,17.4,2660,2.2
116,Barco,5,2,40,0,0.0,0.0,0,0.0
118,Cozier-Duberry,5,3,45,0,0.0,0.0,0,0.0
119,Dahoud,5,3,49,0,0.0,0.0,0,0.0
120,Dunk,5,2,42,44,1.8,10.5,2081,0.5
122,Estupiñan,5,2,49,63,2.1,12.9,2399,2.5
124,Gilmour,5,3,50,3,1.5,0.6,97,0.0
126,Hinshelwood,5,3,49,89,3.4,18.2,1839,6.2
127,I.Osman,5,3,50,0,0.0,0.0,0,0.0
128,Igor,5,2,43,18,1.4,4.2,959,0.2
130,Kozlowski,5,3,45,0,0.0,0.0,0,0.0
131,Lamptey,5,2,44,42,2.8,9.5,856,0.5
133,Mazilu,5,3,45,0,0.0,0.0,0,0.0
134,Milner,5,3,50,6,1.5,1.2,170,0.2
135,Minteh,5,3,48,102,3.2,21.2,1831,4.0
137,Moder,5,3,44,4,1.0,0.9,9,0.0
138,O’Mahony,5,4,45,0,0.0,0.0,0,0.0
139,Offiah,5,2,40,0,0.0,0.0,0,0.0
140,Peupion,5,3,44,0,0.0,0.0,0,0.0
141,Sarmiento,5,3,49,1,1.0,0.2,8,0.0
142,Steele,5,1,40,9,4.5,2.2,180,0.0
144,Van Hecke,5,2,45,87,2.6,19.3,2960,3.0
145,Veltman,5,2,43,59,2.8,13.7,1694,0.2
146,Verbruggen,5,1,45,103,2.9,22.9,3240,3.8
147,Webster,5,2,43,39,2.8,9.1,885,3.2
149,Wieffer,5,3,47,52,2.1,11.1,1003,3.0
600,Ayari,5,3,50,74,2.2,14.8,1958,3.5
601,Moran,5,3,50,0,0.0,0.0,0,0.0
615,Rushworth,5,1,39,0,0.0,0.0,0,0.0
618,Georginio,5,3,50,95,3.4,19.0,1651,0.0
628,F.Kadıoğlu,5,2,44,19,3.2,4.3,385,0.0
663,Samuels,5,2,40,0,0.0,0.0,0,0.0
668,Cahill,5,1,39,0,0.0,0.0,0,0.0
681,McConville,5,2,40,0,0.0,0.0,0,0.0
685,Slater,5,2,40,0,0.0,0.0,0,0.0
739,Hürzeler,5,5,11,119,0.0,108.2,0,12.0
758,Knight,5,3,45,0,0.0,0.0,0,0.0
763,Cashin,5,2,45,1,0.5,0.2,19,0.0
791,Charlie Tasker,5,2,40,0,0.0,0.0,0,0.0
794,Freddie Simmonds,5,2,40,0,0.0,0.0,0,0.0
795,Harry Howell,5,3,45,1,1.0,0.2,6,0.2
150,Andrey Santos,6,3,45,0,0.0,0.0,0,0.0
151,Ângelo,6,3,45,0,0.0,0.0,0,0.0
153,B.Badiashile,6,2,42,7,1.4,1.7,332,0.0
154,Bergström,6,1,39,0,0.0,0.0,0,0.0
155,Bettinelli,6,1,39,0,0.0,0.0,0,0.0
157,Caicedo,6,3,49,98,2.6,20.0,3351,3.2
158,Casadei,6,3,44,0,0.0,0.0,0,0.0
159,Chalobah,6,2,44,93,3.7,21.1,1969,0.8
161,Chukwuemeka,6,3,47,0,0.0,0.0,0,0.0
162,Colwill,6,2,44,109,3.1,24.8,3150,5.8
165,Deivid,6,4,49,0,0.0,0.0,0,0.0
168,Enzo,6,3,47,135,3.8,28.7,2943,4.0
170,Gilchrist,6,2,40,0,0.0,0.0,0,0.0
171,Gusto,6,2,49,60,1.9,12.2,1853,1.0
172,James,6,2,48,54,2.8,11.2,1057,4.5
173,Kellyman,6,3,43,0,0.0,0.0,0,0.0
174,Lavia,6,3,45,26,1.6,5.8,792,1.8
176,M.Sarr,6,2,45,0,0.0,0.0,0,0.0
178,Marc Guiu,6,4,47,3,1.0,0.6,71,0.0
183,Petrović,6,1,44,0,0.0,0.0,0,0.0
184,Renato Veiga,6,3,44,7,1.0,1.6,176,0.0
185,Sánchez,6,1,45,126,3.9,28.0,2880,4.0
187,Tosin,6,2,42,71,3.2,16.9,1403,3.5
189,W.Fofana,6,2,43,26,1.9,6.0,1172,0.0
575,Wiley,6,2,40,0,0.0,0.0,0,0.0
581,Jørgensen,6,1,42,18,3.0,4.3,540,0.0
695,Rak-Sakyi,6,3,45,0,0.0,0.0,0,0.0
696,George,6,3,45,17,2.1,3.8,177,0.8
697,Acheampong,6,2,40,4,1.0,1.0,168,0.0
740,Maresca,6,5,15,94,0.0,62.7,0,6.8
771,Amougou,6,3,45,1,1.0,0.2,7,0.0
774,Anselmino,6,2,40,0,0.0,0.0,0,0.0
781,Mheuka,6,4,45,1,1.0,0.2,1,0.0
782,Samuels-Smith,6,2,40,0,0.0,0.0,0,0.0
787,Genesis Antwi,6,2,40,0,0.0,0.0,0,0.0
160,Chilwell,7,2,46,13,1.6,2.8,254,2.0
190,Ahamada,7,3,45,0,0.0,0.0,0,0.0
193,C.Doucouré,7,3,48,19,1.5,4.0,443,0.0
194,C.Richards,7,2,44,68,2.8,15.5,1921,2.8
195,Chadi Riad,7,2,43,1,1.0,0.2,90,0.0
196,Clyne,7,2,43,18,1.4,4.2,477,0.0
197,Ebiowei,7,3,45,0,0.0,0.0,0,0.0
200,Guéhi,7,2,47,116,3.4,24.7,3059,2.2
201,Henderson,7,1,46,135,3.6,29.3,3420,3.0
202,Holding,7,2,42,0,0.0,0.0,0,0.0
203,Hughes,7,3,49,67,2.0,13.7,2100,2.0
206,Lerma,7,3,48,58,1.8,12.1,2270,1.8
208,M.França,7,3,44,9,2.2,2.0,52,0.5
209,Matthews,7,1,39,0,0.0,0.0,0,0.0
210,Mitchell,7,2,48,123,3.3,25.6,3090,4.0
212,Ozoh,7,3,45,0,0.0,0.0,0,0.0
213,Rak-Sakyi,7,3,45,0,0.0,0.0,0,0.0
214,Schlupp,7,3,46,12,1.0,2.6,95,0.0
215,Ward,7,2,43,1,0.5,0.2,71,0.0
216,Wharton,7,3,47,42,2.1,8.9,1314,0.8
445,Turner,7,1,39,0,0.0,0.0,0,0.0
644,Umeh-Chibueze,7,3,44,0,0.0,0.0,0,0.0
645,Devenny,7,3,45,34,1.5,7.6,494,1.5
646,Agbinone,7,3,45,2,1.0,0.4,4,0.0
647,Rodney,7,3,45,0,0.0,0.0,0,0.0
650,Lacroix,7,2,45,114,3.3,25.3,3116,2.8
666,Kporha,7,2,40,2,1.0,0.5,11,0.0
676,Marsh,7,4,45,0,0.0,0.0,0,0.0
730,Esse,7,3,47,22,3.1,4.7,138,2.8
741,Glasner,7,5,8,128,0.0,160.0,0,9.5
218,Beto,8,4,48,87,2.9,18.1,1521,4.5
219,Branthwaite,8,2,49,88,2.9,18.0,2509,2.2
221,Coleman,8,2,43,5,1.0,1.2,214,0.5
222,Gana,8,3,48,89,2.4,18.5,3063,2.2
223,Garner,8,3,49,42,2.0,8.6,1590,2.0
225,Holgate,8,2,40,1,1.0,0.2,5,0.0
226,Iroegbunam,8,3,43,22,1.2,5.1,562,0.5
227,J.Virginia,8,1,38,0,0.0,0.0,0,0.0
228,Keane,8,2,38,48,3.4,12.6,1046,4.0
229,Maupay,8,4,49,0,0.0,0.0,0,0.0
231,Mykolenko,8,2,44,121,3.5,27.5,3082,6.2
234,Patterson,8,2,44,14,1.4,3.2,342,0.8
236,Tarkowski,8,2,47,105,3.2,22.3,2922,0.0
237,Y. Chermiti,8,4,49,3,0.8,0.6,42,0.2
238,Young,8,2,42,98,3.1,23.3,1864,3.8
450,Alcaraz,8,3,47,44,2.8,9.4,766,5.0
577,Lindstrøm,8,3,50,44,1.8,8.8,1229,0.0
582,O'Brien,8,2,45,65,3.2,14.4,1568,3.2
603,Armstrong,8,3,44,2,0.7,0.5,47,0.0
614,Metcalfe,8,3,45,0,0.0,0.0,0,0.0
624,Begovic,8,1,40,0,0.0,0.0,0,0.0
627,Dixon,8,2,39,0,0.0,0.0,90,0.0
651,Mangala,8,3,50,39,2.1,7.8,1257,0.0
678,Bates,8,3,45,0,0.0,0.0,0,0.0
724,Sherif,8,4,45,0,0.0,0.0,0,0.0
742,Moyes,8,5,5,137,0.0,274.0,0,10.8
773,Heath,8,3,45,0,0.0,0.0,0,0.0
775,Coby Ebere,8,3,45,0,0.0,0.0,0,0.0
803,Welch,8,2,40,0,0.0,0.0,0,0.0
10,Nelson,9,3,50,27,2.2,5.4,483,0.0
19,Smith Rowe,9,3,50,114,3.4,22.8,2036,2.0
191,Andersen,9,2,42,51,1.7,12.1,2673,1.0
239,Adama,9,3,45,95,2.6,21.1,1756,3.0
240,Andreas,9,3,49,81,2.5,16.5,2004,1.0
241,Bassey,9,2,45,75,2.1,16.7,3074,0.8
242,Benda,9,1,39,0,0.0,0.0,0,0.0
243,Cairney,9,3,48,33,1.3,6.9,610,2.2
244,Castagne,9,2,42,46,1.9,11.0,1642,0.2
245,Diop,9,2,43,31,1.5,7.2,1334,0.0
246,Harris,9,3,45,0,0.0,0.0,0,0.0
248,Leno,9,1,50,115,3.0,23.0,3420,3.0
249,Lukić,9,3,48,56,1.9,11.7,2348,1.5
250,Mbabu,9,2,40,0,0.0,0.0,0,0.0
253,Ream,9,2,45,0,0.0,0.0,0,0.0
254,Reed,9,3,47,10,0.8,2.1,100,0.2
255,Robinson,9,2,47,106,2.9,22.6,3166,1.0
256,Stansfield,9,4,50,1,1.0,0.2,1,0.0
257,Tete,9,2,44,49,2.2,11.1,1773,0.8
258,Vinicius,9,4,50,3,1.0,0.6,13,0.0
579,Sessegnon,9,2,42,57,3.6,13.6,574,0.8
586,J.Cuenca,9,2,44,9,1.1,2.0,349,0.5
604,King,9,3,44,10,1.2,2.3,126,0.8
605,Godo,9,3,44,2,1.0,0.5,21,0.2
622,Berge,9,3,50,53,1.7,10.6,2221,1.0
690,Amissah,9,2,40,0,0.0,0.0,0,0.0
753,Silva,9,5,11,94,0.0,85.5,0,2.5
772,Willian,9,3,50,13,1.3,2.6,251,0.5
260,Al-Hamadi,10,4,47,8,0.7,1.7,125,0.0
261,Baggott,10,2,40,0,0.0,0.0,0,0.0
262,Broadhead,10,3,49,37,2.1,7.6,690,2.2
263,Burgess,10,2,38,26,1.4,6.8,1540,1.5
264,Burns,10,3,47,30,1.7,6.4,922,0.0
266,H.Clarke,10,2,40,1,0.1,0.2,377,0.0
267,Davis,10,2,42,52,1.6,12.4,2742,0.5
269,Edmundson,10,2,40,1,1.0,0.2,1,0.0
270,Greaves,10,2,38,37,1.5,9.7,2205,1.2
271,Harness,10,3,49,2,1.0,0.4,43,0.0
273,Humphreys,10,3,45,0,0.0,0.0,0,0.0
275,Johnson,10,2,38,30,1.3,7.9,1346,0.2
276,Ladapo,10,4,45,0,0.0,0.0,0,0.0
277,Luongo,10,3,43,13,1.2,3.0,195,0.5
278,Morsy,10,3,48,67,2.0,14.0,2749,1.8
279,Ndaba,10,2,40,0,0.0,0.0,0,0.0
280,Slicker,10,1,39,0,0.0,0.0,0,0.0
281,Taylor,10,3,48,38,1.2,7.9,837,1.2
282,Tuanzebe,10,2,39,27,1.2,6.9,1710,1.2
283,Walton,10,1,43,16,2.3,3.7,630,0.5
284,Woolfenden,10,2,39,18,1.2,4.6,1187,0.2
359,Phillips,10,3,48,27,1.4,5.6,1231,0.2
568,Muric,10,1,44,49,2.7,11.1,1620,0.0
583,Townsend,10,2,39,11,1.8,2.8,334,0.0
619,Cajuste,10,3,45,63,2.1,14.0,1960,2.2
630,O'Shea,10,2,38,49,1.4,12.9,3122,1.2
632,Ogbene,10,3,48,7,1.4,1.5,237,0.0
715,Godfrey,10,2,40,-1,-0.3,-0.2,158,0.0
743,McKenna,10,5,5,51,0.0,102.0,0,1.5
764,Palmer,10,1,45,22,1.7,4.9,1170,1.2
799,Boniface,10,2,40,0,0.0,0.0,0,0.0
800,Tom Taylor,10,3,45,0,0.0,0.0,0,0.0
117,Buonanotte,11,3,45,75,2.4,16.7,1508,2.0
285,B.Soumaré,11,3,44,48,1.5,10.9,2165,1.8
286,Cannon,11,4,45,0,0.0,0.0,0,0.0
287,Choudhury,11,3,44,4,1.0,0.9,129,0.0
288,Coady,11,2,40,39,1.8,9.8,1712,5.5
289,Daka,11,4,48,34,1.5,7.1,717,1.0
291,Faes,11,2,38,55,1.6,14.5,2812,4.0
292,Golding,11,3,44,1,1.0,0.2,1,0.2
293,Hermansen,11,1,44,63,2.3,14.3,2385,0.0
294,Iversen,11,1,39,0,0.0,0.0,0,0.0
295,Justin,11,2,41,70,1.9,17.1,2912,5.0
296,Kristiansen,11,2,44,34,1.1,7.7,2481,0.5
297,Marcal,11,3,45,0,0.0,0.0,0,0.0
298,Mavididi,11,3,50,72,2.4,14.4,1606,0.0
299,McAteer,11,3,47,35,1.9,7.4,846,3.5
300,Ndidi,11,3,49,64,2.3,13.1,2325,2.8
301,Okoli,11,2,40,27,1.4,6.8,1122,0.2
302,Ricardo,11,2,41,10,1.0,2.4,382,0.2
303,Souttar,11,2,40,0,0.0,0.0,0,0.0
304,Stolarczyk,11,1,40,25,2.5,6.2,900,3.8
305,Thomas,11,2,39,27,1.9,6.9,1109,4.2
307,Vestergaard,11,2,39,11,0.6,2.8,1390,0.0
308,Ward,11,1,39,2,1.0,0.5,135,0.0
309,Winks,11,3,43,40,1.8,9.3,1536,0.0
501,Skipp,11,3,47,27,1.1,5.7,1118,1.8
606,Alves,11,3,44,1,1.0,0.2,1,0.0
616,Nelson,11,2,40,0,0.0,0.0,0,0.0
635,El Khannouss,11,3,48,83,2.6,17.3,2179,3.5
694,Cartwright,11,3,45,0,0.0,0.0,0,0.0
708,Wilson-Brown,11,2,40,0,0.0,0.0,0,0.0
726,Coulibaly,11,2,40,1,0.2,0.2,107,0.0
754,Van Nistelrooy,11,5,5,48,0.0,96.0,0,7.5
792,Monga,11,3,45,7,1.0,1.6,105,1.0
796,Olabade Aluko,11,2,40,1,1.0,0.2,1,0.2
797,Jake Evans,11,3,45,4,1.0,0.9,21,0.8
802,Braybrooke,11,3,45,0,0.0,0.0,0,0.0
312,Bajcetic,12,3,45,0,0.0,0.0,0,0.0
313,Bradley,12,2,47,41,2.2,8.7,744,1.8
315,Clark,12,3,45,0,0.0,0.0,0,0.0
318,Doak,12,3,45,0,0.0,0.0,0,0.0
320,Endo,12,3,46,21,1.1,4.6,259,1.0
322,Gomez,12,2,47,14,1.6,3.0,517,0.0
323,Gravenberch,12,3,50,92,2.5,18.4,3160,0.8
325,Kelleher,12,1,39,45,4.5,11.5,900,0.0
330,McConnell,12,3,43,0,0.0,0.0,0,0.0
331,Morton,12,3,44,0,0.0,0.0,0,0.0
332,N.Phillips,12,2,40,0,0.0,0.0,0,0.0
333,Quansah,12,2,39,9,0.7,2.3,488,-0.2
334,R.Williams,12,2,40,0,0.0,0.0,0,0.0
337,Tsimikas,12,2,46,43,2.4,9.3,829,0.5
660,Jaros,12,1,40,1,1.0,0.2,11,0.0
669,Davies,12,1,40,0,0.0,0.0,0,0.0
688,Nyoni,12,3,45,0,0.0,0.0,0,0.0
692,Nallo,12,2,40,0,0.0,0.0,0,0.0
709,Danns,12,4,45,1,1.0,0.2,10,0.0
744,Slot,12,5,15,118,0.0,78.7,0,3.0
343,Bobb,13,3,47,3,1.0,0.6,14,0.2
344,Carson,13,1,39,0,0.0,0.0,0,0.0
355,Lewis,13,2,43,66,2.4,15.3,1888,1.8
356,Matheus N.,13,3,49,81,3.1,16.5,1670,3.5
357,McAtee,13,3,46,31,2.1,6.7,340,0.5
607,O’Reilly,13,3,49,31,3.4,6.3,525,0.5
626,Kaboré,13,2,45,0,0.0,0.0,0,0.0
671,Wright,13,3,45,0,0.0,0.0,0,0.0
672,Simpson-Pusey,13,2,40,1,0.5,0.2,95,0.0
675,Wilson-Esbrand,13,2,40,0,0.0,0.0,0,0.0
698,Mubama,13,4,45,1,1.0,0.2,27,0.0
703,Alleyne,13,2,40,0,0.0,0.0,0,0.0
704,Brits,13,1,40,0,0.0,0.0,0,0.0
732,Khusanov,13,2,50,14,2.3,2.8,503,0.0
733,Vitor Reis,13,2,45,1,1.0,0.2,1,0.0
736,Guardiola,13,5,15,113,0.0,75.3,0,8.2
367,Bayindir,14,1,43,8,2.0,1.9,360,2.0
368,Casemiro,14,3,46,48,2.0,10.4,1489,1.0
369,Dalot,14,2,50,95,2.9,19.0,2812,0.2
371,Evans,14,2,44,15,2.1,3.4,312,0.2
373,Hannibal,14,3,45,0,0.0,0.0,0,0.0
374,Heaton,14,1,39,0,0.0,0.0,0,0.0
376,Lindelof,14,2,43,27,1.7,6.3,695,2.5
377,Maguire,14,2,49,48,1.8,9.8,1751,2.2
379,Malacia,14,2,44,2,0.7,0.5,99,0.0
380,Martinez,14,2,43,68,3.4,15.8,1751,0.0
381,McTominay,14,3,49,2,1.0,0.4,17,0.0
383,Onana,14,1,49,120,3.5,24.5,3060,0.5
384,Pellistri,14,3,50,0,0.0,0.0,0,0.0
387,Shaw,14,2,49,5,0.7,1.0,346,0.2
572,Yoro,14,2,43,22,1.0,5.1,1160,0.2
593,De Ligt,14,2,48,68,2.3,14.2,2119,0.0
594,Mazraoui,14,2,42,88,2.4,21.0,2836,0.8
613,Collyer,14,3,45,6,1.0,1.3,174,0.0
648,Wheatley,14,4,45,0,0.0,0.0,0,0.0
652,Ugarte,14,3,49,49,1.7,10.0,1777,1.2
658,Heaven,14,2,40,10,2.5,2.5,169,2.0
667,Fletcher,14,3,45,0,0.0,0.0,0,0.0
670,Amass,14,2,40,4,0.8,1.0,345,0.2
673,Fitzgerald,14,3,45,0,0.0,0.0,0,0.0
691,Kukonki,14,2,40,0,0.0,0.0,0,0.0
745,Amorim,14,5,8,86,0.0,107.5,0,5.8
761,Harrison,14,1,40,0,0.0,0.0,0,0.0
766,Dorgu,14,2,45,18,1.5,4.0,840,2.5
776,Obi,14,4,45,7,1.0,1.6,160,0.8
777,Fredricson,14,2,40,2,1.0,0.5,166,0.0
778,Moorhouse,14,3,45,0,0.0,0.0,0,0.0
779,Koné,14,3,45,0,0.0,0.0,0,0.0
783,Graczyk,14,1,40,0,0.0,0.0,0,0.0
788,Dermot Mee,14,1,40,0,0.0,0.0,0,0.0
390,A.Murphy,15,2,40,0,0.0,0.0,0,0.0
393,Botman,15,2,44,18,2.2,4.1,412,2.5
395,Burn,15,2,46,115,3.1,25.0,3330,4.0
396,Dúbravka,15,1,40,44,4.4,11.0,900,0.0
399,Hall,15,2,47,102,3.8,21.7,2188,0.0
400,Hayden,15,3,44,0,0.0,0.0,0,0.0
404,Kelly,15,2,42,12,1.2,2.9,299,0.0
405,Krafth,15,2,43,17,1.4,4.0,334,0.2
406,Kuol,15,3,44,0,0.0,0.0,0,0.0
407,Lascelles,15,2,45,0,0.0,0.0,0,0.0
408,Lewis,15,2,40,0,0.0,0.0,0,0.0
409,Livramento,15,2,46,105,2.8,22.8,2835,3.2
410,Longstaff,15,3,44,34,1.4,7.7,783,0.2
411,Miley,15,3,50,21,1.5,4.2,304,0.5
412,Odysseas,15,1,42,0,0.0,0.0,0,0.0
413,Pope,15,1,50,102,3.6,20.4,2520,3.8
414,Ruddy,15,1,39,0,0.0,0.0,0,0.0
416,Targett,15,2,39,2,1.0,0.5,20,0.0
419,White,15,3,45,0,0.0,0.0,0,0.0
420,Willock,15,3,47,46,1.4,9.8,1065,0.5
574,Pivas,15,2,40,0,0.0,0.0,0,0.0
590,Osula,15,4,49,19,1.4,3.9,124,0.5
746,Howe,15,5,15,97,0.0,64.7,0,3.5
789,Neave,15,4,45,0,0.0,0.0,0,0.0
26,Alex Moreno,16,2,42,34,2.3,8.1,952,0.0
423,Anderson,16,3,50,107,2.9,21.4,2726,1.4
425,Boly,16,2,42,6,1.0,1.4,146,0.0
426,Bowler,16,3,45,0,0.0,0.0,0,0.0
427,C.Miguel,16,1,41,0,0.0,0.0,0,0.0
428,Da Silva Moreira,16,3,43,2,1.0,0.5,28,0.0
429,Danilo,16,3,47,11,1.4,2.3,270,0.2
430,Dennis,16,4,49,0,0.0,0.0,0,0.0
431,Dominguez,16,3,48,54,1.6,11.2,1954,1.6
435,Mighten,16,3,45,0,0.0,0.0,0,0.0
436,Murillo,16,2,47,130,3.6,27.7,3188,2.8
437,N.Williams,16,2,45,109,3.1,24.2,2588,2.4
438,O.Richards,16,2,45,0,0.0,0.0,0,0.0
439,O'Brien,16,3,50,0,0.0,0.0,0,0.0
440,Omobamidele,16,2,42,0,0.0,0.0,0,0.0
441,Panzo,16,2,40,0,0.0,0.0,0,0.0
442,Sangaré,16,3,43,20,1.5,4.7,584,1.6
444,Toffolo,16,2,42,4,1.0,1.0,135,0.0
446,Ui-jo,16,4,45,0,0.0,0.0,0,0.0
448,Worrall,16,2,45,0,0.0,0.0,0,0.0
449,Yates,16,3,48,67,1.9,14.0,1901,1.0
653,Morato,16,2,45,36,1.4,8.0,891,0.0
706,Abbott,16,2,40,0,0.0,0.0,0,0.0
721,Hennessey,16,1,40,0,0.0,0.0,0,0.0
747,Nuno,16,5,11,78,0.0,70.9,0,3.4
14,Ramsdale,17,1,44,97,3.2,22.0,2700,3.8
27,Archer,17,4,48,57,1.6,11.9,1421,1.0
188,Ugochukwu,17,3,44,47,1.8,10.7,1652,0.8
397,Fraser,17,3,48,7,0.9,1.5,303,0.0
451,Amo-Ameyaw,17,3,44,1,0.5,0.2,26,0.0
452,Aribo,17,3,49,72,2.2,14.7,2007,0.5
454,Bazunu,17,1,43,0,0.0,0.0,0,0.0
455,Bednarek,17,2,40,60,2.0,15.0,2531,2.0
456,Bella-Kotchap,17,2,39,2,0.5,0.5,329,0.0
457,Bree,17,2,39,23,1.4,5.9,1070,1.8
458,Charles,17,3,45,0,0.0,0.0,0,0.0
459,Edozie,17,3,49,1,0.5,0.2,64,0.0
460,Edwards,17,2,39,1,1.0,0.3,12,0.0
461,Harwood-Bellis,17,2,39,55,1.6,14.1,2824,1.8
462,Kamaldeen,17,3,50,53,2.0,10.6,1394,1.5
463,Lallana,17,3,50,17,1.2,3.4,352,0.0
464,Larios,17,2,39,0,0.0,0.0,0,0.0
465,Lis,17,1,40,0,0.0,0.0,0,0.0
466,Lumley,17,1,40,8,2.7,2.0,270,0.0
467,Manning,17,2,43,34,1.4,7.9,1458,0.5
468,Mara,17,4,50,0,0.0,0.0,0,0.0
469,McCarthy,17,1,42,12,2.4,2.9,450,0.0
470,Onuachu,17,4,49,51,2.0,10.4,1038,0.5
471,Smallbone,17,3,50,26,1.4,5.2,679,1.0
472,Stephens,17,2,40,31,1.6,7.8,1389,1.8
473,Stewart,17,4,44,20,1.7,4.5,382,3.0
474,Sugawara,17,2,42,43,1.4,10.2,1548,0.2
475,Taylor,17,2,39,6,0.8,1.5,353,0.2
476,Walker-Peters,17,2,42,54,1.6,12.9,2918,0.2
477,Wood,17,2,39,14,1.3,3.6,771,0.2
515,Cornet,17,3,47,1,0.5,0.2,71,0.0
518,Downes,17,3,47,48,1.8,10.2,2149,1.8
584,Brereton Díaz,17,3,48,13,1.3,2.7,446,0.0
608,Dibling,17,3,43,68,2.1,15.8,1863,1.5
623,M.Fernandes,17,3,50,95,2.6,19.0,2911,3.0
693,O'Brien-Whitmarsh,17,3,45,0,0.0,0.0,0,0.0
718,Welington,17,2,40,14,1.4,3.5,478,2.0
719,Kayi Sanda,17,2,40,2,1.0,0.5,12,0.5
734,Grønbæk,17,3,49,6,1.5,1.2,141,0.0
748,Rusk,17,5,5,38,0.0,76.0,0,2.8
798,Jay Robinson,17,4,44,5,1.2,1.1,134,1.0
804,Moore,17,2,40,0,0.0,0.0,0,0.0
478,A.Phillips,18,2,40,0,0.0,0.0,0,0.0
479,Austin,18,1,40,1,1.0,0.2,90,0.0
480,Bentancur,18,3,49,49,1.9,10.0,1640,0.5
481,Bergvall,18,3,44,44,1.6,10.0,1200,0.0
482,Bissouma,18,3,48,50,1.8,10.4,1396,1.2
483,Bryan,18,3,50,0,0.0,0.0,0,0.0
484,Davies,18,2,43,28,1.6,6.5,1329,0.5
485,Devine,18,3,45,0,0.0,0.0,0,0.0
486,Dragusin,18,2,43,24,1.5,5.6,1250,0.0
487,E.Royal,18,2,45,0,0.0,0.0,0,0.0
488,Forster,18,1,43,19,2.7,4.4,630,0.0
489,Gray,18,3,46,45,1.6,9.8,1750,1.8
490,Højbjerg,18,3,50,0,0.0,0.0,0,0.0
493,Lo Celso,18,3,49,0,0.0,0.0,0,0.0
496,Reguilón,18,2,41,2,0.5,0.5,194,0.2
498,Romero,18,2,49,49,2.7,10.0,1416,0.0
499,P.M.Sarr,18,3,47,71,2.0,15.1,1901,1.5
500,Scarlett,18,4,44,6,2.0,1.4,31,0.0
504,Spence,18,2,44,51,2.0,11.6,1790,1.0
505,Udogie,18,2,48,43,1.7,9.0,1923,0.0
506,Van de Ven,18,2,45,32,2.5,7.1,1014,0.2
507,Veliz,18,4,50,0,0.0,0.0,0,0.0
508,Vicario,18,1,48,66,2.8,13.8,2160,0.8
510,Whiteman,18,1,39,0,0.0,0.0,0,0.0
609,Lankshear,18,4,45,3,1.0,0.7,10,0.0
610,Moore,18,3,45,19,1.9,4.2,359,1.2
683,Olusesi,18,3,45,0,0.0,0.0,0,0.0
684,Hardy,18,2,40,0,0.0,0.0,0,0.0
689,Williams-Barnett,18,3,45,0,0.0,0.0,0,0.0
699,Dorrington,18,2,40,1,1.0,0.2,13,0.0
700,King,18,2,40,0,0.0,0.0,0,0.0
716,Kinsky,18,1,41,17,2.8,4.1,540,1.2
717,Yang,18,3,45,0,0.0,0.0,0,0.0
729,Ajayi,18,3,45,0,0.0,0.0,0,0.0
749,Postecoglou,18,5,11,58,0.0,52.7,0,1.2
760,Cassanova,18,2,40,0,0.0,0.0,0,0.0
767,Danso,18,2,44,16,1.6,3.6,842,1.0
388,Wan-Bissaka,19,2,45,118,3.3,26.2,3154,6.2
511,Álvarez,19,3,50,40,1.4,8.0,1769,0.8
513,Areola,19,1,42,69,2.7,16.4,2259,3.0
516,Coufal,19,2,41,27,1.2,6.6,1056,2.0
517,Cresswell,19,2,39,36,2.0,9.2,818,2.2
519,Earthy,19,3,45,0,0.0,0.0,0,0.0
520,Emerson,19,2,44,76,2.5,17.3,2108,0.8
521,Fabianski,19,1,39,39,2.8,10.0,1160,0.8
522,Foderingham,19,1,42,0,0.0,0.0,0,0.0
523,Ings,19,4,48,32,2.1,6.7,270,0.0
524,Kilman,19,2,43,82,2.2,19.1,3348,2.5
526,L.Guilherme,19,3,46,12,1.0,2.6,139,0.2
528,Mavropanos,19,2,43,45,1.4,10.5,2035,1.0
529,N.Aguerd,19,2,44,0,0.0,0.0,0,0.0
530,Souček,19,3,48,126,3.6,26.2,2563,3.8
532,Zouma,19,2,44,0,0.0,0.0,0,0.0
576,Irving,19,3,47,9,0.9,1.9,161,0.0
588,G.Rodríguez,19,3,48,36,1.6,7.5,1147,1.8
591,Todibo,19,2,42,54,2.0,12.9,1824,2.5
643,Casey,19,2,40,1,1.0,0.2,1,0.0
654,C.Soler,19,3,50,47,1.5,9.4,1394,0.5
677,Scarles,19,2,40,29,1.9,7.2,659,0.5
686,Mayers,19,2,40,0,0.0,0.0,0,0.0
701,Orford,19,3,45,2,1.0,0.4,47,0.0
750,Potter,19,5,5,84,0.0,168.0,0,6.0
204,Johnstone,20,1,41,12,1.7,2.9,630,0.0
534,B.Traore,20,3,48,1,1.0,0.2,1,0.0
535,Bellegarde,20,3,49,90,2.6,18.4,1666,2.2
536,Bentley,20,1,39,9,4.5,2.3,180,0.5
537,Chiquinho,20,3,45,1,1.0,0.2,6,0.0
538,Chirewa,20,3,45,0,0.0,0.0,0,0.0
539,Chiwome,20,4,44,0,0.0,0.0,0,0.0
540,Cundle,20,3,45,0,0.0,0.0,0,0.0
542,Dawson,20,2,42,17,1.1,4.0,969,0.0
543,Doherty,20,2,43,75,2.5,17.4,2105,1.2
544,Doyle,20,3,47,28,1.2,6.0,474,0.0
545,Fábio Silva,20,4,50,0,0.0,0.0,0,0.0
546,Fraser,20,4,45,0,0.0,0.0,0,0.0
547,Gonzalez,20,3,44,0,0.0,0.0,0,0.0
549,H.Bueno,20,2,45,0,0.0,0.0,0,0.0
551,Hodge,20,3,45,0,0.0,0.0,0,0.0
552,Hoever,20,2,40,0,0.0,0.0,0,0.0
553,J.Gomes,20,3,49,87,2.4,17.8,2975,1.2
554,José Sá,20,1,44,93,3.2,21.1,2610,1.8
555,Kalajdžić,20,4,48,0,0.0,0.0,0,0.0
556,King,20,1,39,1,1.0,0.3,1,0.2
557,Mario Jr.,20,3,48,47,2.8,9.8,1363,0.0
558,Mosquera,20,2,38,3,0.6,0.8,441,0.0
559,N.Semedo,20,2,45,84,2.5,18.7,2889,1.0
561,Pedro Lima,20,2,39,2,0.7,0.5,69,0.0
564,S.Bueno,20,2,43,52,1.8,12.1,1678,0.5
565,Sarabia,20,3,50,50,2.2,10.0,800,1.0
567,Toti,20,2,43,79,2.5,18.4,2613,1.0
637,Meupiyou,20,2,39,0,0.0,0.0,0,0.0
642,André,20,3,50,61,1.8,12.2,2472,1.8
664,Pond,20,2,39,1,1.0,0.3,1,0.0
682,Edozie,20,3,45,0,0.0,0.0,0,0.0
711,Okoduwa,20,2,40,0,0.0,0.0,0,0.0
720,Agbadou,20,2,40,45,2.8,11.2,1410,2.5
751,Pereira,20,5,8,111,0.0,138.8,0,2.8
769,Djiga,20,2,45,4,0.8,0.9,65,0.0
770,Munetsi,20,3,50,50,3.6,10.0,1077,3.5
784,Mané,20,4,45,1,1.0,0.2,1,0.2
