id,web_name,team,element_type,clean_sheets,goals_conceded,minutes,total_points,now_cost
3,Gabriel,1,2,10,22,2363,117,61
5,Hein,1,1,0,0,0,0,40
6,J.Timber,1,2,11,21,2415,114,55
8,Kiwior,1,2,3,15,1117,43,49
15,Raya,1,1,13,34,3420,142,56
18,Saliba,1,2,12,29,3039,130,64
21,Tierney,1,2,1,1,250,27,43
22,Tomiyasu,1,2,0,0,6,1,48
24,White,1,2,5,13,1195,50,62
25,Zinchenko,1,2,4,1,518,40,48
73,Neto,1,1,0,2,180,7,41
578,Calafiori,1,2,1,12,978,39,58
639,Setford,1,1,0,0,0,0,45
657,Kacurri,1,2,0,0,0,0,40
662,Nichols,1,2,0,0,0,0,40
756,Porter,1,1,0,0,0,0,40
801,Clarke,1,2,0,0,0,0,40
32,Cash,2,2,7,22,2069,76,44
35,Diego Carlos,2,2,2,15,828,21,45
36,Digne,2,2,6,36,2348,89,44
39,Gauci,2,1,0,0,0,0,40
40,Hause,2,2,0,0,0,0,39
43,Kesler-Hayden,2,2,0,0,0,0,40
44,Konsa,2,2,8,45,2936,103,45
45,Maatsen,2,2,3,16,1125,57,45
46,Marschall,2,1,0,0,0,0,40
47,Martinez,2,1,8,47,3195,111,50
49,Mings,2,2,4,11,1119,47,44
50,Nedeljkovic,2,2,0,4,121,5,39
51,Olsen,2,1,1,6,225,9,45
52,Pau,2,2,5,33,2019,55,42
55,Sinisalo,2,1,0,0,0,0,40
56,Sousa,2,2,0,0,0,0,40
167,Disasi,2,2,3,12,851,33,42
598,Bogarde,2,2,0,11,473,6,39
640,Swinkels,2,2,0,0,0,0,40
641,Zych,2,1,0,0,0,0,40
731,A. Garcia,2,2,0,5,316,8,45
59,Aarons,3,2,1,0,84,8,43
68,Hill,3,2,1,9,443,17,39
70,Kerkez,3,2,9,45,3336,134,53
72,Mepham,3,2,0,0,0,0,44
75,Paulsen,3,1,0,0,0,0,40
79,Senesi,3,2,2,17,1103,31,46
81,Smith,3,2,6,18,1586,57,44
84,Travers,3,1,1,5,450,19,44
85,Zabarnyi,3,2,8,42,3109,94,44
152,Arrizabalaga,3,1,8,39,2790,106,46
580,Huijsen,3,2,7,31,2422,104,45
592,J.Araujo,3,2,0,10,492,12,43
599,Dennis,3,1,0,0,0,0,39
680,Kinsey,3,2,0,0,0,0,40
702,Harris,3,2,0,0,0,0,40
712,Akinmboni,3,2,0,0,0,0,40
713,Soler,3,2,0,1,9,3,39
727,McKenna,3,1,0,0,0,0,40
86,Ajer,4,2,3,25,1433,39,44
88,Collins,4,2,8,57,3420,127,46
91,Flekken,4,1,7,55,3275,138,45
92,Henry,4,2,0,3,94,4,43
93,Hickey,4,2,0,0,0,0,43
96,Ji-soo,4,2,0,0,28,3,39
100,Mee,4,2,1,4,180,9,42
104,Pinnock,4,2,2,35,1912,47,44
105,Roerslev,4,2,2,20,1100,36,43
109,Valdimarsson,4,1,0,2,144,2,39
112,Zanka,4,2,0,0,0,0,45
338,Van den Berg,4,2,5,49,2584,62,41
649,Meghoma,4,2,0,0,4,1,40
705,Arthur,4,2,0,0,0,0,40
757,Kayode,4,2,2,5,523,27,45
759,Eyestone,4,1,0,0,0,0,40
786,Benjamin Fredrick,4,2,0,0,0,0,40
116,Barco,5,2,0,0,0,0,40
120,Dunk,5,2,4,42,2081,44,42
122,Estupiñan,5,2,3,44,2399,63,49
128,Igor,5,2,1,17,959,18,43
131,Lamptey,5,2,2,21,856,42,44
139,Offiah,5,2,0,0,0,0,40
142,Steele,5,1,1,1,180,9,40
144,Van Hecke,5,2,7,47,2960,87,45
145,Veltman,5,2,6,24,1694,59,43
146,Verbruggen,5,1,7,58,3240,103,45
147,Webster,5,2,4,11,885,39,43
615,Rushworth,5,1,0,0,0,0,39
628,F.Kadıoğlu,5,2,2,8,385,19,44
663,Samuels,5,2,0,0,0,0,40
668,Cahill,5,1,0,0,0,0,39
681,McConville,5,2,0,0,0,0,40
685,Slater,5,2,0,0,0,0,40
763,Cashin,5,2,0,2,19,1,45
791,Charlie Tasker,5,2,0,0,0,0,40
794,Freddie Simmonds,5,2,0,0,0,0,40
153,B.Badiashile,6,2,0,5,332,7,42
154,Bergström,6,1,0,0,0,0,39
155,Bettinelli,6,1,0,0,0,0,39
159,Chalobah,6,2,6,25,1969,93,44
162,Colwill,6,2,10,41,3150,109,44
163,Cucurella,6,2,9,38,2988,133,54
170,Gilchrist,6,2,0,0,0,0,40
171,Gusto,6,2,4,26,1853,60,49
172,James,6,2,3,14,1057,54,48
176,M.Sarr,6,2,0,0,0,0,45
183,Petrović,6,1,0,0,0,0,44
185,Sánchez,6,1,10,34,2880,126,45
187,Tosin,6,2,7,14,1403,71,42
189,W.Fofana,6,2,2,13,1172,26,43
575,Wiley,6,2,0,0,0,0,40
581,Jørgensen,6,1,1,9,540,18,42
697,Acheampong,6,2,0,3,168,4,40
774,Anselmino,6,2,0,0,0,0,40
782,Samuels-Smith,6,2,0,0,0,0,40
787,Genesis Antwi,6,2,0,0,0,0,40
160,Chilwell,7,2,0,4,254,13,46
194,C.Richards,7,2,7,31,1921,68,44
195,Chadi Riad,7,2,0,2,90,1,43
196,Clyne,7,2,1,11,477,18,43
200,Guéhi,7,2,11,42,3059,116,47
201,Henderson,7,1,11,51,3420,135,46
202,Holding,7,2,0,0,0,0,42
209,Matthews,7,1,0,0,0,0,39
210,Mitchell,7,2,12,46,3090,123,48
211,Muñoz,7,2,11,46,3229,142,52
215,Ward,7,2,0,2,71,1,43
445,Turner,7,1,0,0,0,0,39
650,Lacroix,7,2,11,45,3116,114,45
666,Kporha,7,2,0,1,11,2,40
219,Branthwaite,8,2,9,28,2509,88,49
221,Coleman,8,2,0,4,214,5,43
225,Holgate,8,2,0,1,5,1,40
227,J.Virginia,8,1,0,0,0,0,38
228,Keane,8,2,3,20,1046,48,38
231,Mykolenko,8,2,11,39,3082,121,44
234,Patterson,8,2,0,6,342,14,44
235,Pickford,8,1,12,44,3420,158,52
236,Tarkowski,8,2,10,38,2922,105,47
238,Young,8,2,9,23,1864,98,42
582,O'Brien,8,2,5,17,1568,65,45
624,Begovic,8,1,0,0,0,0,40
627,Dixon,8,2,0,4,90,0,39
803,Welch,8,2,0,0,0,0,40
191,Andersen,9,2,4,47,2673,51,42
241,Bassey,9,2,5,47,3074,75,45
242,Benda,9,1,0,0,0,0,39
244,Castagne,9,2,3,28,1642,46,42
245,Diop,9,2,1,19,1334,31,43
248,Leno,9,1,5,54,3420,115,50
250,Mbabu,9,2,0,0,0,0,40
253,Ream,9,2,0,0,0,0,45
255,Robinson,9,2,5,49,3166,106,47
257,Tete,9,2,3,26,1773,49,44
579,Sessegnon,9,2,1,10,574,57,42
586,J.Cuenca,9,2,0,8,349,9,44
690,Amissah,9,2,0,0,0,0,40
261,Baggott,10,2,0,0,0,0,40
263,Burgess,10,2,0,37,1540,26,38
266,H.Clarke,10,2,0,10,377,1,40
267,Davis,10,2,2,71,2742,52,42
269,Edmundson,10,2,0,0,1,1,40
270,Greaves,10,2,2,53,2205,37,38
275,Johnson,10,2,0,39,1346,30,38
279,Ndaba,10,2,0,0,0,0,40
280,Slicker,10,1,0,0,0,0,39
282,Tuanzebe,10,2,1,38,1710,27,39
283,Walton,10,1,1,19,630,16,43
284,Woolfenden,10,2,1,28,1187,18,39
568,Muric,10,1,1,33,1620,49,44
583,Townsend,10,2,0,6,334,11,39
630,O'Shea,10,2,2,75,3122,49,38
715,Godfrey,10,2,0,10,158,-1,40
764,Palmer,10,1,0,30,1170,22,45
799,Boniface,10,2,0,0,0,0,40
288,Coady,11,2,2,42,1712,39,40
291,Faes,11,2,3,63,2812,55,38
293,Hermansen,11,1,1,58,2385,63,44
294,Iversen,11,1,0,0,0,0,39
295,Justin,11,2,3,68,2912,70,41
296,Kristiansen,11,2,1,62,2481,34,44
301,Okoli,11,2,1,26,1122,27,40
302,Ricardo,11,2,0,8,382,10,41
303,Souttar,11,2,0,0,0,0,40
304,Stolarczyk,11,1,2,16,900,25,40
305,Thomas,11,2,3,23,1109,27,39
307,Vestergaard,11,2,0,35,1390,11,39
308,Ward,11,1,0,6,135,2,39
616,Nelson,11,2,0,0,0,0,40
708,Wilson-Brown,11,2,0,0,0,0,40
726,Coulibaly,11,2,0,6,107,1,40
796,Olabade Aluko,11,2,0,0,1,1,40
310,A.Becker,12,1,10,29,2508,112,55
311,Alexander-Arnold,12,2,12,25,2362,148,72
313,Bradley,12,2,3,10,744,41,47
322,Gomez,12,2,1,8,517,14,47
325,Kelleher,12,1,4,12,900,45,39
326,Konaté,12,2,11,28,2561,106,53
332,N.Phillips,12,2,0,0,0,0,40
333,Quansah,12,2,0,12,488,9,39
334,R.Williams,12,2,0,0,0,0,40
335,Robertson,12,2,10,32,2479,91,58
337,Tsimikas,12,2,4,8,829,43,46
339,Virgil,12,2,14,38,3330,143,67
660,Jaros,12,1,0,0,11,1,40
669,Davies,12,1,0,0,0,0,40
692,Nallo,12,2,0,0,0,0,40
340,Akanji,13,2,6,28,2012,61,53
341,Aké,13,2,3,11,677,25,53
344,Carson,13,1,0,0,0,0,39
347,Ederson M.,13,1,10,26,2320,111,53
350,Gvardiol,13,2,13,41,3278,153,65
353,João Cancelo,13,2,0,0,0,0,53
355,Lewis,13,2,5,27,1888,66,43
358,Ortega Moreno,13,1,3,18,1099,35,52
361,Rúben,13,2,11,21,2269,90,55
362,Stones,13,2,1,11,544,29,53
363,Walker,13,2,0,21,966,13,51
626,Kaboré,13,2,0,0,0,0,45
672,Simpson-Pusey,13,2,0,2,95,1,40
675,Wilson-Esbrand,13,2,0,0,0,0,40
703,Alleyne,13,2,0,0,0,0,40
704,Brits,13,1,0,0,0,0,40
732,Khusanov,13,2,2,6,503,14,50
733,Vitor Reis,13,2,0,0,1,1,45
367,Bayindir,14,1,1,10,360,8,43
369,Dalot,14,2,8,45,2812,95,50
371,Evans,14,2,1,2,312,15,44
374,Heaton,14,1,0,0,0,0,39
376,Lindelof,14,2,2,9,695,27,43
377,Maguire,14,2,3,27,1751,48,49
379,Malacia,14,2,0,1,99,2,44
380,Martinez,14,2,6,27,1751,68,43
383,Onana,14,1,9,44,3060,120,49
387,Shaw,14,2,0,5,346,5,49
572,Yoro,14,2,1,24,1160,22,43
593,De Ligt,14,2,4,36,2119,68,48
594,Mazraoui,14,2,7,43,2836,88,42
658,Heaven,14,2,1,1,169,10,40
670,Amass,14,2,0,9,345,4,40
691,Kukonki,14,2,0,0,0,0,40
761,Harrison,14,1,0,0,0,0,40
766,Dorgu,14,2,2,12,840,18,45
777,Fredricson,14,2,0,5,166,2,40
783,Graczyk,14,1,0,0,0,0,40
788,Dermot Mee,14,1,0,0,0,0,40
390,A.Murphy,15,2,0,0,0,0,40
393,Botman,15,2,2,4,412,18,44
395,Burn,15,2,13,45,3330,115,46
396,Dúbravka,15,1,5,12,900,44,40
399,Hall,15,2,8,31,2188,102,47
404,Kelly,15,2,0,6,299,12,42
405,Krafth,15,2,1,2,334,17,43
407,Lascelles,15,2,0,0,0,0,45
408,Lewis,15,2,0,0,0,0,40
409,Livramento,15,2,10,40,2835,105,46
412,Odysseas,15,1,0,0,0,0,42
413,Pope,15,1,8,35,2520,102,50
414,Ruddy,15,1,0,0,0,0,39
415,Schär,15,2,11,42,2935,118,55
416,Targett,15,2,0,0,20,2,39
418,Trippier,15,2,6,18,1299,72,56
574,Pivas,15,2,0,0,0,0,40
26,Alex Moreno,16,2,3,16,952,34,42
422,Aina,16,2,12,39,2996,128,53
425,Boly,16,2,0,1,146,6,42
427,C.Miguel,16,1,0,0,0,0,41
436,Murillo,16,2,12,44,3188,130,47
437,N.Williams,16,2,10,31,2588,109,45
438,O.Richards,16,2,0,0,0,0,45
440,Omobamidele,16,2,0,0,0,0,42
441,Panzo,16,2,0,0,0,0,40
443,Sels,16,1,13,46,3420,150,52
444,Toffolo,16,2,0,2,135,4,42
448,Worrall,16,2,0,0,0,0,45
573,Milenković,16,2,13,45,3330,145,52
653,Morato,16,2,3,14,891,36,45
706,Abbott,16,2,0,0,0,0,40
721,Hennessey,16,1,0,0,0,0,40
14,Ramsdale,17,1,3,66,2700,97,44
454,Bazunu,17,1,0,0,0,0,43
455,Bednarek,17,2,3,57,2531,60,40
456,Bella-Kotchap,17,2,0,13,329,2,39
457,Bree,17,2,1,31,1070,23,39
460,Edwards,17,2,0,1,12,1,39
461,Harwood-Bellis,17,2,3,65,2824,55,39
464,Larios,17,2,0,0,0,0,39
465,Lis,17,1,0,0,0,0,40
466,Lumley,17,1,0,7,270,8,40
467,Manning,17,2,1,35,1458,34,43
469,McCarthy,17,1,0,13,450,12,42
472,Stephens,17,2,2,31,1389,31,40
474,Sugawara,17,2,2,46,1548,43,42
475,Taylor,17,2,0,12,353,6,39
476,Walker-Peters,17,2,2,77,2918,54,42
477,Wood,17,2,1,20,771,14,39
718,Welington,17,2,1,10,478,14,40
719,Kayi Sanda,17,2,0,1,12,2,40
804,Moore,17,2,0,0,0,0,40
478,A.Phillips,18,2,0,0,0,0,40
479,Austin,18,1,0,2,90,1,40
484,Davies,18,2,3,26,1329,28,43
486,Dragusin,18,2,2,29,1250,24,43
487,E.Royal,18,2,0,0,0,0,45
488,Forster,18,1,1,15,630,19,43
495,Pedro Porro,18,2,6,47,2606,98,52
496,Reguilón,18,2,0,3,194,2,41
498,Romero,18,2,3,22,1416,49,49
504,Spence,18,2,3,39,1790,51,44
505,Udogie,18,2,2,35,1923,43,48
506,Van de Ven,18,2,2,17,1014,32,45
508,Vicario,18,1,4,37,2160,66,48
510,Whiteman,18,1,0,0,0,0,39
684,Hardy,18,2,0,0,0,0,40
699,Dorrington,18,2,0,0,13,1,40
700,King,18,2,0,0,0,0,40
716,Kinsky,18,1,1,11,540,17,41
760,Cassanova,18,2,0,0,0,0,40
767,Danso,18,2,1,18,842,16,44
388,Wan-Bissaka,19,2,6,59,3154,118,45
513,Areola,19,1,4,41,2259,69,42
516,Coufal,19,2,2,21,1056,27,41
517,Cresswell,19,2,3,8,818,36,39
520,Emerson,19,2,5,41,2108,76,44
521,Fabianski,19,1,2,21,1160,39,39
522,Foderingham,19,1,0,0,0,0,42
524,Kilman,19,2,6,62,3348,82,43
528,Mavropanos,19,2,2,39,2035,45,43
529,N.Aguerd,19,2,0,0,0,0,44
532,Zouma,19,2,0,0,0,0,44
591,Todibo,19,2,5,33,1824,54,42
643,Casey,19,2,0,0,1,1,40
677,Scarles,19,2,2,9,659,29,40
686,Mayers,19,2,0,0,0,0,40
204,Johnstone,20,1,0,17,630,12,41
533,Aït-Nouri,20,2,7,67,3112,125,51
536,Bentley,20,1,1,4,180,9,39
542,Dawson,20,2,1,25,969,17,42
543,Doherty,20,2,6,38,2105,75,43
549,H.Bueno,20,2,0,0,0,0,45
552,Hoever,20,2,0,0,0,0,40
554,José Sá,20,1,7,48,2610,93,44
556,King,20,1,0,0,1,1,39
558,Mosquera,20,2,0,12,441,3,38
559,N.Semedo,20,2,8,49,2889,84,45
561,Pedro Lima,20,2,0,2,69,2,39
564,S.Bueno,20,2,5,34,1678,52,43
567,Toti,20,2,8,45,2613,79,43
637,Meupiyou,20,2,0,0,0,0,39
664,Pond,20,2,0,0,1,1,39
711,Okoduwa,20,2,0,0,0,0,40
720,Agbadou,20,2,4,22,1410,45,40
769,Djiga,20,2,0,2,65,4,45
