id,web_name,team,now_cost,total_points,goals_scored,assists,clean_sheets,goals_conceded,own_goals,yellow_cards,red_cards,bonus,bps,minutes,form,points_per_game
3,Gabriel,1,61,117,3,2,10,22,0,4,0,9,459,2363,0.0,4.2
6,J.Timber,1,55,114,1,3,11,21,0,7,0,9,426,2415,0.0,3.8
8,Kiwior,1,49,43,1,0,3,15,0,1,0,2,178,1117,2.8,2.5
18,Saliba,1,64,130,2,0,12,29,0,2,1,14,564,3039,0.8,3.7
21,Tierney,1,43,27,1,0,1,1,0,0,0,2,99,250,3.0,2.1
22,Tomiyasu,1,48,1,0,0,0,0,0,0,0,0,2,6,0.0,1.0
24,White,1,62,50,0,2,5,13,0,2,0,0,211,1195,3.2,2.9
25,Zinchenko,1,48,40,0,1,4,1,0,1,0,2,141,518,1.0,2.7
578,Calafiori,1,58,39,2,1,1,12,0,4,0,1,142,978,0.5,2.1
657,Kacurri,1,40,0,0,0,0,0,0,0,0,0,0,0,0.0,0.0
662,Nichols,1,40,0,0,0,0,0,0,0,0,0,0,0,0.0,0.0
801,Clarke,1,40,0,0,0,0,0,0,0,0,0,0,0,0.0,0.0
32,Cash,2,44,76,1,1,7,22,0,7,0,2,286,2069,4.8,2.8
35,Diego Carlos,2,45,21,0,0,2,15,0,1,0,1,69,828,0.0,2.1
36,Digne,2,44,89,0,5,6,36,0,4,0,7,383,2348,2.0,2.8
40,Hause,2,39,0,0,0,0,0,0,0,0,0,0,0,0.0,0.0
43,Kesler-Hayden,2,40,0,0,0,0,0,0,0,0,0,0,0,0.0,0.0
44,Konsa,2,45,103,2,0,8,45,0,1,0,10,448,2936,6.8,3.0
45,Maatsen,2,45,57,1,2,3,16,0,2,0,0,204,1125,3.5,2.0
49,Mings,2,44,47,0,1,4,11,0,1,0,5,207,1119,1.5,3.4
50,Nedeljkovic,2,39,5,0,0,0,4,0,0,0,0,11,121,0.0,1.0
52,Pau,2,42,55,0,0,5,33,0,2,0,3,254,2019,3.5,2.3
56,Sousa,2,40,0,0,0,0,0,0,0,0,0,0,0,0.0,0.0
167,Disasi,2,42,33,1,0,3,12,0,3,0,0,133,851,0.0,2.5
598,Bogarde,2,39,6,0,0,0,11,0,2,0,0,22,473,0.0,0.8
640,Swinkels,2,40,0,0,0,0,0,0,0,0,0,0,0,0.0,0.0
731,A. Garcia,2,45,8,0,0,0,5,0,0,0,0,26,316,0.0,1.1
59,Aarons,3,43,8,0,0,1,0,0,0,0,0,31,84,0.0,2.7
68,Hill,3,39,17,0,1,1,9,0,1,0,0,55,443,0.0,1.7
70,Kerkez,3,53,134,2,6,9,45,0,4,0,10,550,3336,2.8,3.5
72,Mepham,3,44,0,0,0,0,0,0,0,0,0,0,0,0.0,0.0
79,Senesi,3,46,31,0,0,2,17,0,5,0,3,114,1103,1.8,1.8
81,Smith,3,44,57,0,0,6,18,0,7,0,0,161,1586,2.0,2.3
85,Zabarnyi,3,44,94,0,1,8,42,0,4,1,8,429,3109,3.8,2.6
580,Huijsen,3,45,104,3,2,7,31,0,10,0,14,449,2422,3.2,3.2
592,J.Araujo,3,43,12,0,0,0,10,0,2,0,0,20,492,0.8,1.0
680,Kinsey,3,40,0,0,0,0,0,0,0,0,0,0,0,0.0,0.0
702,Harris,3,40,0,0,0,0,0,0,0,0,0,0,0,0.0,0.0
712,Akinmboni,3,40,0,0,0,0,0,0,0,0,0,0,0,0.0,0.0
713,Soler,3,39,3,0,0,0,1,0,0,0,0,8,9,0.5,1.0
86,Ajer,4,44,39,0,0,3,25,0,5,0,0,120,1433,0.2,1.6
88,Collins,4,46,127,2,7,8,57,0,5,0,11,549,3420,4.6,3.3
92,Henry,4,43,4,0,0,0,3,0,0,0,0,5,94,0.4,0.8
93,Hickey,4,43,0,0,0,0,0,0,0,0,0,0,0,0.0,0.0
96,Ji-soo,4,39,3,0,0,0,0,0,0,0,0,8,28,0.0,1.0
100,Mee,4,42,9,0,0,1,4,0,2,0,0,30,180,0.0,1.3
104,Pinnock,4,44,47,2,0,2,35,1,2,0,0,233,1912,0.0,2.1
105,Roerslev,4,43,36,0,2,2,20,0,2,0,0,125,1100,0.0,1.9
112,Zanka,4,45,0,0,0,0,0,0,0,0,0,0,0,0.0,0.0
338,Van den Berg,4,41,62,0,1,5,49,0,3,0,1,266,2584,3.0,2.0
649,Meghoma,4,40,1,0,0,0,0,0,0,0,0,3,4,0.0,1.0
705,Arthur,4,40,0,0,0,0,0,0,0,0,0,0,0,0.0,0.0
757,Kayode,4,45,27,0,1,2,5,0,2,0,0,115,523,4.0,2.2
786,Benjamin Fredrick,4,40,0,0,0,0,0,0,0,0,0,0,0,0.0,0.0
116,Barco,5,40,0,0,0,0,0,0,0,0,0,0,0,0.0,0.0
120,Dunk,5,42,44,0,1,4,42,1,5,0,0,223,2081,0.5,1.8
122,Estupiñan,5,49,63,1,1,3,44,0,5,0,7,313,2399,2.5,2.1
128,Igor,5,43,18,0,0,1,17,0,4,0,0,113,959,0.2,1.4
131,Lamptey,5,44,42,2,2,2,21,0,0,0,1,99,856,0.5,2.8
139,Offiah,5,40,0,0,0,0,0,0,0,0,0,0,0,0.0,0.0
144,Van Hecke,5,45,87,1,1,7,47,0,6,1,7,406,2960,3.0,2.6
145,Veltman,5,43,59,0,0,6,24,0,5,0,7,249,1694,0.2,2.8
147,Webster,5,43,39,0,1,4,11,0,1,0,2,167,885,3.2,2.8
628,F.Kadıoğlu,5,44,19,1,0,2,8,0,1,0,0,59,385,0.0,3.2
663,Samuels,5,40,0,0,0,0,0,0,0,0,0,0,0,0.0,0.0
681,McConville,5,40,0,0,0,0,0,0,0,0,0,0,0,0.0,0.0
685,Slater,5,40,0,0,0,0,0,0,0,0,0,0,0,0.0,0.0
763,Cashin,5,45,1,0,0,0,2,0,0,0,0,-2,19,0.0,0.5
791,Charlie Tasker,5,40,0,0,0,0,0,0,0,0,0,0,0,0.0,0.0
794,Freddie Simmonds,5,40,0,0,0,0,0,0,0,0,0,0,0,0.0,0.0
153,B.Badiashile,6,42,7,0,0,0,5,0,0,0,0,35,332,0.0,1.4
159,Chalobah,6,44,93,3,1,6,25,0,3,0,11,379,1969,0.8,3.7
162,Colwill,6,44,109,2,1,10,41,0,9,0,6,461,3150,5.8,3.1
163,Cucurella,6,54,133,5,2,9,38,0,8,1,14,533,2988,6.5,3.7
170,Gilchrist,6,40,0,0,0,0,0,0,0,0,0,0,0,0.0,0.0
171,Gusto,6,49,60,0,1,4,26,0,4,0,2,285,1853,1.0,1.9
172,James,6,48,54,1,2,3,14,0,1,0,5,223,1057,4.5,2.8
176,M.Sarr,6,45,0,0,0,0,0,0,0,0,0,0,0,0.0,0.0
187,Tosin,6,42,71,1,1,7,14,0,4,0,7,305,1403,3.5,3.2
189,W.Fofana,6,43,26,0,0,2,13,0,7,0,2,162,1172,0.0,1.9
575,Wiley,6,40,0,0,0,0,0,0,0,0,0,0,0,0.0,0.0
697,Acheampong,6,40,4,0,0,0,3,0,1,0,0,8,168,0.0,1.0
774,Anselmino,6,40,0,0,0,0,0,0,0,0,0,0,0,0.0,0.0
782,Samuels-Smith,6,40,0,0,0,0,0,0,0,0,0,0,0,0.0,0.0
787,Genesis Antwi,6,40,0,0,0,0,0,0,0,0,0,0,0,0.0,0.0
160,Chilwell,7,46,13,1,0,0,4,0,1,0,0,54,254,2.0,1.6
194,C.Richards,7,44,68,1,1,7,31,0,2,1,2,249,1921,2.8,2.8
195,Chadi Riad,7,43,1,0,0,0,2,0,0,0,0,3,90,0.0,1.0
196,Clyne,7,43,18,0,0,1,11,0,1,0,0,48,477,0.0,1.4
200,Guéhi,7,47,116,3,2,11,42,3,7,1,11,492,3059,2.2,3.4
202,Holding,7,42,0,0,0,0,0,0,0,0,0,0,0,0.0,0.0
210,Mitchell,7,48,123,0,6,12,46,0,2,0,4,455,3090,4.0,3.3
211,Muñoz,7,52,142,4,6,11,46,0,10,0,9,480,3229,3.8,3.8
215,Ward,7,43,1,0,0,0,2,0,1,0,0,-3,71,0.0,0.5
650,Lacroix,7,45,114,1,2,11,45,0,5,0,9,463,3116,2.8,3.3
666,Kporha,7,40,2,0,0,0,1,0,0,0,0,1,11,0.0,1.0
219,Branthwaite,8,49,88,0,1,9,28,0,4,0,3,420,2509,2.2,2.9
221,Coleman,8,43,5,0,0,0,4,0,1,0,0,17,214,0.5,1.0
225,Holgate,8,40,1,0,0,0,1,0,0,0,0,-1,5,0.0,1.0
228,Keane,8,38,48,3,0,3,20,0,5,0,4,139,1046,4.0,3.4
231,Mykolenko,8,44,121,1,3,11,39,0,4,0,9,467,3082,6.2,3.5
234,Patterson,8,44,14,0,1,0,6,0,1,0,0,47,342,0.8,1.4
236,Tarkowski,8,47,105,1,1,10,38,0,6,0,8,468,2922,0.0,3.2
238,Young,8,42,98,1,4,9,23,0,7,1,9,354,1864,3.8,3.1
582,O'Brien,8,45,65,2,0,5,17,0,5,0,5,233,1568,3.2,3.2
627,Dixon,8,39,0,0,0,0,4,0,0,0,0,0,90,0.0,0.0
803,Welch,8,40,0,0,0,0,0,0,0,0,0,0,0,0.0,0.0
191,Andersen,9,42,51,0,0,4,47,1,7,1,3,306,2673,1.0,1.7
241,Bassey,9,45,75,1,0,5,47,0,7,0,0,390,3074,0.8,2.1
244,Castagne,9,42,46,0,1,3,28,0,1,0,0,205,1642,0.2,1.9
245,Diop,9,43,31,0,0,1,19,1,2,0,0,146,1334,0.0,1.5
250,Mbabu,9,40,0,0,0,0,0,0,0,0,0,0,0,0.0,0.0
253,Ream,9,45,0,0,0,0,0,0,0,0,0,0,0,0.0,0.0
255,Robinson,9,47,106,0,10,5,49,0,8,0,8,507,3166,1.0,2.9
257,Tete,9,44,49,0,2,3,26,0,5,0,0,207,1773,0.8,2.2
579,Sessegnon,9,42,57,4,2,1,10,0,1,0,5,137,574,0.8,3.6
586,J.Cuenca,9,44,9,0,0,0,8,0,0,0,0,38,349,0.5,1.1
690,Amissah,9,40,0,0,0,0,0,0,0,0,0,0,0,0.0,0.0
261,Baggott,10,40,0,0,0,0,0,0,0,0,0,0,0,0.0,0.0
263,Burgess,10,38,26,0,2,0,37,0,0,0,0,122,1540,1.5,1.4
266,H.Clarke,10,40,1,0,0,0,10,1,1,1,0,-5,377,0.0,0.1
267,Davis,10,42,52,1,2,2,71,0,5,1,5,174,2742,0.5,1.6
269,Edmundson,10,40,1,0,0,0,0,0,0,0,0,3,1,0.0,1.0
270,Greaves,10,38,37,1,0,2,53,0,5,0,0,171,2205,1.2,1.5
275,Johnson,10,38,30,1,2,0,39,0,3,1,2,23,1346,0.2,1.3
279,Ndaba,10,40,0,0,0,0,0,0,0,0,0,0,0,0.0,0.0
282,Tuanzebe,10,39,27,0,1,1,38,1,3,1,0,80,1710,1.2,1.2
284,Woolfenden,10,39,18,0,0,1,28,0,2,0,0,93,1187,0.2,1.2
583,Townsend,10,39,11,0,1,0,6,0,1,0,0,43,334,0.0,1.8
630,O'Shea,10,38,49,0,2,2,75,0,6,0,1,231,3122,1.2,1.4
715,Godfrey,10,40,-1,0,0,0,10,0,1,0,0,-27,158,0.0,-0.3
799,Boniface,10,40,0,0,0,0,0,0,0,0,0,0,0,0.0,0.0
288,Coady,11,40,39,1,0,2,42,0,3,0,3,144,1712,5.5,1.8
291,Faes,11,38,55,1,0,3,63,0,4,0,2,241,2812,4.0,1.6
295,Justin,11,41,70,2,2,3,68,0,6,0,6,218,2912,5.0,1.9
296,Kristiansen,11,44,34,0,1,1,62,1,1,0,0,153,2481,0.5,1.1
301,Okoli,11,40,27,1,0,1,26,0,4,0,1,106,1122,0.2,1.4
302,Ricardo,11,41,10,0,0,0,8,0,1,0,0,46,382,0.2,1.0
303,Souttar,11,40,0,0,0,0,0,0,0,0,0,0,0,0.0,0.0
305,Thomas,11,39,27,0,0,3,23,0,3,0,0,144,1109,4.2,1.9
307,Vestergaard,11,39,11,0,0,0,35,1,5,0,0,86,1390,0.0,0.6
616,Nelson,11,40,0,0,0,0,0,0,0,0,0,0,0,0.0,0.0
708,Wilson-Brown,11,40,0,0,0,0,0,0,0,0,0,0,0,0.0,0.0
726,Coulibaly,11,40,1,0,0,0,6,0,1,0,0,-4,107,0.0,0.2
796,Olabade Aluko,11,40,1,0,0,0,0,0,0,0,0,3,1,0.2,1.0
311,Alexander-Arnold,12,72,148,3,7,12,25,0,5,0,13,603,2362,0.5,4.5
313,Bradley,12,47,41,0,2,3,10,0,4,0,3,160,744,1.8,2.2
322,Gomez,12,47,14,0,0,1,8,0,1,0,0,83,517,0.0,1.6
326,Konaté,12,53,106,1,2,11,28,0,5,0,4,487,2561,1.0,3.4
332,N.Phillips,12,40,0,0,0,0,0,0,0,0,0,0,0,0.0,0.0
333,Quansah,12,39,9,0,0,0,12,1,2,0,0,38,488,-0.2,0.7
334,R.Williams,12,40,0,0,0,0,0,0,0,0,0,0,0,0.0,0.0
335,Robertson,12,58,91,0,1,10,32,1,3,1,4,397,2479,1.5,2.8
337,Tsimikas,12,46,43,0,1,4,8,0,2,0,3,217,829,0.5,2.4
339,Virgil,12,67,143,3,1,14,38,0,5,0,8,631,3330,2.0,3.9
692,Nallo,12,40,0,0,0,0,0,0,0,0,0,0,0,0.0,0.0
340,Akanji,13,53,61,0,0,6,28,0,3,0,1,307,2012,3.8,2.3
341,Aké,13,53,25,0,0,3,11,0,0,0,0,121,677,0.0,2.5
350,Gvardiol,13,65,153,5,0,13,41,0,2,0,15,623,3278,6.0,4.1
353,João Cancelo,13,53,0,0,0,0,0,0,0,0,0,0,0,0.0,0.0
355,Lewis,13,43,66,1,2,5,27,0,3,1,1,285,1888,1.8,2.4
361,Rúben,13,55,90,0,0,11,21,1,4,0,7,410,2269,6.2,3.3
362,Stones,13,53,29,2,0,1,11,0,1,0,2,92,544,0.0,2.6
363,Walker,13,51,13,0,0,0,21,0,3,0,0,63,966,0.0,0.9
626,Kaboré,13,45,0,0,0,0,0,0,0,0,0,0,0,0.0,0.0
672,Simpson-Pusey,13,40,1,0,0,0,2,0,1,0,0,7,95,0.0,0.5
675,Wilson-Esbrand,13,40,0,0,0,0,0,0,0,0,0,0,0,0.0,0.0
703,Alleyne,13,40,0,0,0,0,0,0,0,0,0,0,0,0.0,0.0
732,Khusanov,13,50,14,0,0,2,6,1,1,0,0,78,503,0.0,2.3
733,Vitor Reis,13,45,1,0,0,0,0,0,0,0,0,4,1,0.0,1.0
369,Dalot,14,50,95,0,4,8,45,0,5,0,9,352,2812,0.2,2.9
371,Evans,14,44,15,0,0,1,2,0,1,0,3,71,312,0.2,2.1
376,Lindelof,14,43,27,0,0,2,9,0,1,0,0,100,695,2.5,1.7
377,Maguire,14,49,48,1,0,3,27,0,7,0,3,217,1751,2.2,1.8
379,Malacia,14,44,2,0,0,0,1,0,1,0,0,2,99,0.0,0.7
380,Martinez,14,43,68,2,1,6,27,0,7,0,5,293,1751,0.0,3.4
387,Shaw,14,49,5,0,0,0,5,1,1,0,0,38,346,0.2,0.7
572,Yoro,14,43,22,0,0,1,24,0,5,0,0,90,1160,0.2,1.0
593,De Ligt,14,48,68,2,0,4,36,0,3,0,3,312,2119,0.0,2.3
594,Mazraoui,14,42,88,0,1,7,43,0,3,0,5,410,2836,0.8,2.4
658,Heaven,14,40,10,0,0,1,1,0,1,0,2,47,169,2.0,2.5
670,Amass,14,40,4,0,0,0,9,0,0,0,0,1,345,0.2,0.8
691,Kukonki,14,40,0,0,0,0,0,0,0,0,0,0,0,0.0,0.0
766,Dorgu,14,45,18,0,0,2,12,0,3,1,1,108,840,2.5,1.5
777,Fredricson,14,40,2,0,0,0,5,0,0,0,0,16,166,0.0,1.0
390,A.Murphy,15,40,0,0,0,0,0,0,0,0,0,0,0,0.0,0.0
393,Botman,15,44,18,0,0,2,4,0,1,0,0,95,412,2.5,2.2
395,Burn,15,46,115,1,1,13,45,2,11,0,9,476,3330,4.0,3.1
399,Hall,15,47,102,0,7,8,31,0,3,0,11,443,2188,0.0,3.8
404,Kelly,15,42,12,0,1,0,6,0,2,0,0,40,299,0.0,1.2
405,Krafth,15,43,17,0,0,1,2,0,2,0,0,55,334,0.2,1.4
407,Lascelles,15,45,0,0,0,0,0,0,0,0,0,0,0,0.0,0.0
408,Lewis,15,40,0,0,0,0,0,0,0,0,0,0,0,0.0,0.0
409,Livramento,15,46,105,0,1,10,40,0,1,0,6,476,2835,3.2,2.8
415,Schär,15,55,118,4,2,11,42,0,9,1,4,440,2935,3.5,3.5
416,Targett,15,39,2,0,0,0,0,0,0,0,0,7,20,0.0,1.0
418,Trippier,15,56,72,0,3,6,18,0,1,0,8,287,1299,0.8,2.9
574,Pivas,15,40,0,0,0,0,0,0,0,0,0,0,0,0.0,0.0
26,Alex Moreno,16,42,34,0,1,3,16,0,2,0,1,126,952,0.0,2.3
422,Aina,16,53,128,2,1,12,39,0,5,0,15,483,2996,1.0,3.7
425,Boly,16,42,6,0,0,0,1,0,1,0,0,26,146,0.0,1.0
436,Murillo,16,47,130,2,0,12,44,0,6,0,18,541,3188,2.8,3.6
437,N.Williams,16,45,109,1,3,10,31,0,7,0,8,435,2588,2.4,3.1
438,O.Richards,16,45,0,0,0,0,0,0,0,0,0,0,0,0.0,0.0
440,Omobamidele,16,42,0,0,0,0,0,0,0,0,0,0,0,0.0,0.0
441,Panzo,16,40,0,0,0,0,0,0,0,0,0,0,0,0.0,0.0
444,Toffolo,16,42,4,0,0,0,2,0,1,0,0,18,135,0.0,1.0
448,Worrall,16,45,0,0,0,0,0,0,0,0,0,0,0,0.0,0.0
573,Milenković,16,52,145,5,2,13,45,0,4,0,2,499,3330,2.8,3.9
653,Morato,16,45,36,0,0,3,14,0,5,0,2,125,891,0.0,1.4
706,Abbott,16,40,0,0,0,0,0,0,0,0,0,0,0,0.0,0.0
455,Bednarek,17,40,60,2,0,3,57,0,7,0,3,283,2531,2.0,2.0
456,Bella-Kotchap,17,39,2,0,0,0,13,0,0,0,0,7,329,0.0,0.5
457,Bree,17,39,23,0,1,1,31,0,0,0,0,95,1070,1.8,1.4
460,Edwards,17,39,1,0,0,0,1,0,0,0,0,-1,12,0.0,1.0
461,Harwood-Bellis,17,39,55,1,0,3,65,0,9,0,2,268,2824,1.8,1.6
464,Larios,17,39,0,0,0,0,0,0,0,0,0,0,0,0.0,0.0
467,Manning,17,43,34,0,2,1,35,0,2,0,0,162,1458,0.5,1.4
472,Stephens,17,40,31,1,0,2,31,0,2,2,2,112,1389,1.8,1.6
474,Sugawara,17,42,43,1,1,2,46,0,4,0,0,116,1548,0.2,1.4
475,Taylor,17,39,6,0,0,0,12,0,1,0,0,26,353,0.2,0.8
476,Walker-Peters,17,42,54,0,3,2,77,0,5,0,3,240,2918,0.2,1.6
477,Wood,17,39,14,0,0,1,20,0,2,0,2,54,771,0.2,1.3
718,Welington,17,40,14,0,0,1,10,0,1,0,0,53,478,2.0,1.4
719,Kayi Sanda,17,40,2,0,0,0,1,0,0,0,0,3,12,0.5,1.0
804,Moore,17,40,0,0,0,0,0,0,0,0,0,0,0,0.0,0.0
478,A.Phillips,18,40,0,0,0,0,0,0,0,0,0,0,0,0.0,0.0
484,Davies,18,43,28,0,0,3,26,0,5,0,0,154,1329,0.5,1.6
486,Dragusin,18,43,24,0,0,2,29,0,1,0,0,96,1250,0.0,1.5
487,E.Royal,18,45,0,0,0,0,0,0,0,0,0,0,0,0.0,0.0
495,Pedro Porro,18,52,98,2,6,6,47,0,5,0,6,456,2606,-0.2,3.0
496,Reguilón,18,41,2,0,0,0,3,0,2,0,0,20,194,0.2,0.5
498,Romero,18,49,49,1,1,3,22,0,3,0,3,245,1416,0.0,2.7
504,Spence,18,44,51,1,2,3,39,1,2,1,6,216,1790,1.0,2.0
505,Udogie,18,48,43,0,1,2,35,1,2,0,0,233,1923,0.0,1.7
506,Van de Ven,18,45,32,0,2,2,17,0,4,0,2,139,1014,0.2,2.5
684,Hardy,18,40,0,0,0,0,0,0,0,0,0,0,0,0.0,0.0
699,Dorrington,18,40,1,0,0,0,0,0,0,0,0,4,13,0.0,1.0
700,King,18,40,0,0,0,0,0,0,0,0,0,0,0,0.0,0.0
760,Cassanova,18,40,0,0,0,0,0,0,0,0,0,0,0,0.0,0.0
767,Danso,18,44,16,0,0,1,18,0,0,0,0,104,842,1.0,1.6
388,Wan-Bissaka,19,45,118,2,6,6,59,1,1,0,15,496,3154,6.2,3.3
516,Coufal,19,41,27,0,0,2,21,1,5,0,1,89,1056,2.0,1.2
517,Cresswell,19,39,36,0,0,3,8,0,3,0,3,159,818,2.2,2.0
520,Emerson,19,44,76,2,1,5,41,0,5,0,4,219,2108,0.8,2.5
524,Kilman,19,43,82,0,1,6,62,0,5,0,5,395,3348,2.5,2.2
528,Mavropanos,19,43,45,0,0,2,39,0,4,1,4,234,2035,1.0,1.4
529,N.Aguerd,19,44,0,0,0,0,0,0,0,0,0,0,0,0.0,0.0
532,Zouma,19,44,0,0,0,0,0,0,0,0,0,0,0,0.0,0.0
591,Todibo,19,42,54,0,0,5,33,0,3,0,1,233,1824,2.5,2.0
643,Casey,19,40,1,0,0,0,0,0,0,0,0,3,1,0.0,1.0
677,Scarles,19,40,29,0,0,2,9,0,1,0,2,98,659,0.5,1.9
686,Mayers,19,40,0,0,0,0,0,0,0,0,0,0,0,0.0,0.0
533,Aït-Nouri,20,51,125,4,7,7,67,0,5,1,13,447,3112,1.2,3.4
542,Dawson,20,42,17,0,1,1,25,2,2,0,1,57,969,0.0,1.1
543,Doherty,20,43,75,2,1,6,38,1,6,0,4,307,2105,1.2,2.5
549,H.Bueno,20,45,0,0,0,0,0,0,0,0,0,0,0,0.0,0.0
552,Hoever,20,40,0,0,0,0,0,0,0,0,0,0,0,0.0,0.0
558,Mosquera,20,38,3,0,0,0,12,0,2,0,0,24,441,0.0,0.6
559,N.Semedo,20,45,84,0,4,8,49,0,8,0,0,302,2889,1.0,2.5
561,Pedro Lima,20,39,2,0,0,0,2,0,0,0,0,9,69,0.0,0.7
564,S.Bueno,20,43,52,0,0,5,34,0,2,0,2,174,1678,0.5,1.8
567,Toti,20,43,79,0,1,8,45,0,7,0,8,370,2613,1.0,2.5
637,Meupiyou,20,39,0,0,0,0,0,0,0,0,0,0,0,0.0,0.0
664,Pond,20,39,1,0,0,0,0,0,0,0,0,3,1,0.0,1.0
711,Okoduwa,20,40,0,0,0,0,0,0,0,0,0,0,0,0.0,0.0
720,Agbadou,20,40,45,1,0,4,22,0,3,0,1,223,1410,2.5,2.8
769,Djiga,20,45,4,0,0,0,2,0,0,0,0,11,65,0.0,0.8
