id,web_name,team,element_type,expected_goals,expected_assists,expected_goal_involvements,expected_goals_conceded,goals_scored,assists,minutes,now_cost
1,Fábio Vieira,1,3,0.00,0.00,0.00,0.00,0,0,0,54
2,G.Jesus,1,4,3.05,0.52,3.57,5.82,3,2,600,65
3,Gabriel,1,2,2.70,1.21,3.91,23.09,3,2,2363,61
4,Havertz,1,4,9.53,1.65,11.18,19.32,9,3,1872,77
5,Hein,1,1,0.00,0.00,0.00,0.00,0,0,0,40
6,J.Timber,1,2,1.23,1.30,2.53,21.09,1,3,2415,55
7,Jorginho,1,3,0.06,0.59,0.65,6.05,0,0,701,46
8,Kiwior,1,2,0.17,0.29,0.46,14.71,1,0,1117,49
9,Martinelli,1,3,7.13,4.46,11.59,26.22,8,4,2284,65
12,Nwaneri,1,3,1.19,1.78,2.97,5.38,4,2,882,43
13,Ødegaard,1,3,4.85,6.68,11.53,22.16,3,9,2321,82
15,Raya,1,1,0.00,0.03,0.03,35.03,0,0,3420,56
16,Rice,1,3,3.51,5.64,9.14,27.13,4,7,2823,63
17,Saka,1,3,6.87,7.78,14.65,17.72,6,11,1724,104
18,Saliba,1,2,2.42,1.28,3.70,30.32,2,0,3039,64
20,Thomas,1,3,2.27,2.64,4.91,30.83,4,3,2793,49
21,Tierney,1,2,0.38,0.54,0.92,2.69,1,0,250,43
22,Tomiyasu,1,2,0.18,0.00,0.18,0.04,0,0,6,48
23,Trossard,1,3,6.74,4.12,10.86,24.76,8,8,2546,67
24,White,1,2,0.46,1.30,1.76,16.88,0,2,1195,62
25,Zinchenko,1,2,0.65,0.52,1.17,3.21,0,1,518,48
73,Neto,1,1,0.00,0.00,0.00,2.91,0,0,180,41
186,Sterling,1,3,1.43,0.48,1.91,4.33,0,2,490,67
578,Calafiori,1,2,0.86,0.69,1.55,10.28,2,1,978,58
597,Lewis-Skelly,1,3,0.16,0.51,0.67,16.65,1,0,1362,45
633,Merino,1,3,5.75,1.18,6.93,15.71,7,2,1575,60
638,Oulad M'hand,1,3,0.00,0.00,0.00,0.00,0,0,0,45
639,Setford,1,1,0.00,0.00,0.00,0.00,0,0,0,45
657,Kacurri,1,2,0.00,0.00,0.00,0.00,0,0,0,40
659,Kabia,1,3,0.00,0.00,0.00,0.00,0,0,0,45
662,Nichols,1,2,0.00,0.00,0.00,0.00,0,0,0,40
665,Butler-Oyedeji,1,4,0.07,0.00,0.07,0.04,0,0,6,45
735,Arteta,1,5,0.00,0.00,0.00,0.00,0,0,0,15
756,Porter,1,1,0.00,0.00,0.00,0.00,0,0,0,40
790,Gower,1,3,0.00,0.00,0.00,0.00,0,0,0,45
793,Jack Henry-Francis,1,3,0.00,0.00,0.00,0.00,0,0,0,45
801,Clarke,1,2,0.00,0.00,0.00,0.00,0,0,0,40
28,Bailey,2,3,1.73,2.92,4.65,13.91,1,2,1132,62
29,Barkley,2,3,1.79,0.43,2.22,6.32,3,1,567,52
30,Barrenechea,2,3,0.00,0.00,0.00,0.00,0,0,0,49
31,Buendia,2,3,0.65,0.03,0.68,2.27,0,0,89,51
32,Cash,2,2,0.48,1.23,1.71,28.64,1,1,2069,44
33,Dendoncker,2,3,0.00,0.00,0.00,0.00,0,0,0,45
34,Diaby,2,3,0.00,0.00,0.00,0.00,0,0,0,65
35,Diego Carlos,2,2,0.64,0.08,0.72,11.88,0,0,828,45
36,Digne,2,2,0.80,3.97,4.77,34.94,0,5,2348,44
37,Dobbin,2,3,0.00,0.00,0.00,0.00,0,0,0,50
38,Duran,2,4,5.11,0.24,5.35,9.94,7,0,622,57
39,Gauci,2,1,0.00,0.00,0.00,0.00,0,0,0,40
40,Hause,2,2,0.00,0.00,0.00,0.00,0,0,0,39
41,Iling Jr,2,3,0.00,0.00,0.00,0.00,0,0,0,54
42,Kamara,2,3,0.82,0.83,1.65,23.03,1,0,1720,50
43,Kesler-Hayden,2,2,0.00,0.00,0.00,0.00,0,0,0,40
44,Konsa,2,2,1.29,0.61,1.90,43.82,2,0,2936,45
45,Maatsen,2,2,0.87,2.43,3.30,17.31,1,2,1125,45
46,Marschall,2,1,0.00,0.00,0.00,0.00,0,0,0,40
47,Martinez,2,1,0.00,0.02,0.02,44.99,0,0,3195,50
48,McGinn,2,3,3.10,2.70,5.80,35.03,1,4,2217,52
49,Mings,2,2,0.88,0.23,1.11,13.20,0,1,1119,44
50,Nedeljkovic,2,2,0.00,0.02,0.02,2.23,0,0,121,39
51,Olsen,2,1,0.00,0.00,0.00,5.50,0,0,225,45
52,Pau,2,2,0.51,0.43,0.94,29.69,0,0,2019,42
53,Ramsey,2,3,1.59,2.18,3.77,23.99,1,4,1616,54
54,Rogers,2,3,6.49,5.24,11.73,43.70,8,11,3115,58
55,Sinisalo,2,1,0.00,0.00,0.00,0.00,0,0,0,40
56,Sousa,2,2,0.00,0.00,0.00,0.00,0,0,0,40
57,Tielemans,2,3,3.31,5.83,9.14,43.87,3,7,3025,55
58,Watkins,2,4,15.12,2.07,17.19,38.62,16,8,2593,92
167,Disasi,2,2,0.37,0.37,0.74,16.70,1,0,851,42
233,Onana,2,3,2.12,0.84,2.96,23.66,3,0,1613,48
385,Rashford,2,3,4.67,3.43,8.10,21.68,6,4,1414,66
598,Bogarde,2,2,0.04,0.13,0.17,9.28,0,0,473,39
640,Swinkels,2,2,0.00,0.00,0.00,0.00,0,0,0,40
641,Zych,2,1,0.00,0.00,0.00,0.00,0,0,0,40
656,Young,2,3,0.00,0.00,0.00,0.00,0,0,0,44
679,Broggio,2,3,0.00,0.00,0.00,0.00,0,0,0,45
710,Jimoh,2,3,0.00,0.00,0.00,0.00,0,0,0,45
725,Malen,2,3,2.15,0.15,2.30,4.77,3,0,296,53
731,A. Garcia,2,2,0.04,0.49,0.53,6.49,0,0,316,45
737,Emery,2,5,0.00,0.00,0.00,0.00,0,0,0,8
762,M.Asensio,2,3,4.43,1.16,5.59,11.11,3,2,740,60
59,Aarons,3,2,0.00,0.01,0.01,0.28,0,0,84,43
60,Adams,3,3,1.33,0.76,2.09,29.26,0,3,1959,49
61,Anthony,3,3,0.00,0.00,0.00,0.00,0,0,0,45
62,Brooks,3,3,2.58,2.02,4.60,15.03,2,1,941,49
63,Christie,3,3,2.14,2.90,5.04,30.17,2,3,2114,48
64,Cook,3,3,0.94,3.76,4.70,45.25,1,4,2976,50
65,Enes Ünal,3,4,2.73,0.26,2.99,6.38,2,1,330,54
66,Faivre,3,3,0.00,0.00,0.00,0.00,0,0,0,50
67,H.Traorè,3,3,0.00,0.00,0.00,0.00,0,0,0,45
68,Hill,3,2,0.29,0.25,0.54,8.54,0,1,443,39
69,Jebbison,3,4,1.05,0.12,1.17,2.05,1,0,105,45
70,Kerkez,3,2,0.60,2.57,3.17,48.69,2,6,3336,53
71,Kluivert,3,3,10.05,3.66,13.71,32.60,12,6,2339,59
72,Mepham,3,2,0.00,0.00,0.00,0.00,0,0,0,44
74,O.Dango,3,3,8.42,3.24,11.66,31.96,7,4,1998,45
75,Paulsen,3,1,0.00,0.00,0.00,0.00,0,0,0,40
76,Philip,3,3,0.55,0.97,1.52,3.35,0,0,176,48
77,Scott,3,3,0.73,1.00,1.73,10.14,0,0,745,47
78,Semenyo,3,3,9.51,4.43,13.94,44.18,11,7,3202,57
79,Senesi,3,2,0.84,0.48,1.32,14.76,0,0,1103,46
80,Sinisterra,3,3,1.18,1.29,2.47,4.08,1,1,229,48
81,Smith,3,2,0.65,0.68,1.33,19.04,0,0,1586,44
83,Tavernier,3,3,5.51,3.65,9.16,25.42,3,7,1932,54
84,Travers,3,1,0.00,0.01,0.01,7.36,0,0,450,44
85,Zabarnyi,3,2,1.20,0.76,1.96,42.54,0,1,3109,44
152,Arrizabalaga,3,1,0.06,0.03,0.09,38.83,0,0,2790,46
580,Huijsen,3,2,1.82,1.57,3.39,37.44,3,2,2422,45
592,J.Araujo,3,2,0.00,0.10,0.10,9.69,0,0,492,43
599,Dennis,3,1,0.00,0.00,0.00,0.00,0,0,0,39
617,Evanilson,3,4,12.47,1.74,14.21,26.78,10,5,2317,59
680,Kinsey,3,2,0.00,0.00,0.00,0.00,0,0,0,40
687,Winterburn,3,3,0.00,0.00,0.00,0.16,0,0,22,45
702,Harris,3,2,0.00,0.00,0.00,0.00,0,0,0,40
707,Rees-Dottin,3,4,0.00,0.00,0.00,0.00,0,0,1,45
712,Akinmboni,3,2,0.00,0.00,0.00,0.00,0,0,0,40
713,Soler,3,2,0.00,0.00,0.00,0.08,0,0,9,39
722,Adu-Adjei,3,4,0.00,0.00,0.00,0.00,0,0,0,45
723,Sadi,3,3,0.00,0.00,0.00,0.00,0,0,0,45
727,McKenna,3,1,0.00,0.00,0.00,0.00,0,0,0,40
728,Silcott-Duberry,3,3,0.00,0.00,0.00,0.04,0,0,1,45
738,Iraola,3,5,0.00,0.00,0.00,0.00,0,0,0,11
86,Ajer,4,2,0.97,0.48,1.45,21.70,0,0,1433,44
87,Brierley,4,3,0.00,0.00,0.00,0.00,0,0,0,44
88,Collins,4,2,2.44,1.57,4.01,56.31,2,7,3420,46
89,Damsgaard,4,3,2.91,7.01,9.92,45.60,2,10,2911,49
90,Dasilva,4,3,0.00,0.00,0.00,0.00,0,0,0,48
91,Flekken,4,1,0.00,0.11,0.11,54.82,0,2,3275,45
92,Henry,4,2,0.00,0.01,0.01,2.16,0,0,94,43
93,Hickey,4,2,0.00,0.00,0.00,0.00,0,0,0,43
94,Janelt,4,3,0.83,2.38,3.21,37.37,1,3,2251,48
95,Jensen,4,3,0.23,1.75,1.98,16.41,0,2,846,53
96,Ji-soo,4,2,0.00,0.00,0.00,0.32,0,0,28,39
97,Konak,4,3,0.15,0.00,0.15,1.79,0,0,53,44
98,Lewis-Potter,4,3,2.96,4.94,7.90,50.62,1,5,3092,50
99,Mbeumo,4,3,12.52,9.24,21.75,55.40,20,9,3415,83
100,Mee,4,2,0.00,0.02,0.02,2.71,0,0,180,42
101,Nørgaard,4,3,4.23,1.38,5.61,44.54,5,5,2820,48
102,Onyeka,4,3,0.00,0.02,0.02,0.69,0,0,23,49
103,Peart-Harris,4,3,0.00,0.00,0.00,0.00,0,0,0,45
104,Pinnock,4,2,1.08,0.64,1.72,34.33,2,0,1912,44
105,Roerslev,4,2,0.20,2.09,2.29,21.52,0,2,1100,43
106,Schade,4,3,8.45,1.75,10.20,30.66,11,4,2281,53
107,Thiago,4,4,0.13,0.04,0.17,3.54,0,0,167,59
108,Toney,4,4,0.00,0.00,0.00,0.00,0,0,0,73
109,Valdimarsson,4,1,0.00,0.00,0.00,1.49,0,0,144,39
110,Wissa,4,4,18.58,2.20,20.77,45.12,18,6,2921,69
111,Yarmoliuk,4,3,0.62,0.91,1.53,26.43,0,0,1435,43
112,Zanka,4,2,0.00,0.00,0.00,0.00,0,0,0,45
314,Carvalho,4,3,2.49,0.54,3.03,11.46,2,1,443,45
338,Van den Berg,4,2,2.09,0.52,2.61,44.61,0,1,2584,41
602,Trevitt,4,3,0.00,0.00,0.00,0.00,0,0,3,44
634,G.Nunes,4,3,0.00,0.00,0.00,0.35,0,0,11,49
649,Meghoma,4,2,0.00,0.00,0.00,0.14,0,0,4,40
661,Yogane,4,3,0.00,0.00,0.00,0.00,0,0,0,45
674,Maghoma,4,3,0.12,0.04,0.16,1.89,0,0,112,45
705,Arthur,4,2,0.00,0.00,0.00,0.00,0,0,0,40
752,Frank,4,5,0.00,0.00,0.00,0.00,0,0,0,8
757,Kayode,4,2,0.19,0.70,0.89,6.66,0,1,523,45
759,Eyestone,4,1,0.00,0.00,0.00,0.00,0,0,0,40
780,Morgan,4,4,0.00,0.00,0.00,0.00,0,0,0,45
786,Benjamin Fredrick,4,2,0.00,0.00,0.00,0.00,0,0,0,40
113,Adingra,5,3,2.47,2.73,5.20,18.94,2,3,1081,51
114,Baker-Boaitey,5,3,0.00,0.00,0.00,0.00,0,0,0,45
115,Baleba,5,3,3.10,1.21,4.31,39.54,3,1,2660,50
116,Barco,5,2,0.00,0.00,0.00,0.00,0,0,0,40
118,Cozier-Duberry,5,3,0.00,0.00,0.00,0.00,0,0,0,45
119,Dahoud,5,3,0.00,0.00,0.00,0.00,0,0,0,49
120,Dunk,5,2,0.81,1.02,1.83,35.69,0,1,2081,42
122,Estupiñan,5,2,1.09,2.43,3.52,39.85,1,1,2399,49
124,Gilmour,5,3,0.08,0.04,0.12,1.32,0,0,97,50
125,Gross,5,3,0.00,0.00,0.00,0.00,0,0,0,65
126,Hinshelwood,5,3,2.74,1.50,4.24,30.09,5,3,1839,49
127,I.Osman,5,3,0.00,0.00,0.00,0.00,0,0,0,50
128,Igor,5,2,0.05,0.25,0.30,17.21,0,0,959,43
129,João Pedro,5,4,8.96,3.10,12.06,25.51,10,6,1946,55
130,Kozlowski,5,3,0.00,0.00,0.00,0.00,0,0,0,45
131,Lamptey,5,2,0.38,0.80,1.18,15.36,2,2,856,44
132,March,5,3,0.09,0.32,0.41,2.82,0,0,161,65
133,Mazilu,5,3,0.00,0.00,0.00,0.00,0,0,0,45
134,Milner,5,3,0.16,0.15,0.31,1.98,0,0,170,50
135,Minteh,5,3,4.13,4.99,9.12,28.41,6,5,1831,48
136,Mitoma,5,3,9.19,4.03,13.22,37.05,10,5,2597,63
137,Moder,5,3,0.00,0.53,0.53,0.26,0,0,9,44
138,O’Mahony,5,4,0.00,0.00,0.00,0.00,0,0,0,45
139,Offiah,5,2,0.00,0.00,0.00,0.00,0,0,0,40
140,Peupion,5,3,0.00,0.00,0.00,0.00,0,0,0,44
141,Sarmiento,5,3,0.00,0.00,0.00,0.00,0,0,8,49
142,Steele,5,1,0.00,0.00,0.00,1.88,0,0,180,40
143,Undav,5,4,0.00,0.00,0.00,0.00,0,0,0,55
144,Van Hecke,5,2,1.32,1.41,2.73,44.67,1,1,2960,45
145,Veltman,5,2,0.47,1.31,1.78,24.83,0,0,1694,43
146,Verbruggen,5,1,0.00,0.01,0.01,53.10,0,1,3240,45
147,Webster,5,2,0.25,0.28,0.53,14.26,0,1,885,43
148,Welbeck,5,4,9.58,1.36,10.94,37.40,10,5,2109,55
149,Wieffer,5,3,0.80,1.00,1.80,18.89,1,5,1003,47
595,Gruda,5,3,1.15,1.93,3.08,12.66,1,4,676,54
600,Ayari,5,3,2.51,2.62,5.13,30.15,2,1,1958,50
601,Moran,5,3,0.00,0.00,0.00,0.00,0,0,0,50
615,Rushworth,5,1,0.00,0.00,0.00,0.00,0,0,0,39
618,Georginio,5,3,4.57,1.67,6.24,27.90,5,6,1651,50
628,F.Kadıoğlu,5,2,0.44,0.31,0.75,9.44,1,0,385,44
629,O'Riley,5,3,2.76,2.04,4.80,14.27,2,3,929,55
663,Samuels,5,2,0.00,0.00,0.00,0.00,0,0,0,40
668,Cahill,5,1,0.00,0.00,0.00,0.00,0,0,0,39
681,McConville,5,2,0.00,0.00,0.00,0.00,0,0,0,40
685,Slater,5,2,0.00,0.00,0.00,0.00,0,0,0,40
714,Gómez,5,3,0.82,1.16,1.98,9.28,1,1,507,55
739,Hürzeler,5,5,0.00,0.00,0.00,0.00,0,0,0,11
758,Knight,5,3,0.00,0.00,0.00,0.00,0,0,0,45
763,Cashin,5,2,0.00,0.00,0.00,0.44,0,0,19,45
791,Charlie Tasker,5,2,0.00,0.00,0.00,0.00,0,0,0,40
794,Freddie Simmonds,5,2,0.00,0.00,0.00,0.00,0,0,0,40
795,Harry Howell,5,3,0.00,0.05,0.05,0.00,0,0,6,45
150,Andrey Santos,6,3,0.00,0.00,0.00,0.00,0,0,0,45
151,Ângelo,6,3,0.00,0.00,0.00,0.00,0,0,0,45
153,B.Badiashile,6,2,0.00,0.08,0.08,5.34,0,0,332,42
154,Bergström,6,1,0.00,0.00,0.00,0.00,0,0,0,39
155,Bettinelli,6,1,0.00,0.00,0.00,0.00,0,0,0,39
157,Caicedo,6,3,0.81,2.82,3.63,45.42,1,4,3351,49
158,Casadei,6,3,0.00,0.00,0.00,0.00,0,0,0,44
159,Chalobah,6,2,1.98,0.64,2.62,27.15,3,1,1969,44
161,Chukwuemeka,6,3,0.00,0.00,0.00,0.00,0,0,0,47
162,Colwill,6,2,1.92,1.31,3.23,43.52,2,1,3150,44
163,Cucurella,6,2,2.79,2.39,5.18,39.94,5,2,2988,54
164,D.D.Fofana,6,4,0.00,0.00,0.00,0.00,0,0,0,54
165,Deivid,6,4,0.00,0.00,0.00,0.00,0,0,0,49
166,Dewsbury-Hall,6,3,0.22,0.22,0.44,3.88,0,1,257,55
168,Enzo,6,3,6.23,6.11,12.34,38.06,6,8,2943,47
169,Gallagher,6,3,0.00,0.00,0.00,0.00,0,0,0,59
170,Gilchrist,6,2,0.00,0.00,0.00,0.00,0,0,0,40
171,Gusto,6,2,1.44,1.91,3.35,27.43,0,1,1853,49
172,James,6,2,0.45,1.15,1.60,16.10,1,2,1057,48
173,Kellyman,6,3,0.00,0.00,0.00,0.00,0,0,0,43
174,Lavia,6,3,0.25,0.38,0.63,14.33,0,1,792,45
175,Lukaku,6,4,0.00,0.00,0.00,0.00,0,0,0,63
176,M.Sarr,6,2,0.00,0.00,0.00,0.00,0,0,0,45
177,Madueke,6,3,9.62,2.86,12.48,29.55,7,5,2028,60
178,Marc Guiu,6,4,0.00,0.02,0.02,1.46,0,0,71,47
179,Mudryk,6,3,0.24,0.66,0.90,3.28,0,0,145,61
180,N.Jackson,6,4,11.68,1.90,13.58,28.47,10,6,2220,77
181,Nkunku,6,3,5.11,1.01,6.12,16.25,3,2,904,57
182,Palmer,6,3,16.79,9.53,26.32,43.88,15,10,3193,105
183,Petrović,6,1,0.00,0.00,0.00,0.00,0,0,0,44
184,Renato Veiga,6,3,0.16,0.15,0.31,3.17,0,0,176,44
185,Sánchez,6,1,0.00,0.02,0.02,38.55,0,0,2880,45
187,Tosin,6,2,0.93,0.23,1.16,19.62,1,1,1403,42
189,W.Fofana,6,2,0.44,0.18,0.62,14.76,0,0,1172,43
386,Sancho,6,3,2.13,3.10,5.23,23.66,3,5,1754,62
560,Neto,6,3,3.48,4.47,7.95,27.98,4,6,2262,61
575,Wiley,6,2,0.00,0.00,0.00,0.00,0,0,0,40
581,Jørgensen,6,1,0.00,0.00,0.00,8.83,0,0,540,42
621,João Félix,6,3,2.30,0.45,2.75,5.96,1,2,362,59
695,Rak-Sakyi,6,3,0.00,0.00,0.00,0.00,0,0,0,45
696,George,6,3,0.20,0.26,0.46,1.41,1,1,177,45
697,Acheampong,6,2,0.22,0.01,0.23,2.09,0,0,168,40
740,Maresca,6,5,0.00,0.00,0.00,0.00,0,0,0,15
771,Amougou,6,3,0.00,0.00,0.00,0.00,0,0,7,45
774,Anselmino,6,2,0.00,0.00,0.00,0.00,0,0,0,40
781,Mheuka,6,4,0.06,0.00,0.06,0.00,0,0,1,45
782,Samuels-Smith,6,2,0.00,0.00,0.00,0.00,0,0,0,40
787,Genesis Antwi,6,2,0.00,0.00,0.00,0.00,0,0,0,40
11,Nketiah,7,4,5.94,0.83,6.77,14.29,3,2,1018,59
160,Chilwell,7,2,0.25,0.88,1.13,2.84,1,0,254,46
190,Ahamada,7,3,0.00,0.00,0.00,0.00,0,0,0,45
193,C.Doucouré,7,3,0.40,0.11,0.51,7.53,0,1,443,48
194,C.Richards,7,2,1.33,0.60,1.93,29.78,1,1,1921,44
195,Chadi Riad,7,2,0.00,0.02,0.02,1.39,0,0,90,43
196,Clyne,7,2,0.02,0.24,0.26,10.11,0,0,477,43
197,Ebiowei,7,3,0.00,0.00,0.00,0.00,0,0,0,45
199,Eze,7,3,10.39,4.67,15.06,35.03,8,8,2588,70
200,Guéhi,7,2,1.87,2.01,3.88,41.55,3,2,3059,47
201,Henderson,7,1,0.01,0.02,0.03,50.33,0,0,3420,46
202,Holding,7,2,0.00,0.00,0.00,0.00,0,0,0,42
203,Hughes,7,3,1.09,2.64,3.73,31.64,0,4,2100,49
205,Kamada,7,3,1.12,1.55,2.67,25.74,0,0,1545,51
206,Lerma,7,3,1.07,1.75,2.82,33.55,0,1,2270,48
207,Mateta,7,4,13.77,2.28,16.05,37.94,14,2,2642,75
208,M.França,7,3,0.28,0.18,0.46,0.40,1,0,52,44
209,Matthews,7,1,0.00,0.00,0.00,0.00,0,0,0,39
210,Mitchell,7,2,1.31,3.67,4.98,46.45,0,6,3090,48
211,Muñoz,7,2,4.92,3.46,8.38,46.30,4,6,3229,52
212,Ozoh,7,3,0.00,0.00,0.00,0.00,0,0,0,45
213,Rak-Sakyi,7,3,0.00,0.00,0.00,0.00,0,0,0,45
214,Schlupp,7,3,0.17,0.14,0.31,1.53,0,0,95,46
215,Ward,7,2,0.00,0.01,0.01,1.57,0,0,71,43
216,Wharton,7,3,0.38,2.17,2.55,19.34,0,2,1314,47
445,Turner,7,1,0.00,0.00,0.00,0.00,0,0,0,39
585,I.Sarr,7,3,10.82,6.82,17.64,38.63,8,7,2708,55
644,Umeh-Chibueze,7,3,0.00,0.00,0.00,0.00,0,0,0,44
645,Devenny,7,3,0.77,0.41,1.18,9.30,1,1,494,45
646,Agbinone,7,3,0.02,0.01,0.03,0.00,0,0,4,45
647,Rodney,7,3,0.00,0.00,0.00,0.00,0,0,0,45
650,Lacroix,7,2,3.50,1.01,4.51,44.59,1,2,3116,45
666,Kporha,7,2,0.00,0.02,0.02,0.06,0,0,11,40
676,Marsh,7,4,0.00,0.00,0.00,0.00,0,0,0,45
730,Esse,7,3,0.32,0.39,0.71,2.15,1,2,138,47
741,Glasner,7,5,0.00,0.00,0.00,0.00,0,0,0,8
156,Broja,8,4,0.11,0.11,0.22,3.82,0,0,327,53
217,A.Doucoure,8,3,4.15,1.41,5.56,34.38,3,2,2563,51
218,Beto,8,4,7.89,0.44,8.33,18.80,8,0,1521,48
219,Branthwaite,8,2,1.20,0.61,1.81,29.83,0,1,2509,49
220,Calvert-Lewin,8,4,6.53,0.63,7.16,24.83,3,2,1602,54
221,Coleman,8,2,0.62,0.03,0.65,4.45,0,0,214,43
222,Gana,8,3,1.15,1.99,3.14,39.88,0,3,3063,48
223,Garner,8,3,0.67,1.37,2.04,19.71,0,1,1590,49
224,Harrison,8,3,3.54,3.12,6.66,31.23,1,3,2068,52
225,Holgate,8,2,0.00,0.00,0.00,0.07,0,0,5,40
226,Iroegbunam,8,3,0.23,0.14,0.37,12.25,0,1,562,43
227,J.Virginia,8,1,0.00,0.00,0.00,0.00,0,0,0,38
228,Keane,8,2,0.61,0.02,0.63,19.16,3,0,1046,38
229,Maupay,8,4,0.00,0.00,0.00,0.00,0,0,0,49
230,McNeil,8,3,1.05,4.49,5.53,21.12,4,8,1366,51
231,Mykolenko,8,2,0.48,2.12,2.60,39.81,1,3,3082,44
232,Ndiaye,8,4,6.23,1.36,7.59,29.01,9,0,2426,52
234,Patterson,8,2,0.07,0.38,0.45,4.48,0,1,342,44
235,Pickford,8,1,0.00,0.22,0.22,46.11,0,1,3420,52
236,Tarkowski,8,2,1.32,2.33,3.65,39.30,1,1,2922,47
237,Y. Chermiti,8,4,0.11,0.00,0.11,0.47,0,0,42,49
238,Young,8,2,0.27,2.87,3.14,26.17,1,4,1864,42
450,Alcaraz,8,3,1.78,0.68,2.46,11.33,2,3,766,47
577,Lindstrøm,8,3,2.15,1.96,4.11,13.37,0,1,1229,50
582,O'Brien,8,2,0.77,0.31,1.08,18.63,2,0,1568,45
603,Armstrong,8,3,0.37,0.00,0.37,0.45,0,0,47,44
614,Metcalfe,8,3,0.00,0.00,0.00,0.00,0,0,0,45
624,Begovic,8,1,0.00,0.00,0.00,0.00,0,0,0,40
627,Dixon,8,2,0.00,0.00,0.00,2.43,0,0,90,39
651,Mangala,8,3,1.13,0.59,1.72,16.64,1,0,1257,50
678,Bates,8,3,0.00,0.00,0.00,0.00,0,0,0,45
724,Sherif,8,4,0.00,0.00,0.00,0.00,0,0,0,45
742,Moyes,8,5,0.00,0.00,0.00,0.00,0,0,0,5
773,Heath,8,3,0.00,0.00,0.00,0.00,0,0,0,45
775,Coby Ebere,8,3,0.00,0.00,0.00,0.00,0,0,0,45
803,Welch,8,2,0.00,0.00,0.00,0.00,0,0,0,40
10,Nelson,9,3,1.07,0.96,2.03,6.13,1,1,483,50
19,Smith Rowe,9,3,4.45,2.04,6.49,25.35,6,3,2036,50
191,Andersen,9,2,1.04,0.57,1.61,37.85,0,0,2673,42
239,Adama,9,3,4.11,4.61,8.72,25.17,2,8,1756,45
240,Andreas,9,3,4.24,4.63,8.87,27.35,2,6,2004,49
241,Bassey,9,2,1.02,0.42,1.44,39.22,1,0,3074,45
242,Benda,9,1,0.00,0.00,0.00,0.00,0,0,0,39
243,Cairney,9,3,0.73,1.14,1.87,9.59,2,0,610,48
244,Castagne,9,2,0.38,0.56,0.94,22.39,0,1,1642,42
245,Diop,9,2,0.51,0.07,0.58,19.98,0,0,1334,43
246,Harris,9,3,0.00,0.00,0.00,0.00,0,0,0,45
247,Iwobi,9,3,4.33,6.90,11.23,38.06,9,6,2981,54
248,Leno,9,1,0.00,0.03,0.03,47.75,0,2,3420,50
249,Lukić,9,3,1.16,1.40,2.56,33.02,0,2,2348,48
250,Mbabu,9,2,0.00,0.00,0.00,0.00,0,0,0,40
251,Muniz,9,4,5.91,0.20,6.11,15.28,8,1,943,55
252,Raúl,9,4,11.97,2.07,14.04,33.49,12,3,2486,53
253,Ream,9,2,0.00,0.00,0.00,0.00,0,0,0,45
254,Reed,9,3,0.23,0.09,0.32,4.62,0,0,100,47
255,Robinson,9,2,0.70,4.17,4.87,44.79,0,10,3166,47
256,Stansfield,9,4,0.00,0.00,0.00,0.67,0,0,1,50
257,Tete,9,2,1.37,0.65,2.02,25.50,0,2,1773,44
258,Vinicius,9,4,0.06,0.00,0.06,0.11,0,0,13,50
259,Wilson,9,3,4.19,1.17,5.36,16.22,6,2,1148,52
579,Sessegnon,9,2,1.64,1.12,2.76,8.20,4,2,574,42
586,J.Cuenca,9,2,0.02,0.01,0.03,8.99,0,0,349,44
604,King,9,3,0.28,0.67,0.95,0.74,0,0,126,44
605,Godo,9,3,0.00,0.07,0.07,0.15,0,0,21,44
622,Berge,9,3,0.45,0.63,1.08,30.81,0,0,2221,50
690,Amissah,9,2,0.00,0.00,0.00,0.00,0,0,0,40
753,Silva,9,5,0.00,0.00,0.00,0.00,0,0,0,11
772,Willian,9,3,0.28,0.72,1.00,4.45,0,0,251,50
121,Enciso,10,3,2.82,1.32,4.14,22.10,2,3,1155,54
260,Al-Hamadi,10,4,0.35,0.04,0.39,3.84,0,0,125,47
261,Baggott,10,2,0.00,0.00,0.00,0.00,0,0,0,40
262,Broadhead,10,3,1.74,1.05,2.79,11.72,2,0,690,49
263,Burgess,10,2,1.08,0.34,1.42,35.17,0,2,1540,38
264,Burns,10,3,0.50,1.17,1.67,23.62,0,1,922,47
265,Chaplin,10,3,1.52,0.61,2.13,17.93,1,2,845,51
266,H.Clarke,10,2,0.08,0.10,0.18,9.10,0,0,377,40
267,Davis,10,2,0.98,4.74,5.72,60.70,1,2,2742,42
268,Delap,10,4,9.44,1.38,10.82,53.60,12,2,2587,56
269,Edmundson,10,2,0.00,0.00,0.00,0.00,0,0,1,40
270,Greaves,10,2,1.31,0.21,1.52,45.51,1,0,2205,38
271,Harness,10,3,0.00,0.05,0.05,1.36,0,0,43,49
272,Hirst,10,4,2.14,0.24,2.38,15.41,3,1,645,54
273,Humphreys,10,3,0.00,0.00,0.00,0.00,0,0,0,45
274,Hutchinson,10,3,2.93,2.46,5.39,51.04,3,3,2585,52
275,Johnson,10,2,1.06,0.83,1.89,37.89,1,2,1346,38
276,Ladapo,10,4,0.00,0.00,0.00,0.00,0,0,0,45
277,Luongo,10,3,0.00,0.01,0.01,6.84,0,0,195,43
278,Morsy,10,3,0.45,1.51,1.96,58.21,1,1,2749,48
279,Ndaba,10,2,0.00,0.00,0.00,0.00,0,0,0,40
280,Slicker,10,1,0.00,0.00,0.00,0.00,0,0,0,39
281,Taylor,10,3,0.75,0.77,1.52,16.28,1,0,837,48
282,Tuanzebe,10,2,0.21,0.26,0.47,32.01,0,1,1710,39
283,Walton,10,1,0.00,0.00,0.00,13.88,0,0,630,43
284,Woolfenden,10,2,0.03,0.02,0.05,26.46,0,0,1187,39
359,Phillips,10,3,0.45,0.46,0.91,27.21,0,0,1231,48
568,Muric,10,1,0.00,0.01,0.01,36.12,0,0,1620,44
569,Jaden,10,3,2.43,0.34,2.77,14.41,2,0,796,53
583,Townsend,10,2,0.03,0.24,0.27,8.13,0,1,334,39
611,Szmodics,10,3,3.44,0.45,3.89,23.27,4,0,988,57
619,Cajuste,10,3,0.68,0.73,1.41,43.97,1,1,1960,45
630,O'Shea,10,2,1.29,0.67,1.96,67.13,0,2,3122,38
631,J.Clarke,10,3,1.17,1.11,2.28,27.25,0,4,1161,54
632,Ogbene,10,3,0.00,0.05,0.05,2.36,0,0,237,48
715,Godfrey,10,2,0.00,0.02,0.02,6.22,0,0,158,40
743,McKenna,10,5,0.00,0.00,0.00,0.00,0,0,0,5
764,Palmer,10,1,0.00,0.00,0.00,24.64,0,0,1170,45
799,Boniface,10,2,0.00,0.00,0.00,0.00,0,0,0,40
800,Tom Taylor,10,3,0.00,0.00,0.00,0.00,0,0,0,45
117,Buonanotte,11,3,4.01,2.29,6.30,29.23,5,2,1508,45
192,J.Ayew,11,3,3.72,1.50,5.22,30.33,5,0,1649,51
198,Edouard,11,4,0.39,0.07,0.46,3.72,0,0,141,51
285,B.Soumaré,11,3,0.29,0.94,1.23,46.48,0,0,2165,44
286,Cannon,11,4,0.00,0.00,0.00,0.00,0,0,0,45
287,Choudhury,11,3,0.00,0.19,0.19,5.28,0,0,129,44
288,Coady,11,2,0.52,0.48,1.00,38.75,1,0,1712,40
289,Daka,11,4,1.25,0.06,1.31,17.37,1,0,717,48
290,De Cordova-Reid,11,3,0.79,0.14,0.93,14.61,1,4,734,52
291,Faes,11,2,1.52,0.40,1.92,58.54,1,0,2812,38
292,Golding,11,3,0.00,0.00,0.00,0.00,0,0,1,44
293,Hermansen,11,1,0.00,0.02,0.02,55.09,0,0,2385,44
294,Iversen,11,1,0.00,0.00,0.00,0.00,0,0,0,39
295,Justin,11,2,1.47,0.80,2.27,63.68,2,2,2912,41
296,Kristiansen,11,2,0.13,1.74,1.87,54.38,0,1,2481,44
297,Marcal,11,3,0.00,0.00,0.00,0.00,0,0,0,45
298,Mavididi,11,3,1.85,3.25,5.10,36.71,4,1,1606,50
299,McAteer,11,3,0.99,0.63,1.62,20.07,1,1,846,47
300,Ndidi,11,3,2.12,1.53,3.65,49.32,0,5,2325,49
301,Okoli,11,2,0.62,0.17,0.79,27.72,1,0,1122,40
302,Ricardo,11,2,0.09,0.07,0.16,7.12,0,0,382,41
303,Souttar,11,2,0.00,0.00,0.00,0.00,0,0,0,40
304,Stolarczyk,11,1,0.00,0.00,0.00,14.83,0,0,900,40
305,Thomas,11,2,0.36,0.49,0.85,25.08,0,0,1109,39
306,Vardy,11,4,11.23,2.55,13.78,63.10,9,5,2825,54
307,Vestergaard,11,2,0.11,0.08,0.19,25.05,0,0,1390,39
308,Ward,11,1,0.00,0.00,0.00,3.35,0,0,135,39
309,Winks,11,3,0.23,1.53,1.76,29.48,0,2,1536,43
501,Skipp,11,3,0.37,0.32,0.69,26.06,0,0,1118,47
570,A.Fatawu,11,3,0.41,1.42,1.83,11.00,0,2,576,51
606,Alves,11,3,0.00,0.00,0.00,0.00,0,0,1,44
616,Nelson,11,2,0.00,0.00,0.00,0.00,0,0,0,40
635,El Khannouss,11,3,1.29,2.85,4.14,48.23,2,4,2179,48
694,Cartwright,11,3,0.00,0.00,0.00,0.00,0,0,0,45
708,Wilson-Brown,11,2,0.00,0.00,0.00,0.00,0,0,0,40
726,Coulibaly,11,2,0.04,0.04,0.08,2.48,0,0,107,40
754,Van Nistelrooy,11,5,0.00,0.00,0.00,0.00,0,0,0,5
792,Monga,11,3,0.17,0.02,0.19,1.67,0,0,105,45
796,Olabade Aluko,11,2,0.00,0.00,0.00,0.04,0,0,1,40
797,Jake Evans,11,3,0.00,0.00,0.00,0.20,0,0,21,45
802,Braybrooke,11,3,0.00,0.00,0.00,0.00,0,0,0,45
310,A.Becker,12,1,0.00,0.20,0.20,27.10,0,0,2508,55
311,Alexander-Arnold,12,2,1.81,7.20,9.01,21.67,3,7,2362,72
312,Bajcetic,12,3,0.00,0.00,0.00,0.00,0,0,0,45
313,Bradley,12,2,0.70,1.43,2.13,12.40,0,2,744,47
315,Clark,12,3,0.00,0.00,0.00,0.00,0,0,0,45
316,Darwin,12,4,5.76,0.51,6.27,16.85,5,3,1113,70
317,Diogo J.,12,3,7.98,1.09,9.07,11.75,6,4,1182,72
318,Doak,12,3,0.00,0.00,0.00,0.00,0,0,0,45
319,Elliott,12,3,1.78,0.64,2.42,6.14,1,2,359,52
320,Endo,12,3,0.00,0.09,0.09,4.25,0,0,259,46
321,Gakpo,12,4,7.12,3.76,10.87,21.51,10,5,1921,72
322,Gomez,12,2,0.33,0.09,0.42,5.38,0,0,517,47
323,Gravenberch,12,3,1.13,3.50,4.63,33.06,0,4,3160,50
324,Jones,12,3,4.34,1.46,5.80,23.35,3,5,1702,53
325,Kelleher,12,1,0.00,0.00,0.00,11.09,0,0,900,39
326,Konaté,12,2,1.80,0.91,2.71,26.67,1,2,2561,53
327,Luis Díaz,12,3,11.90,4.34,16.24,24.44,13,7,2393,75
328,M.Salah,12,3,24.70,8.99,33.69,37.83,29,18,3374,136
329,Mac Allister,12,3,2.89,5.57,8.46,24.21,5,6,2597,62
330,McConnell,12,3,0.00,0.00,0.00,0.00,0,0,0,43
331,Morton,12,3,0.00,0.00,0.00,0.00,0,0,0,44
332,N.Phillips,12,2,0.00,0.00,0.00,0.00,0,0,0,40
333,Quansah,12,2,0.10,0.18,0.28,10.38,0,0,488,39
334,R.Williams,12,2,0.00,0.00,0.00,0.00,0,0,0,40
335,Robertson,12,2,1.12,4.27,5.39,26.90,0,1,2479,58
336,Szoboszlai,12,3,6.94,6.06,13.00,26.78,6,10,2485,61
337,Tsimikas,12,2,0.39,2.32,2.71,9.03,0,1,829,46
339,Virgil,12,2,2.22,0.98,3.20,36.13,3,1,3330,67
636,Chiesa,12,3,0.34,0.15,0.49,2.80,0,0,103,68
660,Jaros,12,1,0.00,0.00,0.00,0.14,0,0,11,40
669,Davies,12,1,0.00,0.00,0.00,0.00,0,0,0,40
688,Nyoni,12,3,0.00,0.00,0.00,0.00,0,0,0,45
692,Nallo,12,2,0.00,0.00,0.00,0.00,0,0,0,40
709,Danns,12,4,0.00,0.01,0.01,0.45,0,0,10,45
744,Slot,12,5,0.00,0.00,0.00,0.00,0,0,0,15
340,Akanji,13,2,1.57,1.30,2.87,29.72,0,0,2012,53
341,Aké,13,2,0.22,0.17,0.39,13.44,0,0,677,53
342,Bernardo,13,3,3.84,4.56,8.40,39.68,4,4,2667,61
343,Bobb,13,3,0.00,0.02,0.02,0.47,0,0,14,47
344,Carson,13,1,0.00,0.00,0.00,0.00,0,0,0,39
345,De Bruyne,13,3,5.17,6.75,11.92,21.47,4,9,1694,95
346,Doku,13,3,1.32,3.81,5.13,15.18,3,6,1506,62
347,Ederson M.,13,1,0.00,0.16,0.16,29.50,0,4,2320,53
348,Foden,13,3,5.17,5.33,10.49,29.11,7,3,1771,91
349,Grealish,13,3,1.13,1.67,2.80,11.33,1,1,710,64
350,Gvardiol,13,2,4.60,2.92,7.52,44.27,5,0,3278,65
351,Haaland,13,4,21.90,2.04,23.94,41.27,22,3,2736,149
352,J.Alvarez,13,4,0.00,0.00,0.00,0.00,0,0,0,70
353,João Cancelo,13,2,0.00,0.00,0.00,0.00,0,0,0,53
354,Kovačić,13,3,1.91,3.21,5.11,31.50,6,3,2194,54
355,Lewis,13,2,1.32,1.01,2.33,27.60,1,2,1888,43
356,Matheus N.,13,3,1.11,3.32,4.43,24.87,1,7,1670,49
357,McAtee,13,3,2.80,0.80,3.60,5.25,3,0,340,46
358,Ortega Moreno,13,1,0.00,0.00,0.00,19.12,0,0,1099,52
360,Rodrigo,13,3,0.00,0.09,0.09,0.33,0,0,72,62
361,Rúben,13,2,1.54,1.20,2.74,29.48,0,0,2269,55
362,Stones,13,2,0.60,0.17,0.77,5.95,2,0,544,53
363,Walker,13,2,0.12,1.34,1.46,19.26,0,0,966,51
571,Savinho,13,3,5.02,6.10,11.12,21.39,1,11,1760,60
607,O’Reilly,13,3,1.28,0.68,1.96,5.49,2,0,525,49
625,Gündogan,13,3,3.21,4.43,7.63,35.69,1,7,2218,63
626,Kaboré,13,2,0.00,0.00,0.00,0.00,0,0,0,45
671,Wright,13,3,0.00,0.00,0.00,0.00,0,0,0,45
672,Simpson-Pusey,13,2,0.00,0.01,0.01,2.37,0,0,95,40
675,Wilson-Esbrand,13,2,0.00,0.00,0.00,0.00,0,0,0,40
698,Mubama,13,4,0.04,0.00,0.04,0.02,0,0,27,45
703,Alleyne,13,2,0.00,0.00,0.00,0.00,0,0,0,40
704,Brits,13,1,0.00,0.00,0.00,0.00,0,0,0,40
732,Khusanov,13,2,0.02,0.09,0.11,6.98,0,0,503,50
733,Vitor Reis,13,2,0.00,0.00,0.00,0.00,0,0,1,45
736,Guardiola,13,5,0.00,0.00,0.00,0.00,0,0,0,15
755,Marmoush,13,4,5.41,1.71,7.12,14.48,7,1,1174,74
765,N.Gonzalez,13,3,0.45,0.48,0.93,8.99,1,1,760,60
785,Echeverri,13,3,0.00,0.01,0.01,0.45,0,0,5,58
364,Amad,14,3,4.71,3.98,8.69,31.71,8,8,1898,53
365,Antony,14,3,0.60,0.21,0.81,2.05,0,0,135,57
366,B.Fernandes,14,3,9.93,7.89,17.82,45.85,8,12,3017,84
367,Bayindir,14,1,0.00,0.00,0.00,6.93,0,0,360,43
368,Casemiro,14,3,1.80,1.99,3.79,24.00,1,0,1489,46
369,Dalot,14,2,1.96,2.35,4.31,46.95,0,4,2812,50
370,Eriksen,14,3,1.31,2.60,3.91,18.54,1,2,1052,52
371,Evans,14,2,0.11,0.02,0.13,2.96,0,0,312,44
372,Garnacho,14,3,7.40,2.76,10.16,35.43,6,4,2188,59
373,Hannibal,14,3,0.00,0.00,0.00,0.00,0,0,0,45
374,Heaton,14,1,0.00,0.00,0.00,0.00,0,0,0,39
375,Højlund,14,4,5.10,1.14,6.24,30.44,4,1,1998,69
376,Lindelof,14,2,0.00,0.09,0.09,8.59,0,0,695,43
377,Maguire,14,2,1.82,0.25,2.07,26.83,1,0,1751,49
378,Mainoo,14,3,0.84,1.78,2.62,25.23,0,0,1646,52
379,Malacia,14,2,0.00,0.02,0.02,0.78,0,0,99,44
380,Martinez,14,2,1.33,1.21,2.54,30.17,2,1,1751,43
381,McTominay,14,3,0.07,0.00,0.07,0.66,0,0,17,49
382,Mount,14,3,3.37,0.57,3.94,8.24,1,0,613,63
383,Onana,14,1,0.00,0.20,0.20,47.79,0,0,3060,49
384,Pellistri,14,3,0.00,0.00,0.00,0.00,0,0,0,50
387,Shaw,14,2,0.03,0.77,0.80,3.81,0,0,346,49
389,Zirkzee,14,4,4.64,1.04,5.68,24.84,3,2,1385,65
572,Yoro,14,2,0.70,0.15,0.85,19.35,0,0,1160,43
593,De Ligt,14,2,2.48,0.25,2.73,38.53,2,0,2119,48
594,Mazraoui,14,2,0.69,1.87,2.56,46.26,0,1,2836,42
613,Collyer,14,3,0.08,0.37,0.45,3.09,0,0,174,45
648,Wheatley,14,4,0.00,0.00,0.00,0.00,0,0,0,45
652,Ugarte,14,3,1.00,0.67,1.67,29.54,1,2,1777,49
658,Heaven,14,2,0.12,0.01,0.13,1.69,0,0,169,40
667,Fletcher,14,3,0.00,0.00,0.00,0.00,0,0,0,45
670,Amass,14,2,0.07,0.07,0.14,6.30,0,0,345,40
673,Fitzgerald,14,3,0.00,0.00,0.00,0.00,0,0,0,45
691,Kukonki,14,2,0.00,0.00,0.00,0.00,0,0,0,40
745,Amorim,14,5,0.00,0.00,0.00,0.00,0,0,0,8
761,Harrison,14,1,0.00,0.00,0.00,0.00,0,0,0,40
766,Dorgu,14,2,0.43,1.27,1.70,10.26,0,0,840,45
776,Obi,14,4,0.66,0.03,0.69,3.70,0,0,160,45
777,Fredricson,14,2,0.00,0.02,0.02,2.94,0,0,166,40
778,Moorhouse,14,3,0.00,0.00,0.00,0.00,0,0,0,45
779,Koné,14,3,0.00,0.00,0.00,0.00,0,0,0,45
783,Graczyk,14,1,0.00,0.00,0.00,0.00,0,0,0,40
788,Dermot Mee,14,1,0.00,0.00,0.00,0.00,0,0,0,40
390,A.Murphy,15,2,0.00,0.00,0.00,0.00,0,0,0,40
391,Almirón,15,3,0.52,0.19,0.71,3.67,0,0,150,54
392,Barnes,15,3,6.45,4.40,10.85,24.32,9,5,1746,59
393,Botman,15,2,0.59,0.22,0.81,5.07,0,0,412,44
394,Bruno G.,15,3,4.34,5.32,9.66,43.41,5,6,3273,62
395,Burn,15,2,1.97,1.09,3.06,45.22,1,1,3330,46
396,Dúbravka,15,1,0.00,0.00,0.00,11.19,0,0,900,40
398,Gordon,15,3,8.19,4.80,12.99,32.62,6,6,2428,74
399,Hall,15,2,0.43,3.73,4.16,29.73,0,7,2188,47
400,Hayden,15,3,0.00,0.00,0.00,0.00,0,0,0,44
401,Isak,15,4,20.33,3.59,23.92,36.85,23,6,2758,94
402,J.Murphy,15,3,5.89,6.14,12.03,28.19,8,13,2356,52
403,Joelinton,15,3,3.74,2.17,5.91,31.79,4,4,2394,60
404,Kelly,15,2,0.41,0.11,0.52,5.72,0,1,299,42
405,Krafth,15,2,0.04,0.04,0.08,6.50,0,0,334,43
406,Kuol,15,3,0.00,0.00,0.00,0.00,0,0,0,44
407,Lascelles,15,2,0.00,0.00,0.00,0.00,0,0,0,45
408,Lewis,15,2,0.00,0.00,0.00,0.00,0,0,0,40
409,Livramento,15,2,0.33,2.70,3.03,37.83,0,1,2835,46
410,Longstaff,15,3,0.60,0.22,0.82,11.32,0,1,783,44
411,Miley,15,3,0.57,0.30,0.87,5.68,1,0,304,50
412,Odysseas,15,1,0.00,0.00,0.00,0.00,0,0,0,42
413,Pope,15,1,0.00,0.00,0.00,34.94,0,0,2520,50
414,Ruddy,15,1,0.00,0.00,0.00,0.00,0,0,0,39
415,Schär,15,2,3.94,1.01,4.95,37.26,4,2,2935,55
416,Targett,15,2,0.00,0.07,0.07,0.26,0,0,20,39
417,Tonali,15,3,4.46,2.77,7.23,33.18,4,2,2625,55
418,Trippier,15,2,0.12,1.44,1.56,17.05,0,3,1299,56
419,White,15,3,0.00,0.00,0.00,0.00,0,0,0,45
420,Willock,15,3,1.65,0.93,2.58,15.01,0,2,1065,47
421,Wilson,15,4,0.36,0.09,0.45,6.07,0,0,355,69
574,Pivas,15,2,0.00,0.00,0.00,0.00,0,0,0,40
590,Osula,15,4,0.16,0.05,0.21,3.18,1,0,124,49
746,Howe,15,5,0.00,0.00,0.00,0.00,0,0,0,15
789,Neave,15,4,0.00,0.00,0.00,0.00,0,0,0,45
26,Alex Moreno,16,2,0.17,1.10,1.27,13.94,0,1,952,42
422,Aina,16,2,0.63,2.25,2.88,40.59,2,1,2996,53
423,Anderson,16,3,2.04,3.51,5.55,40.36,2,6,2726,50
424,Awoniyi,16,4,2.15,0.12,2.27,6.65,1,0,398,55
425,Boly,16,2,0.07,0.00,0.07,2.68,0,0,146,42
426,Bowler,16,3,0.00,0.00,0.00,0.00,0,0,0,45
427,C.Miguel,16,1,0.00,0.00,0.00,0.00,0,0,0,41
428,Da Silva Moreira,16,3,0.00,0.00,0.00,0.31,0,0,28,43
429,Danilo,16,3,0.00,0.01,0.01,4.86,0,0,270,47
430,Dennis,16,4,0.00,0.00,0.00,0.00,0,0,0,49
431,Dominguez,16,3,1.58,1.58,3.16,31.90,0,1,1954,48
432,Elanga,16,3,4.81,5.12,9.93,38.74,6,11,2496,55
433,Gibbs-White,16,3,6.31,4.68,10.99,41.21,7,11,2806,65
434,Hudson-Odoi,16,3,2.52,2.54,5.06,27.79,5,3,2190,51
435,Mighten,16,3,0.00,0.00,0.00,0.00,0,0,0,45
436,Murillo,16,2,1.47,1.15,2.62,47.42,2,0,3188,47
437,N.Williams,16,2,2.29,1.54,3.83,38.50,1,3,2588,45
438,O.Richards,16,2,0.00,0.00,0.00,0.00,0,0,0,45
439,O'Brien,16,3,0.00,0.00,0.00,0.00,0,0,0,50
440,Omobamidele,16,2,0.00,0.00,0.00,0.00,0,0,0,42
441,Panzo,16,2,0.00,0.00,0.00,0.00,0,0,0,40
442,Sangaré,16,3,0.02,0.21,0.23,8.41,0,1,584,43
443,Sels,16,1,0.00,0.26,0.26,50.17,0,1,3420,52
444,Toffolo,16,2,0.02,0.01,0.03,2.88,0,0,135,42
446,Ui-jo,16,4,0.00,0.00,0.00,0.00,0,0,0,45
447,Wood,16,4,13.42,1.59,15.01,40.64,20,3,2958,72
448,Worrall,16,2,0.00,0.00,0.00,0.00,0,0,0,45
449,Yates,16,3,2.41,0.47,2.88,27.84,2,2,1901,48
573,Milenković,16,2,4.05,0.73,4.78,48.95,5,2,3330,52
596,Jota Silva,16,3,2.13,1.87,4.00,12.56,3,2,835,59
620,Sosa,16,3,1.11,0.36,1.47,4.81,1,0,280,55
653,Morato,16,2,0.18,0.03,0.21,14.21,0,0,891,45
706,Abbott,16,2,0.00,0.00,0.00,0.00,0,0,0,40
721,Hennessey,16,1,0.00,0.00,0.00,0.00,0,0,0,40
747,Nuno,16,5,0.00,0.00,0.00,0.00,0,0,0,11
14,Ramsdale,17,1,0.00,0.04,0.04,66.34,0,0,2700,44
27,Archer,17,4,5.71,0.72,6.43,37.31,2,0,1421,48
188,Ugochukwu,17,3,0.85,0.62,1.47,40.28,1,1,1652,44
397,Fraser,17,3,0.02,0.10,0.12,10.39,0,0,303,48
451,Amo-Ameyaw,17,3,0.02,0.13,0.15,1.11,0,0,26,44
452,Aribo,17,3,2.69,1.23,3.92,56.51,3,0,2007,49
453,Armstrong,17,4,3.28,0.56,3.84,33.47,2,3,1246,51
454,Bazunu,17,1,0.00,0.00,0.00,0.00,0,0,0,43
455,Bednarek,17,2,0.65,0.84,1.49,57.80,2,0,2531,40
456,Bella-Kotchap,17,2,0.32,0.01,0.33,10.67,0,0,329,39
457,Bree,17,2,0.11,0.71,0.82,32.05,0,1,1070,39
458,Charles,17,3,0.00,0.00,0.00,0.00,0,0,0,45
459,Edozie,17,3,0.00,0.15,0.15,0.31,0,0,64,49
460,Edwards,17,2,0.00,0.00,0.00,0.32,0,0,12,39
461,Harwood-Bellis,17,2,1.78,0.68,2.46,68.50,1,0,2824,39
462,Kamaldeen,17,3,1.39,0.85,2.24,35.69,1,2,1394,50
463,Lallana,17,3,0.15,0.48,0.63,7.96,0,2,352,50
464,Larios,17,2,0.00,0.00,0.00,0.00,0,0,0,39
465,Lis,17,1,0.00,0.00,0.00,0.00,0,0,0,40
466,Lumley,17,1,0.00,0.00,0.00,9.40,0,0,270,40
467,Manning,17,2,0.34,2.80,3.14,36.45,0,2,1458,43
468,Mara,17,4,0.00,0.00,0.00,0.00,0,0,0,50
469,McCarthy,17,1,0.00,0.00,0.00,11.22,0,0,450,42
470,Onuachu,17,4,3.61,0.26,3.87,24.35,4,1,1038,49
471,Smallbone,17,3,0.57,0.89,1.46,19.73,1,0,679,50
472,Stephens,17,2,0.58,0.26,0.84,31.75,1,0,1389,40
473,Stewart,17,4,1.15,0.04,1.19,9.55,1,0,382,44
474,Sugawara,17,2,0.48,2.47,2.95,41.15,1,1,1548,42
475,Taylor,17,2,0.00,0.14,0.14,9.81,0,0,353,39
476,Walker-Peters,17,2,0.85,2.30,3.14,76.26,0,3,2918,42
477,Wood,17,2,0.23,0.04,0.27,21.73,0,0,771,39
515,Cornet,17,3,0.16,0.00,0.16,1.79,0,0,71,47
518,Downes,17,3,0.64,1.41,2.05,48.11,1,0,2149,47
584,Brereton Díaz,17,3,0.90,0.15,1.05,11.43,0,0,446,48
608,Dibling,17,3,2.60,1.47,4.07,49.16,2,2,1863,43
623,M.Fernandes,17,3,4.12,3.62,7.74,70.78,2,4,2911,50
693,O'Brien-Whitmarsh,17,3,0.00,0.00,0.00,0.00,0,0,0,45
718,Welington,17,2,0.04,0.16,0.20,11.63,0,0,478,40
719,Kayi Sanda,17,2,0.00,0.00,0.00,0.22,0,0,12,40
734,Grønbæk,17,3,0.12,0.01,0.13,5.10,0,0,141,49
748,Rusk,17,5,0.00,0.00,0.00,0.00,0,0,0,5
798,Jay Robinson,17,4,0.07,0.53,0.60,3.17,0,0,134,44
804,Moore,17,2,0.00,0.00,0.00,0.00,0,0,0,40
82,Solanke,18,4,10.89,1.13,12.02,40.14,9,5,2199,73
478,A.Phillips,18,2,0.00,0.00,0.00,0.00,0,0,0,40
479,Austin,18,1,0.00,0.00,0.00,2.53,0,0,90,40
480,Bentancur,18,3,1.36,1.02,2.38,26.87,2,0,1640,49
481,Bergvall,18,3,0.71,0.82,1.53,24.33,0,2,1200,44
482,Bissouma,18,3,0.64,0.48,1.12,26.38,2,0,1396,48
483,Bryan,18,3,0.00,0.00,0.00,0.00,0,0,0,50
484,Davies,18,2,0.27,0.50,0.77,25.79,0,0,1329,43
485,Devine,18,3,0.00,0.00,0.00,0.00,0,0,0,45
486,Dragusin,18,2,0.13,0.16,0.29,28.59,0,0,1250,43
487,E.Royal,18,2,0.00,0.00,0.00,0.00,0,0,0,45
488,Forster,18,1,0.00,0.00,0.00,14.80,0,0,630,43
489,Gray,18,3,0.03,0.19,0.22,37.33,0,0,1750,46
490,Højbjerg,18,3,0.00,0.00,0.00,0.00,0,0,0,50
491,Johnson,18,3,10.75,1.99,12.74,38.88,11,6,2171,62
492,Kulusevski,18,3,4.06,4.03,8.09,42.39,7,4,2386,62
493,Lo Celso,18,3,0.00,0.00,0.00,0.00,0,0,0,49
494,Maddison,18,3,5.54,5.92,11.46,32.39,9,8,1799,74
495,Pedro Porro,18,2,1.63,4.71,6.34,49.37,2,6,2606,52
496,Reguilón,18,2,0.12,0.24,0.36,2.47,0,0,194,41
497,Richarlison,18,4,3.71,0.60,4.31,7.29,4,1,497,68
498,Romero,18,2,1.52,0.81,2.33,19.31,1,1,1416,49
499,P.M.Sarr,18,3,3.72,0.78,4.50,36.38,3,2,1901,47
500,Scarlett,18,4,0.04,0.00,0.04,0.83,0,1,31,44
502,Solomon,18,3,0.00,0.00,0.00,0.00,0,0,0,54
503,Son,18,3,7.25,4.97,12.22,37.99,7,10,2106,97
504,Spence,18,2,0.58,1.41,1.99,34.79,1,2,1790,44
505,Udogie,18,2,0.31,1.22,1.53,33.28,0,1,1923,48
506,Van de Ven,18,2,0.54,0.70,1.24,13.28,0,2,1014,45
507,Veliz,18,4,0.00,0.00,0.00,0.00,0,0,0,50
508,Vicario,18,1,0.00,0.00,0.00,33.60,0,0,2160,48
509,Werner,18,3,1.04,1.55,2.59,11.41,0,3,504,62
510,Whiteman,18,1,0.00,0.00,0.00,0.00,0,0,0,39
609,Lankshear,18,4,0.00,0.00,0.00,0.02,0,0,10,45
610,Moore,18,3,0.20,0.56,0.76,6.87,0,2,359,45
612,Odobert,18,3,1.63,0.76,2.39,16.29,1,0,843,53
683,Olusesi,18,3,0.00,0.00,0.00,0.00,0,0,0,45
684,Hardy,18,2,0.00,0.00,0.00,0.00,0,0,0,40
689,Williams-Barnett,18,3,0.00,0.00,0.00,0.00,0,0,0,45
699,Dorrington,18,2,0.00,0.00,0.00,0.04,0,0,13,40
700,King,18,2,0.00,0.00,0.00,0.00,0,0,0,40
716,Kinsky,18,1,0.00,0.01,0.01,11.80,0,0,540,41
717,Yang,18,3,0.00,0.00,0.00,0.00,0,0,0,45
729,Ajayi,18,3,0.00,0.00,0.00,0.00,0,0,0,45
749,Postecoglou,18,5,0.00,0.00,0.00,0.00,0,0,0,11
760,Cassanova,18,2,0.00,0.00,0.00,0.00,0,0,0,40
767,Danso,18,2,0.40,0.12,0.52,17.19,0,0,842,44
768,Tel,18,3,2.96,1.55,4.51,17.39,2,2,908,58
123,Ferguson,19,4,1.13,0.66,1.79,6.39,1,0,385,55
388,Wan-Bissaka,19,2,1.18,2.75,3.93,56.95,2,6,3154,45
511,Álvarez,19,3,0.39,0.89,1.28,30.15,0,1,1769,50
512,Antonio,19,4,2.20,0.91,3.11,17.83,1,4,834,52
513,Areola,19,1,0.00,0.00,0.00,37.78,0,0,2259,42
514,Bowen,19,3,8.60,6.47,15.07,51.12,13,11,2974,79
516,Coufal,19,2,0.37,0.89,1.25,19.80,0,0,1056,41
517,Cresswell,19,2,0.23,1.89,2.12,13.03,0,0,818,39
519,Earthy,19,3,0.00,0.00,0.00,0.00,0,0,0,45
520,Emerson,19,2,1.95,2.19,4.14,37.51,2,1,2108,44
521,Fabianski,19,1,0.00,0.00,0.00,22.78,0,0,1160,39
522,Foderingham,19,1,0.00,0.00,0.00,0.00,0,0,0,42
523,Ings,19,4,2.25,0.06,2.31,4.89,1,3,270,48
524,Kilman,19,2,1.55,1.19,2.74,59.71,0,1,3348,43
525,Kudus,19,3,6.97,2.67,9.64,43.46,5,4,2589,62
526,L.Guilherme,19,3,0.42,0.13,0.55,2.61,0,0,139,46
527,L.Paquetá,19,3,5.36,3.36,8.72,43.32,4,1,2374,57
528,Mavropanos,19,2,1.61,0.39,2.00,37.11,0,0,2035,43
529,N.Aguerd,19,2,0.00,0.00,0.00,0.00,0,0,0,44
530,Souček,19,3,6.60,1.27,7.87,44.29,9,2,2563,48
531,Ward-Prowse,19,3,1.59,2.68,4.27,19.29,1,2,1433,61
532,Zouma,19,2,0.00,0.00,0.00,0.00,0,0,0,44
576,Irving,19,3,0.13,0.12,0.25,4.48,0,0,161,47
587,Summerville,19,3,1.61,1.71,3.32,17.58,1,1,776,55
588,G.Rodríguez,19,3,0.22,0.17,0.39,20.67,0,1,1147,48
589,Füllkrug,19,4,2.14,0.47,2.61,14.22,3,2,783,67
591,Todibo,19,2,0.36,0.06,0.42,29.86,0,0,1824,42
643,Casey,19,2,0.00,0.00,0.00,0.09,0,0,1,40
654,C.Soler,19,3,1.85,1.93,3.78,28.62,1,1,1394,50
677,Scarles,19,2,0.11,0.18,0.29,10.12,0,0,659,40
686,Mayers,19,2,0.00,0.00,0.00,0.00,0,0,0,40
701,Orford,19,3,0.03,0.04,0.07,1.23,0,0,47,45
750,Potter,19,5,0.00,0.00,0.00,0.00,0,0,0,5
204,Johnstone,20,1,0.00,0.00,0.00,12.98,0,0,630,41
533,Aït-Nouri,20,2,2.69,3.98,6.67,53.27,4,7,3112,51
534,B.Traore,20,3,0.00,0.00,0.00,0.00,0,0,1,48
535,Bellegarde,20,3,1.46,2.74,4.20,26.55,2,7,1666,49
536,Bentley,20,1,0.00,0.00,0.00,3.01,0,0,180,39
537,Chiquinho,20,3,0.00,0.05,0.05,0.00,0,0,6,45
538,Chirewa,20,3,0.00,0.00,0.00,0.00,0,0,0,45
539,Chiwome,20,4,0.00,0.00,0.00,0.00,0,0,0,44
540,Cundle,20,3,0.00,0.00,0.00,0.00,0,0,0,45
541,Cunha,20,4,8.73,5.29,14.02,44.53,15,7,2596,70
542,Dawson,20,2,0.50,0.07,0.57,18.56,0,1,969,42
543,Doherty,20,2,1.12,1.24,2.36,32.68,2,1,2105,43
544,Doyle,20,3,0.55,0.35,0.90,10.16,0,1,474,47
545,Fábio Silva,20,4,0.00,0.00,0.00,0.00,0,0,0,50
546,Fraser,20,4,0.00,0.00,0.00,0.00,0,0,0,45
547,Gonzalez,20,3,0.00,0.00,0.00,0.00,0,0,0,44
548,Guedes,20,3,3.28,0.92,4.20,18.83,2,4,979,53
549,H.Bueno,20,2,0.00,0.00,0.00,0.00,0,0,0,45
550,Hee Chan,20,3,0.79,0.35,1.14,12.57,2,1,646,61
551,Hodge,20,3,0.00,0.00,0.00,0.00,0,0,0,45
552,Hoever,20,2,0.00,0.00,0.00,0.00,0,0,0,40
553,J.Gomes,20,3,2.94,2.61,5.55,49.50,3,1,2975,49
554,José Sá,20,1,0.00,0.01,0.01,42.22,0,0,2610,44
555,Kalajdžić,20,4,0.00,0.00,0.00,0.00,0,0,0,48
556,King,20,1,0.00,0.00,0.00,0.14,0,0,1,39
557,Mario Jr.,20,3,1.30,0.87,2.17,27.26,1,3,1363,48
558,Mosquera,20,2,0.33,0.03,0.36,5.63,0,0,441,38
559,N.Semedo,20,2,1.05,1.71,2.76,47.76,0,4,2889,45
561,Pedro Lima,20,2,0.06,0.10,0.16,0.77,0,0,69,39
562,Podence,20,3,0.04,0.01,0.05,0.70,0,0,46,55
563,R.Gomes,20,3,0.72,0.87,1.59,16.09,2,0,794,51
564,S.Bueno,20,2,0.45,0.10,0.55,29.40,0,0,1678,43
565,Sarabia,20,3,2.88,1.90,4.78,15.78,3,2,800,50
566,Strand Larsen,20,4,10.14,1.00,11.14,43.94,14,4,2587,52
567,Toti,20,2,0.73,0.60,1.33,41.65,0,1,2613,43
637,Meupiyou,20,2,0.00,0.00,0.00,0.00,0,0,0,39
642,André,20,3,0.41,0.52,0.93,40.79,0,0,2472,50
655,Forbs,20,3,0.15,0.10,0.25,8.09,0,0,236,54
664,Pond,20,2,0.00,0.00,0.00,0.00,0,0,1,39
682,Edozie,20,3,0.00,0.00,0.00,0.00,0,0,0,45
711,Okoduwa,20,2,0.00,0.00,0.00,0.00,0,0,0,40
720,Agbadou,20,2,0.90,0.32,1.22,23.12,1,0,1410,40
751,Pereira,20,5,0.00,0.00,0.00,0.00,0,0,0,8
769,Djiga,20,2,0.00,0.01,0.01,1.23,0,0,65,45
770,Munetsi,20,3,3.32,1.08,4.39,14.59,2,2,1077,50
784,Mané,20,4,0.00,0.00,0.00,0.00,0,0,1,45
