id,web_name,team,now_cost,total_points,goals_scored,assists,bonus,bps,influence,creativity,threat,ict_index,penalties_missed,minutes,form,points_per_game
2,G.Jesus,1,65,42,3,2,6,152,154.4,119.5,255.0,52.6,0,600,0.0,2.5
4,Havertz,1,77,97,9,3,14,343,467.6,269.0,711.0,144.8,0,1872,0.2,4.2
665,Butler-Oyedeji,1,45,1,0,0,0,5,3.0,0.0,17.0,2.0,0,6,0.0,1.0
38,Duran,2,57,53,7,0,9,222,273.8,68.9,334.0,67.5,0,622,0.0,2.6
58,Watkins,2,92,186,16,8,32,631,766.0,345.2,1148.0,223.8,0,2593,4.5,4.9
65,Enes Ünal,3,54,32,2,1,4,97,104.0,56.1,207.0,35.9,0,330,0.0,1.9
69,Jebbison,3,45,20,1,0,1,67,58.2,39.1,70.0,16.6,0,105,2.2,1.2
617,Evanilson,3,59,128,10,5,20,487,456.0,331.9,966.0,174.8,1,2317,3.0,4.1
707,Rees-Dottin,3,45,1,0,0,0,3,0.0,0.0,0.0,0.0,0,1,0.0,1.0
722,Adu-Adjei,3,45,0,0,0,0,0,0.0,0.0,0.0,0.0,0,0,0.0,0.0
107,Thiago,4,59,9,0,0,0,32,18.2,30.6,12.0,5.8,0,167,0.8,1.1
108,Toney,4,73,0,0,0,0,0,0.0,0.0,0.0,0.0,0,0,0.0,0.0
110,Wissa,4,69,185,18,6,32,739,849.4,400.0,1181.0,242.4,0,2921,5.2,5.3
780,Morgan,4,45,0,0,0,0,0,0.0,0.0,0.0,0.0,0,0,0.0,0.0
129,João Pedro,5,55,126,10,6,26,516,567.0,456.0,644.0,166.0,0,1946,0.0,4.7
138,O’Mahony,5,45,0,0,0,0,0,0.0,0.0,0.0,0.0,0,0,0.0,0.0
143,Undav,5,55,0,0,0,0,0,0.0,0.0,0.0,0.0,0,0,0.0,0.0
148,Welbeck,5,55,125,10,5,21,484,550.2,331.3,676.0,155.8,0,2109,3.8,4.2
164,D.D.Fofana,6,54,0,0,0,0,0,0.0,0.0,0.0,0.0,0,0,0.0,0.0
165,Deivid,6,49,0,0,0,0,0,0.0,0.0,0.0,0.0,0,0,0.0,0.0
175,Lukaku,6,63,0,0,0,0,0,0.0,0.0,0.0,0.0,0,0,0.0,0.0
178,Marc Guiu,6,47,3,0,0,0,11,4.4,11.8,6.0,2.2,0,71,0.0,1.0
180,N.Jackson,6,77,121,10,6,17,417,546.4,368.3,976.0,187.4,0,2220,0.0,4.0
781,Mheuka,6,45,1,0,0,0,5,3.0,0.0,17.0,2.0,0,1,0.0,1.0
11,Nketiah,7,59,53,3,2,4,186,192.2,163.7,475.0,82.5,0,1018,3.8,1.8
207,Mateta,7,75,150,14,2,27,576,671.6,405.4,800.0,187.3,0,2642,1.5,4.1
676,Marsh,7,45,0,0,0,0,0,0.0,0.0,0.0,0.0,0,0,0.0,0.0
156,Broja,8,53,12,0,0,0,23,20.2,53.8,43.0,10.9,0,327,0.0,1.2
218,Beto,8,48,87,8,0,11,295,373.2,163.9,666.0,119.5,0,1521,4.5,2.9
220,Calvert-Lewin,8,54,63,3,2,3,157,200.2,126.1,573.0,89.2,0,1602,1.0,2.4
229,Maupay,8,49,0,0,0,0,0,0.0,0.0,0.0,0.0,0,0,0.0,0.0
232,Ndiaye,8,52,114,9,0,21,552,598.0,326.4,493.0,142.0,0,2426,4.5,3.5
237,Y. Chermiti,8,49,3,0,0,0,9,2.4,0.6,27.0,3.0,0,42,0.2,0.8
724,Sherif,8,45,0,0,0,0,0,0.0,0.0,0.0,0.0,0,0,0.0,0.0
251,Muniz,9,55,86,8,1,14,349,352.4,95.3,508.0,95.4,0,943,0.0,2.8
252,Raúl,9,53,147,12,3,26,539,612.8,372.2,1018.0,199.7,0,2486,5.5,3.9
256,Stansfield,9,50,1,0,0,0,2,0.0,0.0,0.0,0.0,0,1,0.0,1.0
258,Vinicius,9,50,3,0,0,0,14,4.0,0.0,19.0,2.3,0,13,0.0,1.0
260,Al-Hamadi,10,47,8,0,0,0,15,5.6,25.7,32.0,6.0,0,125,0.0,0.7
268,Delap,10,56,132,12,2,22,472,513.0,290.5,783.0,157.5,0,2587,1.0,3.6
272,Hirst,10,54,46,3,1,3,157,146.4,64.5,207.0,41.2,0,645,2.2,1.8
276,Ladapo,10,45,0,0,0,0,0,0.0,0.0,0.0,0.0,0,0,0.0,0.0
198,Edouard,11,51,7,0,0,0,14,5.0,25.0,50.0,8.0,0,141,0.0,1.2
286,Cannon,11,45,0,0,0,0,0,0.0,0.0,0.0,0.0,0,0,0.0,0.0
289,Daka,11,48,34,1,0,2,108,86.0,41.7,148.0,27.0,0,717,1.0,1.5
306,Vardy,11,54,128,9,5,18,464,490.8,270.8,742.0,150.0,1,2825,5.5,3.7
316,Darwin,12,70,66,5,3,6,244,263.8,151.6,404.0,81.2,0,1113,1.0,2.2
321,Gakpo,12,72,127,10,5,22,572,597.0,517.7,686.0,180.3,0,1921,5.0,3.6
709,Danns,12,45,1,0,0,0,2,0.0,0.3,0.0,0.0,0,10,0.0,1.0
351,Haaland,13,149,181,22,3,26,795,946.0,359.4,1511.0,281.8,1,2736,2.5,5.8
352,J.Alvarez,13,70,0,0,0,0,0,0.0,0.0,0.0,0.0,0,0,0.0,0.0
698,Mubama,13,45,1,0,0,0,2,0.2,0.1,5.0,0.5,0,27,0.0,1.0
755,Marmoush,13,74,73,7,1,12,326,318.0,246.7,410.0,97.3,0,1174,3.2,4.6
375,Højlund,14,69,78,4,1,8,246,187.0,254.7,432.0,86.3,0,1998,1.5,2.4
389,Zirkzee,14,65,64,3,2,6,216,222.6,212.0,351.0,78.0,0,1385,0.0,2.0
648,Wheatley,14,45,0,0,0,0,0,0.0,0.0,0.0,0.0,0,0,0.0,0.0
776,Obi,14,45,7,0,0,0,21,8.2,5.1,46.0,5.4,0,160,0.8,1.0
401,Isak,15,94,211,23,6,36,848,1043.0,573.1,1320.0,292.7,0,2758,3.2,6.2
421,Wilson,15,69,19,0,0,0,42,13.0,42.2,71.0,12.1,0,355,1.2,1.1
590,Osula,15,49,19,1,0,1,59,42.4,25.1,37.0,10.5,0,124,0.5,1.4
789,Neave,15,45,0,0,0,0,0,0.0,0.0,0.0,0.0,0,0,0.0,0.0
424,Awoniyi,16,55,32,1,0,0,89,67.0,40.9,118.0,21.9,0,398,0.4,1.2
430,Dennis,16,49,0,0,0,0,0,0.0,0.0,0.0,0.0,0,0,0.0,0.0
446,Ui-jo,16,45,0,0,0,0,0,0.0,0.0,0.0,0.0,0,0,0.0,0.0
447,Wood,16,72,200,20,3,41,744,838.4,320.0,900.0,205.6,0,2958,3.2,5.6
27,Archer,17,48,57,2,0,4,145,125.2,102.5,376.0,60.0,1,1421,1.0,1.6
453,Armstrong,17,51,45,2,3,2,145,154.4,143.7,262.0,56.0,1,1246,0.0,2.2
468,Mara,17,50,0,0,0,0,0,0.0,0.0,0.0,0.0,0,0,0.0,0.0
470,Onuachu,17,49,51,4,1,4,151,219.8,127.3,479.0,81.7,0,1038,0.5,2.0
473,Stewart,17,44,20,1,0,3,59,54.4,15.4,96.0,16.3,0,382,3.0,1.7
798,Jay Robinson,17,44,5,0,0,0,19,21.8,34.4,29.0,8.6,0,134,1.0,1.2
82,Solanke,18,73,108,9,5,7,404,505.8,199.8,729.0,142.1,0,2199,2.0,4.0
497,Richarlison,18,68,35,4,1,0,138,180.8,57.1,243.0,47.4,0,497,1.0,2.3
500,Scarlett,18,44,6,0,1,0,20,24.4,11.0,17.0,5.2,0,31,0.0,2.0
507,Veliz,18,50,0,0,0,0,0,0.0,0.0,0.0,0.0,0,0,0.0,0.0
609,Lankshear,18,45,3,0,0,0,7,0.0,0.0,0.0,0.0,0,10,0.0,1.0
123,Ferguson,19,55,28,1,0,2,97,80.0,68.5,104.0,25.0,0,385,0.2,1.3
512,Antonio,19,52,42,1,4,3,111,72.0,139.5,194.0,39.5,0,834,0.0,3.0
523,Ings,19,48,32,1,3,4,110,97.0,76.5,159.0,33.4,0,270,0.0,2.1
589,Füllkrug,19,67,42,3,2,3,152,187.2,173.3,221.0,56.8,0,783,1.5,2.3
539,Chiwome,20,44,0,0,0,0,0,0.0,0.0,0.0,0.0,0,0,0.0,0.0
541,Cunha,20,70,178,15,7,41,838,936.2,847.8,940.0,272.2,0,2596,1.2,5.4
545,Fábio Silva,20,50,0,0,0,0,0,0.0,0.0,0.0,0.0,0,0,0.0,0.0
546,Fraser,20,45,0,0,0,0,0,0.0,0.0,0.0,0.0,0,0,0.0,0.0
555,Kalajdžić,20,48,0,0,0,0,0,0.0,0.0,0.0,0.0,0,0,0.0,0.0
566,Strand Larsen,20,52,145,14,4,17,570,646.8,303.4,848.0,179.5,0,2587,4.0,4.1
784,Mané,20,45,1,0,0,0,3,0.0,0.3,0.0,0.0,0,1,0.2,1.0
