id,web_name,team,element_type,goals_scored,assists,goal_involvement,minutes,total_points,now_cost
1,Fábio Vieira,1,3,0,0,0,0,0,54
2,G.Jesus,1,4,3,2,5,600,42,65
3,Gabriel,1,2,3,2,5,2363,117,61
4,Havertz,1,4,9,3,12,1872,97,77
5,Hein,1,1,0,0,0,0,0,40
6,J.Timber,1,2,1,3,4,2415,114,55
7,Jorginho,1,3,0,0,0,701,20,46
8,Kiwior,1,2,1,0,1,1117,43,49
9,Martinelli,1,3,8,4,12,2284,125,65
12,Nwaneri,1,3,4,2,6,882,66,43
13,Ødegaard,1,3,3,9,12,2321,116,82
15,Raya,1,1,0,0,0,3420,142,56
16,Rice,1,3,4,7,11,2823,127,63
17,Saka,1,3,6,11,17,1724,127,104
18,Saliba,1,2,2,0,2,3039,130,64
20,Thomas,1,3,4,3,7,2793,108,49
21,Tierney,1,2,1,0,1,250,27,43
22,Tomiyasu,1,2,0,0,0,6,1,48
23,Trossard,1,3,8,8,16,2546,152,67
24,White,1,2,0,2,2,1195,50,62
25,Zinchenko,1,2,0,1,1,518,40,48
73,Neto,1,1,0,0,0,180,7,41
186,Sterling,1,3,0,2,2,490,26,67
578,Calafiori,1,2,2,1,3,978,39,58
597,Lewis-Skelly,1,3,1,0,1,1362,37,45
633,Merino,1,3,7,2,9,1575,92,60
638,Oulad M'hand,1,3,0,0,0,0,0,45
639,Setford,1,1,0,0,0,0,0,45
657,Kacurri,1,2,0,0,0,0,0,40
659,Kabia,1,3,0,0,0,0,0,45
662,Nichols,1,2,0,0,0,0,0,40
665,Butler-Oyedeji,1,4,0,0,0,6,1,45
735,Arteta,1,5,0,0,0,0,104,15
756,Porter,1,1,0,0,0,0,0,40
790,Gower,1,3,0,0,0,0,0,45
793,Jack Henry-Francis,1,3,0,0,0,0,0,45
801,Clarke,1,2,0,0,0,0,0,40
28,Bailey,2,3,1,2,3,1132,47,62
29,Barkley,2,3,3,1,4,567,44,52
30,Barrenechea,2,3,0,0,0,0,0,49
31,Buendia,2,3,0,0,0,89,11,51
32,Cash,2,2,1,1,2,2069,76,44
33,Dendoncker,2,3,0,0,0,0,0,45
34,Diaby,2,3,0,0,0,0,0,65
35,Diego Carlos,2,2,0,0,0,828,21,45
36,Digne,2,2,0,5,5,2348,89,44
37,Dobbin,2,3,0,0,0,0,0,50
38,Duran,2,4,7,0,7,622,53,57
39,Gauci,2,1,0,0,0,0,0,40
40,Hause,2,2,0,0,0,0,0,39
41,Iling Jr,2,3,0,0,0,0,0,54
42,Kamara,2,3,1,0,1,1720,57,50
43,Kesler-Hayden,2,2,0,0,0,0,0,40
44,Konsa,2,2,2,0,2,2936,103,45
45,Maatsen,2,2,1,2,3,1125,57,45
46,Marschall,2,1,0,0,0,0,0,40
47,Martinez,2,1,0,0,0,3195,111,50
48,McGinn,2,3,1,4,5,2217,78,52
49,Mings,2,2,0,1,1,1119,47,44
50,Nedeljkovic,2,2,0,0,0,121,5,39
51,Olsen,2,1,0,0,0,225,9,45
52,Pau,2,2,0,0,0,2019,55,42
53,Ramsey,2,3,1,4,5,1616,66,54
54,Rogers,2,3,8,11,19,3115,161,58
55,Sinisalo,2,1,0,0,0,0,0,40
56,Sousa,2,2,0,0,0,0,0,40
57,Tielemans,2,3,3,7,10,3025,121,55
58,Watkins,2,4,16,8,24,2593,186,92
167,Disasi,2,2,1,0,1,851,33,42
233,Onana,2,3,3,0,3,1613,65,48
385,Rashford,2,3,6,4,10,1414,95,66
598,Bogarde,2,2,0,0,0,473,6,39
640,Swinkels,2,2,0,0,0,0,0,40
641,Zych,2,1,0,0,0,0,0,40
656,Young,2,3,0,0,0,0,0,44
679,Broggio,2,3,0,0,0,0,0,45
710,Jimoh,2,3,0,0,0,0,0,45
725,Malen,2,3,3,0,3,296,34,53
731,A. Garcia,2,2,0,0,0,316,8,45
737,Emery,2,5,0,0,0,0,105,8
762,M.Asensio,2,3,3,2,5,740,44,60
59,Aarons,3,2,0,0,0,84,8,43
60,Adams,3,3,0,3,3,1959,58,49
61,Anthony,3,3,0,0,0,0,0,45
62,Brooks,3,3,2,1,3,941,52,49
63,Christie,3,3,2,3,5,2114,76,48
64,Cook,3,3,1,4,5,2976,82,50
65,Enes Ünal,3,4,2,1,3,330,32,54
66,Faivre,3,3,0,0,0,0,0,50
67,H.Traorè,3,3,0,0,0,0,0,45
68,Hill,3,2,0,1,1,443,17,39
69,Jebbison,3,4,1,0,1,105,20,45
70,Kerkez,3,2,2,6,8,3336,134,53
71,Kluivert,3,3,12,6,18,2339,158,59
72,Mepham,3,2,0,0,0,0,0,44
74,O.Dango,3,3,7,4,11,1998,111,45
75,Paulsen,3,1,0,0,0,0,0,40
76,Philip,3,3,0,0,0,176,10,48
77,Scott,3,3,0,0,0,745,26,47
78,Semenyo,3,3,11,7,18,3202,165,57
79,Senesi,3,2,0,0,0,1103,31,46
80,Sinisterra,3,3,1,1,2,229,23,48
81,Smith,3,2,0,0,0,1586,57,44
83,Tavernier,3,3,3,7,10,1932,87,54
84,Travers,3,1,0,0,0,450,19,44
85,Zabarnyi,3,2,0,1,1,3109,94,44
152,Arrizabalaga,3,1,0,0,0,2790,106,46
580,Huijsen,3,2,3,2,5,2422,104,45
592,J.Araujo,3,2,0,0,0,492,12,43
599,Dennis,3,1,0,0,0,0,0,39
617,Evanilson,3,4,10,5,15,2317,128,59
680,Kinsey,3,2,0,0,0,0,0,40
687,Winterburn,3,3,0,0,0,22,4,45
702,Harris,3,2,0,0,0,0,0,40
707,Rees-Dottin,3,4,0,0,0,1,1,45
712,Akinmboni,3,2,0,0,0,0,0,40
713,Soler,3,2,0,0,0,9,3,39
722,Adu-Adjei,3,4,0,0,0,0,0,45
723,Sadi,3,3,0,0,0,0,0,45
727,McKenna,3,1,0,0,0,0,0,40
728,Silcott-Duberry,3,3,0,0,0,1,1,45
738,Iraola,3,5,0,0,0,0,82,11
86,Ajer,4,2,0,0,0,1433,39,44
87,Brierley,4,3,0,0,0,0,0,44
88,Collins,4,2,2,7,9,3420,127,46
89,Damsgaard,4,3,2,10,12,2911,131,49
90,Dasilva,4,3,0,0,0,0,0,48
91,Flekken,4,1,0,2,2,3275,138,45
92,Henry,4,2,0,0,0,94,4,43
93,Hickey,4,2,0,0,0,0,0,43
94,Janelt,4,3,1,3,4,2251,73,48
95,Jensen,4,3,0,2,2,846,38,53
96,Ji-soo,4,2,0,0,0,28,3,39
97,Konak,4,3,0,0,0,53,10,44
98,Lewis-Potter,4,3,1,5,6,3092,94,50
99,Mbeumo,4,3,20,9,29,3415,236,83
100,Mee,4,2,0,0,0,180,9,42
101,Nørgaard,4,3,5,5,10,2820,107,48
102,Onyeka,4,3,0,0,0,23,2,49
103,Peart-Harris,4,3,0,0,0,0,0,45
104,Pinnock,4,2,2,0,2,1912,47,44
105,Roerslev,4,2,0,2,2,1100,36,43
106,Schade,4,3,11,4,15,2281,149,53
107,Thiago,4,4,0,0,0,167,9,59
108,Toney,4,4,0,0,0,0,0,73
109,Valdimarsson,4,1,0,0,0,144,2,39
110,Wissa,4,4,18,6,24,2921,185,69
111,Yarmoliuk,4,3,0,0,0,1435,43,43
112,Zanka,4,2,0,0,0,0,0,45
314,Carvalho,4,3,2,1,3,443,35,45
338,Van den Berg,4,2,0,1,1,2584,62,41
602,Trevitt,4,3,0,0,0,3,1,44
634,G.Nunes,4,3,0,0,0,11,3,49
649,Meghoma,4,2,0,0,0,4,1,40
661,Yogane,4,3,0,0,0,0,0,45
674,Maghoma,4,3,0,0,0,112,8,45
705,Arthur,4,2,0,0,0,0,0,40
752,Frank,4,5,0,0,0,0,116,8
757,Kayode,4,2,0,1,1,523,27,45
759,Eyestone,4,1,0,0,0,0,0,40
780,Morgan,4,4,0,0,0,0,0,45
786,Benjamin Fredrick,4,2,0,0,0,0,0,40
113,Adingra,5,3,2,3,5,1081,60,51
114,Baker-Boaitey,5,3,0,0,0,0,0,45
115,Baleba,5,3,3,1,4,2660,87,50
116,Barco,5,2,0,0,0,0,0,40
118,Cozier-Duberry,5,3,0,0,0,0,0,45
119,Dahoud,5,3,0,0,0,0,0,49
120,Dunk,5,2,0,1,1,2081,44,42
122,Estupiñan,5,2,1,1,2,2399,63,49
124,Gilmour,5,3,0,0,0,97,3,50
125,Gross,5,3,0,0,0,0,0,65
126,Hinshelwood,5,3,5,3,8,1839,89,49
127,I.Osman,5,3,0,0,0,0,0,50
128,Igor,5,2,0,0,0,959,18,43
129,João Pedro,5,4,10,6,16,1946,126,55
130,Kozlowski,5,3,0,0,0,0,0,45
131,Lamptey,5,2,2,2,4,856,42,44
132,March,5,3,0,0,0,161,7,65
133,Mazilu,5,3,0,0,0,0,0,45
134,Milner,5,3,0,0,0,170,6,50
135,Minteh,5,3,6,5,11,1831,102,48
136,Mitoma,5,3,10,5,15,2597,145,63
137,Moder,5,3,0,0,0,9,4,44
138,O’Mahony,5,4,0,0,0,0,0,45
139,Offiah,5,2,0,0,0,0,0,40
140,Peupion,5,3,0,0,0,0,0,44
141,Sarmiento,5,3,0,0,0,8,1,49
142,Steele,5,1,0,0,0,180,9,40
143,Undav,5,4,0,0,0,0,0,55
144,Van Hecke,5,2,1,1,2,2960,87,45
145,Veltman,5,2,0,0,0,1694,59,43
146,Verbruggen,5,1,0,1,1,3240,103,45
147,Webster,5,2,0,1,1,885,39,43
148,Welbeck,5,4,10,5,15,2109,125,55
149,Wieffer,5,3,1,5,6,1003,52,47
595,Gruda,5,3,1,4,5,676,45,54
600,Ayari,5,3,2,1,3,1958,74,50
601,Moran,5,3,0,0,0,0,0,50
615,Rushworth,5,1,0,0,0,0,0,39
618,Georginio,5,3,5,6,11,1651,95,50
628,F.Kadıoğlu,5,2,1,0,1,385,19,44
629,O'Riley,5,3,2,3,5,929,50,55
663,Samuels,5,2,0,0,0,0,0,40
668,Cahill,5,1,0,0,0,0,0,39
681,McConville,5,2,0,0,0,0,0,40
685,Slater,5,2,0,0,0,0,0,40
714,Gómez,5,3,1,1,2,507,30,55
739,Hürzeler,5,5,0,0,0,0,119,11
758,Knight,5,3,0,0,0,0,0,45
763,Cashin,5,2,0,0,0,19,1,45
791,Charlie Tasker,5,2,0,0,0,0,0,40
794,Freddie Simmonds,5,2,0,0,0,0,0,40
795,Harry Howell,5,3,0,0,0,6,1,45
150,Andrey Santos,6,3,0,0,0,0,0,45
151,Ângelo,6,3,0,0,0,0,0,45
153,B.Badiashile,6,2,0,0,0,332,7,42
154,Bergström,6,1,0,0,0,0,0,39
155,Bettinelli,6,1,0,0,0,0,0,39
157,Caicedo,6,3,1,4,5,3351,98,49
158,Casadei,6,3,0,0,0,0,0,44
159,Chalobah,6,2,3,1,4,1969,93,44
161,Chukwuemeka,6,3,0,0,0,0,0,47
162,Colwill,6,2,2,1,3,3150,109,44
163,Cucurella,6,2,5,2,7,2988,133,54
164,D.D.Fofana,6,4,0,0,0,0,0,54
165,Deivid,6,4,0,0,0,0,0,49
166,Dewsbury-Hall,6,3,0,1,1,257,18,55
168,Enzo,6,3,6,8,14,2943,135,47
169,Gallagher,6,3,0,0,0,0,0,59
170,Gilchrist,6,2,0,0,0,0,0,40
171,Gusto,6,2,0,1,1,1853,60,49
172,James,6,2,1,2,3,1057,54,48
173,Kellyman,6,3,0,0,0,0,0,43
174,Lavia,6,3,0,1,1,792,26,45
175,Lukaku,6,4,0,0,0,0,0,63
176,M.Sarr,6,2,0,0,0,0,0,45
177,Madueke,6,3,7,5,12,2028,120,60
178,Marc Guiu,6,4,0,0,0,71,3,47
179,Mudryk,6,3,0,0,0,145,7,61
180,N.Jackson,6,4,10,6,16,2220,121,77
181,Nkunku,6,3,3,2,5,904,60,57
182,Palmer,6,3,15,10,25,3193,214,105
183,Petrović,6,1,0,0,0,0,0,44
184,Renato Veiga,6,3,0,0,0,176,7,44
185,Sánchez,6,1,0,0,0,2880,126,45
187,Tosin,6,2,1,1,2,1403,71,42
189,W.Fofana,6,2,0,0,0,1172,26,43
386,Sancho,6,3,3,5,8,1754,86,62
560,Neto,6,3,4,6,10,2262,104,61
575,Wiley,6,2,0,0,0,0,0,40
581,Jørgensen,6,1,0,0,0,540,18,42
621,João Félix,6,3,1,2,3,362,24,59
695,Rak-Sakyi,6,3,0,0,0,0,0,45
696,George,6,3,1,1,2,177,17,45
697,Acheampong,6,2,0,0,0,168,4,40
740,Maresca,6,5,0,0,0,0,94,15
771,Amougou,6,3,0,0,0,7,1,45
774,Anselmino,6,2,0,0,0,0,0,40
781,Mheuka,6,4,0,0,0,1,1,45
782,Samuels-Smith,6,2,0,0,0,0,0,40
787,Genesis Antwi,6,2,0,0,0,0,0,40
11,Nketiah,7,4,3,2,5,1018,53,59
160,Chilwell,7,2,1,0,1,254,13,46
190,Ahamada,7,3,0,0,0,0,0,45
193,C.Doucouré,7,3,0,1,1,443,19,48
194,C.Richards,7,2,1,1,2,1921,68,44
195,Chadi Riad,7,2,0,0,0,90,1,43
196,Clyne,7,2,0,0,0,477,18,43
197,Ebiowei,7,3,0,0,0,0,0,45
199,Eze,7,3,8,8,16,2588,148,70
200,Guéhi,7,2,3,2,5,3059,116,47
201,Henderson,7,1,0,0,0,3420,135,46
202,Holding,7,2,0,0,0,0,0,42
203,Hughes,7,3,0,4,4,2100,67,49
205,Kamada,7,3,0,0,0,1545,45,51
206,Lerma,7,3,0,1,1,2270,58,48
207,Mateta,7,4,14,2,16,2642,150,75
208,M.França,7,3,1,0,1,52,9,44
209,Matthews,7,1,0,0,0,0,0,39
210,Mitchell,7,2,0,6,6,3090,123,48
211,Muñoz,7,2,4,6,10,3229,142,52
212,Ozoh,7,3,0,0,0,0,0,45
213,Rak-Sakyi,7,3,0,0,0,0,0,45
214,Schlupp,7,3,0,0,0,95,12,46
215,Ward,7,2,0,0,0,71,1,43
216,Wharton,7,3,0,2,2,1314,42,47
445,Turner,7,1,0,0,0,0,0,39
585,I.Sarr,7,3,8,7,15,2708,149,55
644,Umeh-Chibueze,7,3,0,0,0,0,0,44
645,Devenny,7,3,1,1,2,494,34,45
646,Agbinone,7,3,0,0,0,4,2,45
647,Rodney,7,3,0,0,0,0,0,45
650,Lacroix,7,2,1,2,3,3116,114,45
666,Kporha,7,2,0,0,0,11,2,40
676,Marsh,7,4,0,0,0,0,0,45
730,Esse,7,3,1,2,3,138,22,47
741,Glasner,7,5,0,0,0,0,128,8
156,Broja,8,4,0,0,0,327,12,53
217,A.Doucoure,8,3,3,2,5,2563,94,51
218,Beto,8,4,8,0,8,1521,87,48
219,Branthwaite,8,2,0,1,1,2509,88,49
220,Calvert-Lewin,8,4,3,2,5,1602,63,54
221,Coleman,8,2,0,0,0,214,5,43
222,Gana,8,3,0,3,3,3063,89,48
223,Garner,8,3,0,1,1,1590,42,49
224,Harrison,8,3,1,3,4,2068,81,52
225,Holgate,8,2,0,0,0,5,1,40
226,Iroegbunam,8,3,0,1,1,562,22,43
227,J.Virginia,8,1,0,0,0,0,0,38
228,Keane,8,2,3,0,3,1046,48,38
229,Maupay,8,4,0,0,0,0,0,49
230,McNeil,8,3,4,8,12,1366,93,51
231,Mykolenko,8,2,1,3,4,3082,121,44
232,Ndiaye,8,4,9,0,9,2426,114,52
234,Patterson,8,2,0,1,1,342,14,44
235,Pickford,8,1,0,1,1,3420,158,52
236,Tarkowski,8,2,1,1,2,2922,105,47
237,Y. Chermiti,8,4,0,0,0,42,3,49
238,Young,8,2,1,4,5,1864,98,42
450,Alcaraz,8,3,2,3,5,766,44,47
577,Lindstrøm,8,3,0,1,1,1229,44,50
582,O'Brien,8,2,2,0,2,1568,65,45
603,Armstrong,8,3,0,0,0,47,2,44
614,Metcalfe,8,3,0,0,0,0,0,45
624,Begovic,8,1,0,0,0,0,0,40
627,Dixon,8,2,0,0,0,90,0,39
651,Mangala,8,3,1,0,1,1257,39,50
678,Bates,8,3,0,0,0,0,0,45
724,Sherif,8,4,0,0,0,0,0,45
742,Moyes,8,5,0,0,0,0,137,5
773,Heath,8,3,0,0,0,0,0,45
775,Coby Ebere,8,3,0,0,0,0,0,45
803,Welch,8,2,0,0,0,0,0,40
10,Nelson,9,3,1,1,2,483,27,50
19,Smith Rowe,9,3,6,3,9,2036,114,50
191,Andersen,9,2,0,0,0,2673,51,42
239,Adama,9,3,2,8,10,1756,95,45
240,Andreas,9,3,2,6,8,2004,81,49
241,Bassey,9,2,1,0,1,3074,75,45
242,Benda,9,1,0,0,0,0,0,39
243,Cairney,9,3,2,0,2,610,33,48
244,Castagne,9,2,0,1,1,1642,46,42
245,Diop,9,2,0,0,0,1334,31,43
246,Harris,9,3,0,0,0,0,0,45
247,Iwobi,9,3,9,6,15,2981,156,54
248,Leno,9,1,0,2,2,3420,115,50
249,Lukić,9,3,0,2,2,2348,56,48
250,Mbabu,9,2,0,0,0,0,0,40
251,Muniz,9,4,8,1,9,943,86,55
252,Raúl,9,4,12,3,15,2486,147,53
253,Ream,9,2,0,0,0,0,0,45
254,Reed,9,3,0,0,0,100,10,47
255,Robinson,9,2,0,10,10,3166,106,47
256,Stansfield,9,4,0,0,0,1,1,50
257,Tete,9,2,0,2,2,1773,49,44
258,Vinicius,9,4,0,0,0,13,3,50
259,Wilson,9,3,6,2,8,1148,78,52
579,Sessegnon,9,2,4,2,6,574,57,42
586,J.Cuenca,9,2,0,0,0,349,9,44
604,King,9,3,0,0,0,126,10,44
605,Godo,9,3,0,0,0,21,2,44
622,Berge,9,3,0,0,0,2221,53,50
690,Amissah,9,2,0,0,0,0,0,40
753,Silva,9,5,0,0,0,0,94,11
772,Willian,9,3,0,0,0,251,13,50
121,Enciso,10,3,2,3,5,1155,59,54
260,Al-Hamadi,10,4,0,0,0,125,8,47
261,Baggott,10,2,0,0,0,0,0,40
262,Broadhead,10,3,2,0,2,690,37,49
263,Burgess,10,2,0,2,2,1540,26,38
264,Burns,10,3,0,1,1,922,30,47
265,Chaplin,10,3,1,2,3,845,41,51
266,H.Clarke,10,2,0,0,0,377,1,40
267,Davis,10,2,1,2,3,2742,52,42
268,Delap,10,4,12,2,14,2587,132,56
269,Edmundson,10,2,0,0,0,1,1,40
270,Greaves,10,2,1,0,1,2205,37,38
271,Harness,10,3,0,0,0,43,2,49
272,Hirst,10,4,3,1,4,645,46,54
273,Humphreys,10,3,0,0,0,0,0,45
274,Hutchinson,10,3,3,3,6,2585,88,52
275,Johnson,10,2,1,2,3,1346,30,38
276,Ladapo,10,4,0,0,0,0,0,45
277,Luongo,10,3,0,0,0,195,13,43
278,Morsy,10,3,1,1,2,2749,67,48
279,Ndaba,10,2,0,0,0,0,0,40
280,Slicker,10,1,0,0,0,0,0,39
281,Taylor,10,3,1,0,1,837,38,48
282,Tuanzebe,10,2,0,1,1,1710,27,39
283,Walton,10,1,0,0,0,630,16,43
284,Woolfenden,10,2,0,0,0,1187,18,39
359,Phillips,10,3,0,0,0,1231,27,48
568,Muric,10,1,0,0,0,1620,49,44
569,Jaden,10,3,2,0,2,796,37,53
583,Townsend,10,2,0,1,1,334,11,39
611,Szmodics,10,3,4,0,4,988,54,57
619,Cajuste,10,3,1,1,2,1960,63,45
630,O'Shea,10,2,0,2,2,3122,49,38
631,J.Clarke,10,3,0,4,4,1161,53,54
632,Ogbene,10,3,0,0,0,237,7,48
715,Godfrey,10,2,0,0,0,158,-1,40
743,McKenna,10,5,0,0,0,0,51,5
764,Palmer,10,1,0,0,0,1170,22,45
799,Boniface,10,2,0,0,0,0,0,40
800,Tom Taylor,10,3,0,0,0,0,0,45
117,Buonanotte,11,3,5,2,7,1508,75,45
192,J.Ayew,11,3,5,0,5,1649,75,51
198,Edouard,11,4,0,0,0,141,7,51
285,B.Soumaré,11,3,0,0,0,2165,48,44
286,Cannon,11,4,0,0,0,0,0,45
287,Choudhury,11,3,0,0,0,129,4,44
288,Coady,11,2,1,0,1,1712,39,40
289,Daka,11,4,1,0,1,717,34,48
290,De Cordova-Reid,11,3,1,4,5,734,48,52
291,Faes,11,2,1,0,1,2812,55,38
292,Golding,11,3,0,0,0,1,1,44
293,Hermansen,11,1,0,0,0,2385,63,44
294,Iversen,11,1,0,0,0,0,0,39
295,Justin,11,2,2,2,4,2912,70,41
296,Kristiansen,11,2,0,1,1,2481,34,44
297,Marcal,11,3,0,0,0,0,0,45
298,Mavididi,11,3,4,1,5,1606,72,50
299,McAteer,11,3,1,1,2,846,35,47
300,Ndidi,11,3,0,5,5,2325,64,49
301,Okoli,11,2,1,0,1,1122,27,40
302,Ricardo,11,2,0,0,0,382,10,41
303,Souttar,11,2,0,0,0,0,0,40
304,Stolarczyk,11,1,0,0,0,900,25,40
305,Thomas,11,2,0,0,0,1109,27,39
306,Vardy,11,4,9,5,14,2825,128,54
307,Vestergaard,11,2,0,0,0,1390,11,39
308,Ward,11,1,0,0,0,135,2,39
309,Winks,11,3,0,2,2,1536,40,43
501,Skipp,11,3,0,0,0,1118,27,47
570,A.Fatawu,11,3,0,2,2,576,26,51
606,Alves,11,3,0,0,0,1,1,44
616,Nelson,11,2,0,0,0,0,0,40
635,El Khannouss,11,3,2,4,6,2179,83,48
694,Cartwright,11,3,0,0,0,0,0,45
708,Wilson-Brown,11,2,0,0,0,0,0,40
726,Coulibaly,11,2,0,0,0,107,1,40
754,Van Nistelrooy,11,5,0,0,0,0,48,5
792,Monga,11,3,0,0,0,105,7,45
796,Olabade Aluko,11,2,0,0,0,1,1,40
797,Jake Evans,11,3,0,0,0,21,4,45
802,Braybrooke,11,3,0,0,0,0,0,45
310,A.Becker,12,1,0,0,0,2508,112,55
311,Alexander-Arnold,12,2,3,7,10,2362,148,72
312,Bajcetic,12,3,0,0,0,0,0,45
313,Bradley,12,2,0,2,2,744,41,47
315,Clark,12,3,0,0,0,0,0,45
316,Darwin,12,4,5,3,8,1113,66,70
317,Diogo J.,12,3,6,4,10,1182,87,72
318,Doak,12,3,0,0,0,0,0,45
319,Elliott,12,3,1,2,3,359,33,52
320,Endo,12,3,0,0,0,259,21,46
321,Gakpo,12,4,10,5,15,1921,127,72
322,Gomez,12,2,0,0,0,517,14,47
323,Gravenberch,12,3,0,4,4,3160,92,50
324,Jones,12,3,3,5,8,1702,87,53
325,Kelleher,12,1,0,0,0,900,45,39
326,Konaté,12,2,1,2,3,2561,106,53
327,Luis Díaz,12,3,13,7,20,2393,183,75
328,M.Salah,12,3,29,18,47,3374,344,136
329,Mac Allister,12,3,5,6,11,2597,122,62
330,McConnell,12,3,0,0,0,0,0,43
331,Morton,12,3,0,0,0,0,0,44
332,N.Phillips,12,2,0,0,0,0,0,40
333,Quansah,12,2,0,0,0,488,9,39
334,R.Williams,12,2,0,0,0,0,0,40
335,Robertson,12,2,0,1,1,2479,91,58
336,Szoboszlai,12,3,6,10,16,2485,143,61
337,Tsimikas,12,2,0,1,1,829,43,46
339,Virgil,12,2,3,1,4,3330,143,67
636,Chiesa,12,3,0,0,0,103,7,68
660,Jaros,12,1,0,0,0,11,1,40
669,Davies,12,1,0,0,0,0,0,40
688,Nyoni,12,3,0,0,0,0,0,45
692,Nallo,12,2,0,0,0,0,0,40
709,Danns,12,4,0,0,0,10,1,45
744,Slot,12,5,0,0,0,0,118,15
340,Akanji,13,2,0,0,0,2012,61,53
341,Aké,13,2,0,0,0,677,25,53
342,Bernardo,13,3,4,4,8,2667,110,61
343,Bobb,13,3,0,0,0,14,3,47
344,Carson,13,1,0,0,0,0,0,39
345,De Bruyne,13,3,4,9,13,1694,114,95
346,Doku,13,3,3,6,9,1506,88,62
347,Ederson M.,13,1,0,4,4,2320,111,53
348,Foden,13,3,7,3,10,1771,105,91
349,Grealish,13,3,1,1,2,710,38,64
350,Gvardiol,13,2,5,0,5,3278,153,65
351,Haaland,13,4,22,3,25,2736,181,149
352,J.Alvarez,13,4,0,0,0,0,0,70
353,João Cancelo,13,2,0,0,0,0,0,53
354,Kovačić,13,3,6,3,9,2194,109,54
355,Lewis,13,2,1,2,3,1888,66,43
356,Matheus N.,13,3,1,7,8,1670,81,49
357,McAtee,13,3,3,0,3,340,31,46
358,Ortega Moreno,13,1,0,0,0,1099,35,52
360,Rodrigo,13,3,0,0,0,72,3,62
361,Rúben,13,2,0,0,0,2269,90,55
362,Stones,13,2,2,0,2,544,29,53
363,Walker,13,2,0,0,0,966,13,51
571,Savinho,13,3,1,11,12,1760,106,60
607,O’Reilly,13,3,2,0,2,525,31,49
625,Gündogan,13,3,1,7,8,2218,97,63
626,Kaboré,13,2,0,0,0,0,0,45
671,Wright,13,3,0,0,0,0,0,45
672,Simpson-Pusey,13,2,0,0,0,95,1,40
675,Wilson-Esbrand,13,2,0,0,0,0,0,40
698,Mubama,13,4,0,0,0,27,1,45
703,Alleyne,13,2,0,0,0,0,0,40
704,Brits,13,1,0,0,0,0,0,40
732,Khusanov,13,2,0,0,0,503,14,50
733,Vitor Reis,13,2,0,0,0,1,1,45
736,Guardiola,13,5,0,0,0,0,113,15
755,Marmoush,13,4,7,1,8,1174,73,74
765,N.Gonzalez,13,3,1,1,2,760,31,60
785,Echeverri,13,3,0,0,0,5,1,58
364,Amad,14,3,8,8,16,1898,129,53
365,Antony,14,3,0,0,0,135,8,57
366,B.Fernandes,14,3,8,12,20,3017,174,84
367,Bayindir,14,1,0,0,0,360,8,43
368,Casemiro,14,3,1,0,1,1489,48,46
369,Dalot,14,2,0,4,4,2812,95,50
370,Eriksen,14,3,1,2,3,1052,45,52
371,Evans,14,2,0,0,0,312,15,44
372,Garnacho,14,3,6,4,10,2188,106,59
373,Hannibal,14,3,0,0,0,0,0,45
374,Heaton,14,1,0,0,0,0,0,39
375,Højlund,14,4,4,1,5,1998,78,69
376,Lindelof,14,2,0,0,0,695,27,43
377,Maguire,14,2,1,0,1,1751,48,49
378,Mainoo,14,3,0,0,0,1646,42,52
379,Malacia,14,2,0,0,0,99,2,44
380,Martinez,14,2,2,1,3,1751,68,43
381,McTominay,14,3,0,0,0,17,2,49
382,Mount,14,3,1,0,1,613,25,63
383,Onana,14,1,0,0,0,3060,120,49
384,Pellistri,14,3,0,0,0,0,0,50
387,Shaw,14,2,0,0,0,346,5,49
389,Zirkzee,14,4,3,2,5,1385,64,65
572,Yoro,14,2,0,0,0,1160,22,43
593,De Ligt,14,2,2,0,2,2119,68,48
594,Mazraoui,14,2,0,1,1,2836,88,42
613,Collyer,14,3,0,0,0,174,6,45
648,Wheatley,14,4,0,0,0,0,0,45
652,Ugarte,14,3,1,2,3,1777,49,49
658,Heaven,14,2,0,0,0,169,10,40
667,Fletcher,14,3,0,0,0,0,0,45
670,Amass,14,2,0,0,0,345,4,40
673,Fitzgerald,14,3,0,0,0,0,0,45
691,Kukonki,14,2,0,0,0,0,0,40
745,Amorim,14,5,0,0,0,0,86,8
761,Harrison,14,1,0,0,0,0,0,40
766,Dorgu,14,2,0,0,0,840,18,45
776,Obi,14,4,0,0,0,160,7,45
777,Fredricson,14,2,0,0,0,166,2,40
778,Moorhouse,14,3,0,0,0,0,0,45
779,Koné,14,3,0,0,0,0,0,45
783,Graczyk,14,1,0,0,0,0,0,40
788,Dermot Mee,14,1,0,0,0,0,0,40
390,A.Murphy,15,2,0,0,0,0,0,40
391,Almirón,15,3,0,0,0,150,10,54
392,Barnes,15,3,9,5,14,1746,130,59
393,Botman,15,2,0,0,0,412,18,44
394,Bruno G.,15,3,5,6,11,3273,135,62
395,Burn,15,2,1,1,2,3330,115,46
396,Dúbravka,15,1,0,0,0,900,44,40
398,Gordon,15,3,6,6,12,2428,124,74
399,Hall,15,2,0,7,7,2188,102,47
400,Hayden,15,3,0,0,0,0,0,44
401,Isak,15,4,23,6,29,2758,211,94
402,J.Murphy,15,3,8,13,21,2356,159,52
403,Joelinton,15,3,4,4,8,2394,99,60
404,Kelly,15,2,0,1,1,299,12,42
405,Krafth,15,2,0,0,0,334,17,43
406,Kuol,15,3,0,0,0,0,0,44
407,Lascelles,15,2,0,0,0,0,0,45
408,Lewis,15,2,0,0,0,0,0,40
409,Livramento,15,2,0,1,1,2835,105,46
410,Longstaff,15,3,0,1,1,783,34,44
411,Miley,15,3,1,0,1,304,21,50
412,Odysseas,15,1,0,0,0,0,0,42
413,Pope,15,1,0,0,0,2520,102,50
414,Ruddy,15,1,0,0,0,0,0,39
415,Schär,15,2,4,2,6,2935,118,55
416,Targett,15,2,0,0,0,20,2,39
417,Tonali,15,3,4,2,6,2625,106,55
418,Trippier,15,2,0,3,3,1299,72,56
419,White,15,3,0,0,0,0,0,45
420,Willock,15,3,0,2,2,1065,46,47
421,Wilson,15,4,0,0,0,355,19,69
574,Pivas,15,2,0,0,0,0,0,40
590,Osula,15,4,1,0,1,124,19,49
746,Howe,15,5,0,0,0,0,97,15
789,Neave,15,4,0,0,0,0,0,45
26,Alex Moreno,16,2,0,1,1,952,34,42
422,Aina,16,2,2,1,3,2996,128,53
423,Anderson,16,3,2,6,8,2726,107,50
424,Awoniyi,16,4,1,0,1,398,32,55
425,Boly,16,2,0,0,0,146,6,42
426,Bowler,16,3,0,0,0,0,0,45
427,C.Miguel,16,1,0,0,0,0,0,41
428,Da Silva Moreira,16,3,0,0,0,28,2,43
429,Danilo,16,3,0,0,0,270,11,47
430,Dennis,16,4,0,0,0,0,0,49
431,Dominguez,16,3,0,1,1,1954,54,48
432,Elanga,16,3,6,11,17,2496,153,55
433,Gibbs-White,16,3,7,11,18,2806,154,65
434,Hudson-Odoi,16,3,5,3,8,2190,103,51
435,Mighten,16,3,0,0,0,0,0,45
436,Murillo,16,2,2,0,2,3188,130,47
437,N.Williams,16,2,1,3,4,2588,109,45
438,O.Richards,16,2,0,0,0,0,0,45
439,O'Brien,16,3,0,0,0,0,0,50
440,Omobamidele,16,2,0,0,0,0,0,42
441,Panzo,16,2,0,0,0,0,0,40
442,Sangaré,16,3,0,1,1,584,20,43
443,Sels,16,1,0,1,1,3420,150,52
444,Toffolo,16,2,0,0,0,135,4,42
446,Ui-jo,16,4,0,0,0,0,0,45
447,Wood,16,4,20,3,23,2958,200,72
448,Worrall,16,2,0,0,0,0,0,45
449,Yates,16,3,2,2,4,1901,67,48
573,Milenković,16,2,5,2,7,3330,145,52
596,Jota Silva,16,3,3,2,5,835,52,59
620,Sosa,16,3,1,0,1,280,25,55
653,Morato,16,2,0,0,0,891,36,45
706,Abbott,16,2,0,0,0,0,0,40
721,Hennessey,16,1,0,0,0,0,0,40
747,Nuno,16,5,0,0,0,0,78,11
14,Ramsdale,17,1,0,0,0,2700,97,44
27,Archer,17,4,2,0,2,1421,57,48
188,Ugochukwu,17,3,1,1,2,1652,47,44
397,Fraser,17,3,0,0,0,303,7,48
451,Amo-Ameyaw,17,3,0,0,0,26,1,44
452,Aribo,17,3,3,0,3,2007,72,49
453,Armstrong,17,4,2,3,5,1246,45,51
454,Bazunu,17,1,0,0,0,0,0,43
455,Bednarek,17,2,2,0,2,2531,60,40
456,Bella-Kotchap,17,2,0,0,0,329,2,39
457,Bree,17,2,0,1,1,1070,23,39
458,Charles,17,3,0,0,0,0,0,45
459,Edozie,17,3,0,0,0,64,1,49
460,Edwards,17,2,0,0,0,12,1,39
461,Harwood-Bellis,17,2,1,0,1,2824,55,39
462,Kamaldeen,17,3,1,2,3,1394,53,50
463,Lallana,17,3,0,2,2,352,17,50
464,Larios,17,2,0,0,0,0,0,39
465,Lis,17,1,0,0,0,0,0,40
466,Lumley,17,1,0,0,0,270,8,40
467,Manning,17,2,0,2,2,1458,34,43
468,Mara,17,4,0,0,0,0,0,50
469,McCarthy,17,1,0,0,0,450,12,42
470,Onuachu,17,4,4,1,5,1038,51,49
471,Smallbone,17,3,1,0,1,679,26,50
472,Stephens,17,2,1,0,1,1389,31,40
473,Stewart,17,4,1,0,1,382,20,44
474,Sugawara,17,2,1,1,2,1548,43,42
475,Taylor,17,2,0,0,0,353,6,39
476,Walker-Peters,17,2,0,3,3,2918,54,42
477,Wood,17,2,0,0,0,771,14,39
515,Cornet,17,3,0,0,0,71,1,47
518,Downes,17,3,1,0,1,2149,48,47
584,Brereton Díaz,17,3,0,0,0,446,13,48
608,Dibling,17,3,2,2,4,1863,68,43
623,M.Fernandes,17,3,2,4,6,2911,95,50
693,O'Brien-Whitmarsh,17,3,0,0,0,0,0,45
718,Welington,17,2,0,0,0,478,14,40
719,Kayi Sanda,17,2,0,0,0,12,2,40
734,Grønbæk,17,3,0,0,0,141,6,49
748,Rusk,17,5,0,0,0,0,38,5
798,Jay Robinson,17,4,0,0,0,134,5,44
804,Moore,17,2,0,0,0,0,0,40
82,Solanke,18,4,9,5,14,2199,108,73
478,A.Phillips,18,2,0,0,0,0,0,40
479,Austin,18,1,0,0,0,90,1,40
480,Bentancur,18,3,2,0,2,1640,49,49
481,Bergvall,18,3,0,2,2,1200,44,44
482,Bissouma,18,3,2,0,2,1396,50,48
483,Bryan,18,3,0,0,0,0,0,50
484,Davies,18,2,0,0,0,1329,28,43
485,Devine,18,3,0,0,0,0,0,45
486,Dragusin,18,2,0,0,0,1250,24,43
487,E.Royal,18,2,0,0,0,0,0,45
488,Forster,18,1,0,0,0,630,19,43
489,Gray,18,3,0,0,0,1750,45,46
490,Højbjerg,18,3,0,0,0,0,0,50
491,Johnson,18,3,11,6,17,2171,137,62
492,Kulusevski,18,3,7,4,11,2386,117,62
493,Lo Celso,18,3,0,0,0,0,0,49
494,Maddison,18,3,9,8,17,1799,133,74
495,Pedro Porro,18,2,2,6,8,2606,98,52
496,Reguilón,18,2,0,0,0,194,2,41
497,Richarlison,18,4,4,1,5,497,35,68
498,Romero,18,2,1,1,2,1416,49,49
499,P.M.Sarr,18,3,3,2,5,1901,71,47
500,Scarlett,18,4,0,1,1,31,6,44
502,Solomon,18,3,0,0,0,0,0,54
503,Son,18,3,7,10,17,2106,129,97
504,Spence,18,2,1,2,3,1790,51,44
505,Udogie,18,2,0,1,1,1923,43,48
506,Van de Ven,18,2,0,2,2,1014,32,45
507,Veliz,18,4,0,0,0,0,0,50
508,Vicario,18,1,0,0,0,2160,66,48
509,Werner,18,3,0,3,3,504,34,62
510,Whiteman,18,1,0,0,0,0,0,39
609,Lankshear,18,4,0,0,0,10,3,45
610,Moore,18,3,0,2,2,359,19,45
612,Odobert,18,3,1,0,1,843,34,53
683,Olusesi,18,3,0,0,0,0,0,45
684,Hardy,18,2,0,0,0,0,0,40
689,Williams-Barnett,18,3,0,0,0,0,0,45
699,Dorrington,18,2,0,0,0,13,1,40
700,King,18,2,0,0,0,0,0,40
716,Kinsky,18,1,0,0,0,540,17,41
717,Yang,18,3,0,0,0,0,0,45
729,Ajayi,18,3,0,0,0,0,0,45
749,Postecoglou,18,5,0,0,0,0,58,11
760,Cassanova,18,2,0,0,0,0,0,40
767,Danso,18,2,0,0,0,842,16,44
768,Tel,18,3,2,2,4,908,42,58
123,Ferguson,19,4,1,0,1,385,28,55
388,Wan-Bissaka,19,2,2,6,8,3154,118,45
511,Álvarez,19,3,0,1,1,1769,40,50
512,Antonio,19,4,1,4,5,834,42,52
513,Areola,19,1,0,0,0,2259,69,42
514,Bowen,19,3,13,11,24,2974,193,79
516,Coufal,19,2,0,0,0,1056,27,41
517,Cresswell,19,2,0,0,0,818,36,39
519,Earthy,19,3,0,0,0,0,0,45
520,Emerson,19,2,2,1,3,2108,76,44
521,Fabianski,19,1,0,0,0,1160,39,39
522,Foderingham,19,1,0,0,0,0,0,42
523,Ings,19,4,1,3,4,270,32,48
524,Kilman,19,2,0,1,1,3348,82,43
525,Kudus,19,3,5,4,9,2589,106,62
526,L.Guilherme,19,3,0,0,0,139,12,46
527,L.Paquetá,19,3,4,1,5,2374,80,57
528,Mavropanos,19,2,0,0,0,2035,45,43
529,N.Aguerd,19,2,0,0,0,0,0,44
530,Souček,19,3,9,2,11,2563,126,48
531,Ward-Prowse,19,3,1,2,3,1433,51,61
532,Zouma,19,2,0,0,0,0,0,44
576,Irving,19,3,0,0,0,161,9,47
587,Summerville,19,3,1,1,2,776,33,55
588,G.Rodríguez,19,3,0,1,1,1147,36,48
589,Füllkrug,19,4,3,2,5,783,42,67
591,Todibo,19,2,0,0,0,1824,54,42
643,Casey,19,2,0,0,0,1,1,40
654,C.Soler,19,3,1,1,2,1394,47,50
677,Scarles,19,2,0,0,0,659,29,40
686,Mayers,19,2,0,0,0,0,0,40
701,Orford,19,3,0,0,0,47,2,45
750,Potter,19,5,0,0,0,0,84,5
204,Johnstone,20,1,0,0,0,630,12,41
533,Aït-Nouri,20,2,4,7,11,3112,125,51
534,B.Traore,20,3,0,0,0,1,1,48
535,Bellegarde,20,3,2,7,9,1666,90,49
536,Bentley,20,1,0,0,0,180,9,39
537,Chiquinho,20,3,0,0,0,6,1,45
538,Chirewa,20,3,0,0,0,0,0,45
539,Chiwome,20,4,0,0,0,0,0,44
540,Cundle,20,3,0,0,0,0,0,45
541,Cunha,20,4,15,7,22,2596,178,70
542,Dawson,20,2,0,1,1,969,17,42
543,Doherty,20,2,2,1,3,2105,75,43
544,Doyle,20,3,0,1,1,474,28,47
545,Fábio Silva,20,4,0,0,0,0,0,50
546,Fraser,20,4,0,0,0,0,0,45
547,Gonzalez,20,3,0,0,0,0,0,44
548,Guedes,20,3,2,4,6,979,62,53
549,H.Bueno,20,2,0,0,0,0,0,45
550,Hee Chan,20,3,2,1,3,646,37,61
551,Hodge,20,3,0,0,0,0,0,45
552,Hoever,20,2,0,0,0,0,0,40
553,J.Gomes,20,3,3,1,4,2975,87,49
554,José Sá,20,1,0,0,0,2610,93,44
555,Kalajdžić,20,4,0,0,0,0,0,48
556,King,20,1,0,0,0,1,1,39
557,Mario Jr.,20,3,1,3,4,1363,47,48
558,Mosquera,20,2,0,0,0,441,3,38
559,N.Semedo,20,2,0,4,4,2889,84,45
561,Pedro Lima,20,2,0,0,0,69,2,39
562,Podence,20,3,0,0,0,46,2,55
563,R.Gomes,20,3,2,0,2,794,42,51
564,S.Bueno,20,2,0,0,0,1678,52,43
565,Sarabia,20,3,3,2,5,800,50,50
566,Strand Larsen,20,4,14,4,18,2587,145,52
567,Toti,20,2,0,1,1,2613,79,43
637,Meupiyou,20,2,0,0,0,0,0,39
642,André,20,3,0,0,0,2472,61,50
655,Forbs,20,3,0,0,0,236,9,54
664,Pond,20,2,0,0,0,1,1,39
682,Edozie,20,3,0,0,0,0,0,45
711,Okoduwa,20,2,0,0,0,0,0,40
720,Agbadou,20,2,1,0,1,1410,45,40
751,Pereira,20,5,0,0,0,0,111,8
769,Djiga,20,2,0,0,0,65,4,45
770,Munetsi,20,3,2,2,4,1077,50,50
784,Mané,20,4,0,0,0,1,1,45
