id,web_name,team,now_cost,total_points,goals_scored,assists,clean_sheets,yellow_cards,red_cards,bonus,bps,influence,creativity,threat,ict_index,minutes,form,points_per_game
1,Fábio Vieira,1,54,0,0,0,0,0,0,0,0,0.0,0.0,0.0,0.0,0,0.0,0.0
7,Jorginho,1,46,20,0,0,2,5,0,0,112,44.8,88.8,8.0,14.2,701,0.2,1.3
9,Martinelli,1,65,125,8,4,10,1,0,6,422,559.8,587.8,912.0,206.1,2284,3.5,3.8
12,Nwaneri,1,43,66,4,2,4,1,0,4,251,293.2,282.8,255.0,83.0,882,0.8,2.5
13,Ødegaard,1,82,116,3,9,11,4,0,11,529,524.6,968.7,493.0,198.8,2321,6.5,3.9
16,Rice,1,63,127,4,7,11,5,1,17,627,733.0,959.6,399.0,208.8,2823,5.5,3.6
17,Saka,1,104,127,6,11,7,3,0,18,508,606.0,842.8,830.0,227.9,1724,2.0,5.1
20,Thomas,1,49,108,4,3,9,4,0,8,567,626.6,377.9,223.0,123.2,2793,2.2,3.1
23,Trossard,1,67,152,8,8,11,2,1,18,561,609.0,617.6,798.0,202.1,2546,4.0,4.0
186,Sterling,1,67,26,0,2,1,1,0,0,64,67.2,125.5,122.0,31.3,490,0.8,1.5
597,Lewis-Skelly,1,45,37,1,0,5,3,2,0,237,176.0,170.7,57.0,40.0,1362,1.8,1.6
633,Merino,1,60,92,7,2,4,2,1,8,326,456.8,265.8,511.0,123.3,1575,1.8,3.3
638,Oulad M'hand,1,45,0,0,0,0,0,0,0,0,0.0,0.0,0.0,0.0,0,0.0,0.0
659,Kabia,1,45,0,0,0,0,0,0,0,0,0.0,0.0,0.0,0.0,0,0.0,0.0
790,Gower,1,45,0,0,0,0,0,0,0,0,0.0,0.0,0.0,0.0,0,0.0,0.0
793,Jack Henry-Francis,1,45,0,0,0,0,0,0,0,0,0.0,0.0,0.0,0.0,0,0.0,0.0
28,Bailey,2,62,47,1,2,2,3,0,2,174,146.4,235.8,325.0,70.3,1132,0.2,2.0
29,Barkley,2,52,44,3,1,1,3,0,5,166,215.4,128.1,206.0,54.8,567,0.8,2.2
30,Barrenechea,2,49,0,0,0,0,0,0,0,0,0.0,0.0,0.0,0.0,0,0.0,0.0
31,Buendia,2,51,11,0,0,0,1,0,0,37,16.4,23.2,16.0,5.2,89,0.0,0.9
33,Dendoncker,2,45,0,0,0,0,0,0,0,0,0.0,0.0,0.0,0.0,0,0.0,0.0
34,Diaby,2,65,0,0,0,0,0,0,0,0,0.0,0.0,0.0,0.0,0,0.0,0.0
37,Dobbin,2,50,0,0,0,0,0,0,0,0,0.0,0.0,0.0,0.0,0,0.0,0.0
41,Iling Jr,2,54,0,0,0,0,0,0,0,0,0.0,0.0,0.0,0.0,0,0.0,0.0
42,Kamara,2,50,57,1,0,6,2,0,3,296,326.6,191.0,83.0,60.2,1720,4.5,2.2
48,McGinn,2,52,78,1,4,8,7,0,1,360,277.2,500.6,263.0,103.7,2217,3.2,2.3
53,Ramsey,2,54,66,1,4,5,2,1,3,265,235.4,307.9,245.0,78.7,1616,0.5,2.3
54,Rogers,2,58,161,8,11,10,10,0,15,534,730.6,722.7,689.0,214.2,3115,4.0,4.4
57,Tielemans,2,55,121,3,7,7,4,0,15,686,799.6,963.1,333.0,209.6,3025,3.0,3.4
233,Onana,2,48,65,3,0,6,4,0,5,324,358.0,194.8,215.0,77.0,1613,2.5,2.5
385,Rashford,2,66,95,6,4,7,2,0,9,333,398.4,451.1,369.0,122.1,1414,0.0,3.8
656,Young,2,44,0,0,0,0,0,0,0,0,0.0,0.0,0.0,0.0,0,0.0,0.0
679,Broggio,2,45,0,0,0,0,0,0,0,0,0.0,0.0,0.0,0.0,0,0.0,0.0
710,Jimoh,2,45,0,0,0,0,0,0,0,0,0.0,0.0,0.0,0.0,0,0.0,0.0
725,Malen,2,53,34,3,0,0,0,0,3,112,138.2,42.7,208.0,38.5,296,0.8,2.4
762,M.Asensio,2,60,44,3,2,3,2,0,6,158,200.6,232.5,242.0,67.2,740,1.8,3.4
60,Adams,3,49,58,0,3,6,7,0,1,315,411.8,261.2,83.0,75.9,1959,2.2,2.1
61,Anthony,3,45,0,0,0,0,0,0,0,0,0.0,0.0,0.0,0.0,0,0.0,0.0
62,Brooks,3,49,52,2,1,3,3,0,2,204,193.6,316.7,300.0,80.4,941,1.5,1.8
63,Christie,3,48,76,2,3,8,9,0,5,435,514.0,576.8,303.0,139.6,2114,0.0,2.6
64,Cook,3,50,82,1,4,5,8,1,3,500,607.0,727.1,114.0,144.9,2976,0.8,2.3
66,Faivre,3,50,0,0,0,0,0,0,0,0,0.0,0.0,0.0,0.0,0,0.0,0.0
67,H.Traorè,3,45,0,0,0,0,0,0,0,0,0.0,0.0,0.0,0.0,0,0.0,0.0
71,Kluivert,3,59,158,12,6,13,8,0,14,532,700.0,654.1,771.0,212.0,2339,1.8,4.6
74,O.Dango,3,45,111,7,4,7,3,0,7,432,624.6,496.8,754.0,187.2,1998,0.2,3.5
76,Philip,3,48,10,0,0,0,1,0,0,52,54.0,102.4,47.0,20.4,176,0.0,1.0
77,Scott,3,47,26,0,0,3,3,0,0,132,141.6,171.6,118.0,43.2,745,0.5,1.3
78,Semenyo,3,57,165,11,7,11,9,0,14,571,792.2,688.9,1204.0,267.8,3202,6.0,4.5
80,Sinisterra,3,48,23,1,1,0,0,0,2,90,112.0,115.3,195.0,42.3,229,0.0,1.9
83,Tavernier,3,54,87,3,7,4,6,0,4,362,447.0,664.8,442.0,155.4,1932,3.0,3.0
687,Winterburn,3,45,4,0,0,0,0,0,0,14,2.4,0.2,2.0,0.4,22,0.2,1.0
723,Sadi,3,45,0,0,0,0,0,0,0,0,0.0,0.0,0.0,0.0,0,0.0,0.0
728,Silcott-Duberry,3,45,1,0,0,0,0,0,0,5,2.0,1.0,0.0,0.3,1,0.0,1.0
87,Brierley,4,44,0,0,0,0,0,0,0,0,0.0,0.0,0.0,0.0,0,0.0,0.0
89,Damsgaard,4,49,131,2,10,11,2,0,10,611,714.8,1006.4,338.0,205.9,2911,3.0,3.4
90,Dasilva,4,48,0,0,0,0,0,0,0,0,0.0,0.0,0.0,0.0,0,0.0,0.0
94,Janelt,4,48,73,1,3,6,3,0,2,384,356.6,284.2,131.0,77.2,2251,0.0,2.3
95,Jensen,4,53,38,0,2,2,2,0,1,179,157.0,249.5,32.0,43.8,846,1.0,1.6
97,Konak,4,44,10,0,0,0,0,0,0,30,8.0,4.5,3.0,1.2,53,0.4,1.0
98,Lewis-Potter,4,50,94,1,5,8,7,0,0,460,542.0,462.2,391.0,139.9,3092,1.6,2.5
99,Mbeumo,4,83,236,20,9,9,3,0,29,948,1236.8,1107.5,1060.0,340.8,3415,5.2,6.2
101,Nørgaard,4,48,107,5,5,6,8,1,7,580,735.4,333.0,409.0,147.9,2820,4.2,3.1
102,Onyeka,4,49,2,0,0,0,0,0,0,3,0.0,0.5,0.0,0.0,23,0.0,1.0
103,Peart-Harris,4,45,0,0,0,0,0,0,0,0,0.0,0.0,0.0,0.0,0,0.0,0.0
106,Schade,4,53,149,11,4,10,3,0,12,498,630.8,312.7,892.0,183.3,2281,7.4,3.9
111,Yarmoliuk,4,43,43,0,0,3,6,0,0,255,259.6,196.1,89.0,54.4,1435,2.0,1.4
314,Carvalho,4,45,35,2,1,0,1,0,1,127,142.2,71.5,154.0,36.3,443,0.0,1.8
602,Trevitt,4,44,1,0,0,0,0,0,0,5,2.6,0.1,0.0,0.3,3,0.0,1.0
634,G.Nunes,4,49,3,0,0,0,0,0,0,11,10.0,0.3,2.0,1.2,11,0.2,1.0
661,Yogane,4,45,0,0,0,0,0,0,0,0,0.0,0.0,0.0,0.0,0,0.0,0.0
674,Maghoma,4,45,8,0,0,0,0,0,0,32,27.8,15.8,10.0,5.4,112,0.0,1.0
113,Adingra,5,51,60,2,3,2,0,0,0,207,212.4,261.9,337.0,80.9,1081,2.5,2.1
114,Baker-Boaitey,5,45,0,0,0,0,0,0,0,0,0.0,0.0,0.0,0.0,0,0.0,0.0
115,Baleba,5,50,87,3,1,8,6,1,7,490,515.4,343.7,193.0,105.2,2660,2.2,2.6
118,Cozier-Duberry,5,45,0,0,0,0,0,0,0,0,0.0,0.0,0.0,0.0,0,0.0,0.0
119,Dahoud,5,49,0,0,0,0,0,0,0,0,0.0,0.0,0.0,0.0,0,0.0,0.0
124,Gilmour,5,50,3,0,0,0,0,0,0,21,11.4,11.9,2.0,2.5,97,0.0,1.5
125,Gross,5,65,0,0,0,0,0,0,0,0,0.0,0.0,0.0,0.0,0,0.0,0.0
126,Hinshelwood,5,49,89,5,3,6,5,0,8,404,394.6,268.1,304.0,97.0,1839,6.2,3.4
127,I.Osman,5,50,0,0,0,0,0,0,0,0,0.0,0.0,0.0,0.0,0,0.0,0.0
130,Kozlowski,5,45,0,0,0,0,0,0,0,0,0.0,0.0,0.0,0.0,0,0.0,0.0
132,March,5,65,7,0,0,0,2,0,0,25,24.0,59.6,18.0,10.1,161,0.0,0.9
133,Mazilu,5,45,0,0,0,0,0,0,0,0,0.0,0.0,0.0,0.0,0,0.0,0.0
134,Milner,5,50,6,0,0,1,1,0,0,27,28.6,66.3,12.0,10.7,170,0.2,1.5
135,Minteh,5,48,102,6,5,4,6,0,8,398,523.8,448.9,615.0,159.1,1831,4.0,3.2
136,Mitoma,5,63,145,10,5,6,1,0,12,536,670.6,578.0,856.0,210.7,2597,2.8,4.0
137,Moder,5,44,4,0,0,0,0,0,0,17,15.8,36.0,2.0,5.4,9,0.0,1.0
140,Peupion,5,44,0,0,0,0,0,0,0,0,0.0,0.0,0.0,0.0,0,0.0,0.0
141,Sarmiento,5,49,1,0,0,0,0,0,0,3,0.2,0.8,0.0,0.1,8,0.0,1.0
149,Wieffer,5,47,52,1,5,2,6,0,4,243,328.8,230.4,129.0,68.5,1003,3.0,2.1
595,Gruda,5,54,45,1,4,1,0,0,1,176,196.6,311.6,187.0,69.1,676,3.8,2.1
600,Ayari,5,50,74,2,1,7,4,0,3,358,363.2,507.5,247.0,111.7,1958,3.5,2.2
601,Moran,5,50,0,0,0,0,0,0,0,0,0.0,0.0,0.0,0.0,0,0.0,0.0
618,Georginio,5,50,95,5,6,6,2,0,1,288,355.4,281.8,404.0,103.0,1651,0.0,3.4
629,O'Riley,5,55,50,2,3,2,1,0,2,209,211.4,322.5,219.0,75.3,929,3.2,2.4
714,Gómez,5,55,30,1,1,0,0,0,2,130,124.2,143.2,69.0,33.6,507,3.5,1.9
758,Knight,5,45,0,0,0,0,0,0,0,0,0.0,0.0,0.0,0.0,0,0.0,0.0
795,Harry Howell,5,45,1,0,0,0,0,0,0,5,2.0,0.9,6.0,0.9,6,0.2,1.0
150,Andrey Santos,6,45,0,0,0,0,0,0,0,0,0.0,0.0,0.0,0.0,0,0.0,0.0
151,Ângelo,6,45,0,0,0,0,0,0,0,0,0.0,0.0,0.0,0.0,0,0.0,0.0
157,Caicedo,6,49,98,1,4,12,11,0,4,650,627.6,568.8,95.0,129.2,3351,3.2,2.6
158,Casadei,6,44,0,0,0,0,0,0,0,0,0.0,0.0,0.0,0.0,0,0.0,0.0
161,Chukwuemeka,6,47,0,0,0,0,0,0,0,0,0.0,0.0,0.0,0.0,0,0.0,0.0
166,Dewsbury-Hall,6,55,18,0,1,0,0,0,1,71,57.4,47.4,21.0,12.6,257,0.2,1.4
168,Enzo,6,47,135,6,8,10,8,0,11,691,761.6,1131.6,517.0,241.3,2943,4.0,3.8
169,Gallagher,6,59,0,0,0,0,0,0,0,0,0.0,0.0,0.0,0.0,0,0.0,0.0
173,Kellyman,6,43,0,0,0,0,0,0,0,0,0.0,0.0,0.0,0.0,0,0.0,0.0
174,Lavia,6,45,26,0,1,3,4,0,0,125,113.2,121.7,7.0,24.4,792,1.8,1.6
177,Madueke,6,60,120,7,5,6,3,0,12,425,479.2,475.1,998.0,195.3,2028,2.2,3.8
179,Mudryk,6,61,7,0,0,0,0,0,0,26,23.2,31.5,31.0,8.5,145,0.0,1.0
181,Nkunku,6,57,60,3,2,2,2,0,5,190,230.2,204.9,339.0,77.1,904,0.0,2.2
182,Palmer,6,105,214,15,10,10,7,0,35,952,1068.2,1259.2,1052.0,338.0,3193,4.2,5.8
184,Renato Veiga,6,44,7,0,0,1,2,0,0,22,30.4,9.2,19.0,5.9,176,0.0,1.0
386,Sancho,6,62,86,3,5,7,2,0,3,367,340.0,523.2,414.0,127.5,1754,1.0,2.8
560,Neto,6,61,104,4,6,8,8,0,9,434,492.0,762.7,545.0,180.0,2262,4.0,3.0
621,João Félix,6,59,24,1,2,1,2,0,0,90,88.0,95.4,141.0,32.3,362,0.0,2.0
695,Rak-Sakyi,6,45,0,0,0,0,0,0,0,0,0.0,0.0,0.0,0.0,0,0.0,0.0
696,George,6,45,17,1,1,1,1,0,0,55,67.4,72.7,32.0,17.1,177,0.8,2.1
771,Amougou,6,45,1,0,0,0,0,0,0,2,1.0,0.9,0.0,0.2,7,0.0,1.0
190,Ahamada,7,45,0,0,0,0,0,0,0,0,0.0,0.0,0.0,0.0,0,0.0,0.0
193,C.Doucouré,7,48,19,0,1,1,1,0,0,71,58.6,25.7,23.0,10.8,443,0.0,1.5
197,Ebiowei,7,45,0,0,0,0,0,0,0,0,0.0,0.0,0.0,0.0,0,0.0,0.0
199,Eze,7,70,148,8,8,10,1,0,15,605,685.0,849.2,691.0,222.4,2588,8.8,4.4
203,Hughes,7,49,67,0,4,10,11,0,3,278,335.2,462.6,90.0,87.5,2100,2.0,2.0
205,Kamada,7,51,45,0,0,3,4,1,0,246,219.2,314.1,145.0,68.2,1545,1.2,1.3
206,Lerma,7,48,58,0,1,6,9,0,2,326,401.4,190.2,197.0,78.7,2270,1.8,1.8
208,M.França,7,44,9,1,0,0,0,0,0,34,48.4,1.2,66.0,11.5,52,0.5,2.2
212,Ozoh,7,45,0,0,0,0,0,0,0,0,0.0,0.0,0.0,0.0,0,0.0,0.0
213,Rak-Sakyi,7,45,0,0,0,0,0,0,0,0,0.0,0.0,0.0,0.0,0,0.0,0.0
214,Schlupp,7,46,12,0,0,0,0,0,0,43,22.8,42.9,46.0,11.0,95,0.0,1.0
216,Wharton,7,47,42,0,2,4,2,0,0,244,261.2,381.4,69.0,71.2,1314,0.8,2.1
585,I.Sarr,7,55,149,8,7,10,4,0,14,542,675.0,618.0,866.0,215.9,2708,5.5,3.9
644,Umeh-Chibueze,7,44,0,0,0,0,0,0,0,0,0.0,0.0,0.0,0.0,0,0.0,0.0
645,Devenny,7,45,34,1,1,0,1,0,1,129,138.8,101.8,90.0,33.2,494,1.5,1.5
646,Agbinone,7,45,2,0,0,0,0,0,0,4,4.0,10.6,1.0,1.5,4,0.0,1.0
647,Rodney,7,45,0,0,0,0,0,0,0,0,0.0,0.0,0.0,0.0,0,0.0,0.0
730,Esse,7,47,22,1,2,0,0,0,3,72,74.8,38.4,51.0,16.4,138,2.8,3.1
217,A.Doucoure,8,51,94,3,2,11,3,1,5,333,352.6,379.4,348.0,107.6,2563,2.2,2.8
222,Gana,8,48,89,0,3,12,9,0,5,505,522.0,327.2,117.0,96.6,3063,2.2,2.4
223,Garner,8,49,42,0,1,5,5,0,0,244,264.8,248.2,93.0,60.4,1590,2.0,2.0
224,Harrison,8,52,81,1,3,7,0,0,4,291,277.0,527.7,288.0,108.6,2068,1.8,2.4
226,Iroegbunam,8,43,22,0,1,0,4,0,0,82,122.2,40.9,32.0,19.6,562,0.5,1.2
230,McNeil,8,51,93,4,8,5,1,0,9,401,392.0,631.8,207.0,123.3,1366,5.2,4.4
450,Alcaraz,8,47,44,2,3,1,4,0,5,191,219.4,205.7,227.0,65.4,766,5.0,2.8
577,Lindstrøm,8,50,44,0,1,6,2,0,0,167,214.2,309.6,237.0,76.0,1229,0.0,1.8
603,Armstrong,8,44,2,0,0,0,1,0,0,1,1.8,10.9,9.0,2.2,47,0.0,0.7
614,Metcalfe,8,45,0,0,0,0,0,0,0,0,0.0,0.0,0.0,0.0,0,0.0,0.0
651,Mangala,8,50,39,1,0,5,2,0,0,175,172.8,133.5,106.0,41.4,1257,0.0,2.1
678,Bates,8,45,0,0,0,0,0,0,0,0,0.0,0.0,0.0,0.0,0,0.0,0.0
773,Heath,8,45,0,0,0,0,0,0,0,0,0.0,0.0,0.0,0.0,0,0.0,0.0
775,Coby Ebere,8,45,0,0,0,0,0,0,0,0,0.0,0.0,0.0,0.0,0,0.0,0.0
10,Nelson,9,50,27,1,1,1,1,0,2,143,131.6,223.9,195.0,55.1,483,0.0,2.2
19,Smith Rowe,9,50,114,6,3,7,3,0,15,449,433.8,422.3,386.0,124.4,2036,2.0,3.4
239,Adama,9,45,95,2,8,3,3,0,8,384,385.4,632.1,426.0,144.6,1756,3.0,2.6
240,Andreas,9,49,81,2,6,5,8,0,2,355,326.6,868.3,300.0,149.0,2004,1.0,2.5
243,Cairney,9,48,33,2,0,1,3,1,0,192,163.8,213.8,94.0,47.2,610,2.2,1.3
246,Harris,9,45,0,0,0,0,0,0,0,0,0.0,0.0,0.0,0.0,0,0.0,0.0
247,Iwobi,9,54,156,9,6,6,1,0,16,704,806.8,922.4,699.0,243.0,2981,1.8,4.1
249,Lukić,9,48,56,0,2,4,12,0,1,354,335.6,455.1,119.0,91.0,2348,1.5,1.9
254,Reed,9,47,10,0,0,0,2,0,0,36,18.6,20.6,33.0,7.1,100,0.2,0.8
259,Wilson,9,52,78,6,2,2,2,0,6,329,334.6,310.2,440.0,107.8,1148,3.0,3.1
604,King,9,44,10,0,0,1,0,0,0,30,26.2,45.7,38.0,11.2,126,0.8,1.2
605,Godo,9,44,2,0,0,0,0,0,0,4,3.4,12.0,14.0,3.0,21,0.2,1.0
622,Berge,9,50,53,0,0,4,6,0,2,334,314.4,285.7,51.0,65.1,2221,1.0,1.7
772,Willian,9,50,13,0,0,1,0,0,0,54,36.2,133.3,25.0,19.5,251,0.5,1.3
121,Enciso,10,54,59,2,3,2,3,0,5,224,250.8,268.9,362.0,87.7,1155,3.2,2.4
262,Broadhead,10,49,37,2,0,2,1,0,1,137,148.2,111.0,155.0,41.4,690,2.2,2.1
264,Burns,10,47,30,0,1,1,1,0,0,144,111.6,148.5,66.0,31.8,922,0.0,1.7
265,Chaplin,10,51,41,1,2,1,2,0,0,139,106.6,152.1,108.0,36.1,845,1.2,1.9
271,Harness,10,49,2,0,0,0,0,0,0,4,9.4,1.9,6.0,1.7,43,0.0,1.0
273,Humphreys,10,45,0,0,0,0,0,0,0,0,0.0,0.0,0.0,0.0,0,0.0,0.0
274,Hutchinson,10,52,88,3,3,3,5,0,6,352,383.2,487.5,443.0,131.5,2585,2.8,2.8
277,Luongo,10,43,13,0,0,0,0,0,0,47,34.4,6.6,4.0,4.6,195,0.5,1.2
278,Morsy,10,48,67,1,1,2,10,0,5,421,417.0,374.0,47.0,83.7,2749,1.8,2.0
281,Taylor,10,48,38,1,0,0,4,0,1,144,142.0,100.5,84.0,32.4,837,1.2,1.2
359,Phillips,10,48,27,0,0,1,4,1,0,167,181.8,116.2,41.0,33.8,1231,0.2,1.4
569,Jaden,10,53,37,2,0,2,3,1,3,116,159.0,98.2,190.0,43.9,796,0.0,1.8
611,Szmodics,10,57,54,4,0,2,2,0,2,167,216.0,93.0,263.0,56.7,988,0.2,2.7
619,Cajuste,10,45,63,1,1,1,2,0,2,309,284.0,209.2,59.0,54.9,1960,2.2,2.1
631,J.Clarke,10,54,53,0,4,1,2,0,0,221,230.8,341.7,151.0,72.2,1161,1.2,1.7
632,Ogbene,10,48,7,0,0,0,0,0,0,29,22.8,30.2,12.0,6.4,237,0.0,1.4
800,Tom Taylor,10,45,0,0,0,0,0,0,0,0,0.0,0.0,0.0,0.0,0,0.0,0.0
117,Buonanotte,11,45,75,5,2,2,8,0,6,299,415.8,415.8,318.0,114.7,1508,2.0,2.4
192,J.Ayew,11,51,75,5,0,4,6,0,3,279,304.4,316.9,311.0,93.4,1649,3.8,2.4
285,B.Soumaré,11,44,48,0,0,1,8,0,0,327,294.2,261.8,47.0,60.4,2165,1.8,1.5
287,Choudhury,11,44,4,0,0,0,0,0,0,29,33.8,30.4,6.0,7.0,129,0.0,1.0
290,De Cordova-Reid,11,52,48,1,4,1,2,0,2,145,102.2,84.4,72.0,26.0,734,0.0,2.1
292,Golding,11,44,1,0,0,0,0,0,0,3,0.0,0.0,0.0,0.0,1,0.2,1.0
297,Marcal,11,45,0,0,0,0,0,0,0,0,0.0,0.0,0.0,0.0,0,0.0,0.0
298,Mavididi,11,50,72,4,1,1,2,0,5,270,339.2,375.3,302.0,101.5,1606,0.0,2.4
299,McAteer,11,47,35,1,1,3,3,0,0,125,147.2,132.5,184.0,46.3,846,3.5,1.9
300,Ndidi,11,49,64,0,5,3,8,0,1,375,546.4,302.2,280.0,112.8,2325,2.8,2.3
309,Winks,11,43,40,0,2,0,4,0,0,282,272.8,319.6,37.0,63.2,1536,0.0,1.8
501,Skipp,11,47,27,0,0,3,8,0,0,121,119.4,146.0,35.0,29.9,1118,1.8,1.1
570,A.Fatawu,11,51,26,0,2,0,0,0,3,125,147.6,104.3,148.0,40.1,576,0.0,2.4
606,Alves,11,44,1,0,0,0,0,0,0,3,0.0,0.3,0.0,0.0,1,0.0,1.0
635,El Khannouss,11,48,83,2,4,3,4,0,6,376,381.6,634.1,191.0,120.5,2179,3.5,2.6
694,Cartwright,11,45,0,0,0,0,0,0,0,0,0.0,0.0,0.0,0.0,0,0.0,0.0
792,Monga,11,45,7,0,0,0,0,0,0,29,20.6,12.6,19.0,5.1,105,1.0,1.0
797,Jake Evans,11,45,4,0,0,0,0,0,0,13,3.2,0.2,0.0,0.3,21,0.8,1.0
802,Braybrooke,11,45,0,0,0,0,0,0,0,0,0.0,0.0,0.0,0.0,0,0.0,0.0
312,Bajcetic,12,45,0,0,0,0,0,0,0,0,0.0,0.0,0.0,0.0,0,0.0,0.0
315,Clark,12,45,0,0,0,0,0,0,0,0,0.0,0.0,0.0,0.0,0,0.0,0.0
317,Diogo J.,12,72,87,6,4,7,2,0,4,225,300.6,169.5,537.0,99.0,1182,0.8,3.3
318,Doak,12,45,0,0,0,0,0,0,0,0,0.0,0.0,0.0,0.0,0,0.0,0.0
319,Elliott,12,52,33,1,2,0,1,0,3,120,118.6,145.8,143.0,40.4,359,4.2,1.8
320,Endo,12,46,21,0,0,0,0,0,0,82,57.6,38.2,6.0,10.0,259,1.0,1.1
323,Gravenberch,12,50,92,0,4,14,5,1,1,568,550.6,473.9,121.0,114.7,3160,0.8,2.5
324,Jones,12,53,87,3,5,6,1,1,4,396,397.2,343.7,400.0,113.6,1702,1.8,2.6
327,Luis Díaz,12,75,183,13,7,15,2,0,21,634,770.8,748.0,946.0,246.4,2393,2.8,5.1
328,M.Salah,12,136,344,29,18,15,1,0,55,1133,1577.0,1199.2,1985.0,476.0,3374,4.0,9.1
329,Mac Allister,12,62,122,5,6,14,6,0,8,578,653.4,731.3,357.0,174.1,2597,1.2,3.5
330,McConnell,12,43,0,0,0,0,0,0,0,0,0.0,0.0,0.0,0.0,0,0.0,0.0
331,Morton,12,44,0,0,0,0,0,0,0,0,0.0,0.0,0.0,0.0,0,0.0,0.0
336,Szoboszlai,12,61,143,6,10,12,6,0,14,605,589.8,794.8,601.0,198.1,2485,3.8,4.0
636,Chiesa,12,68,7,0,0,0,0,0,0,16,9.0,23.5,36.0,6.7,103,0.8,1.2
688,Nyoni,12,45,0,0,0,0,0,0,0,0,0.0,0.0,0.0,0.0,0,0.0,0.0
342,Bernardo,13,61,110,4,4,10,7,0,13,568,603.0,800.4,532.0,193.6,2667,5.0,3.3
343,Bobb,13,47,3,0,0,0,0,0,0,13,4.4,12.6,0.0,1.6,14,0.2,1.0
345,De Bruyne,13,95,114,4,9,10,2,0,12,462,466.6,920.0,411.0,179.5,1694,4.5,4.1
346,Doku,13,62,88,3,6,8,1,0,3,425,453.8,515.9,528.0,150.0,1506,2.8,3.0
348,Foden,13,91,105,7,3,6,2,0,10,454,448.0,749.0,449.0,164.2,1771,1.2,3.8
349,Grealish,13,64,38,1,1,2,3,0,4,187,157.2,321.4,234.0,71.3,710,0.2,1.9
354,Kovačić,13,54,109,6,3,10,5,1,13,542,606.4,579.3,204.0,139.1,2194,2.0,3.5
356,Matheus N.,13,49,81,1,7,9,4,0,6,373,370.4,422.4,206.0,99.9,1670,3.5,3.1
357,McAtee,13,46,31,3,0,0,1,0,0,102,113.0,64.6,136.0,30.7,340,0.5,2.1
360,Rodrigo,13,62,3,0,0,0,0,0,0,21,12.2,17.5,0.0,3.0,72,0.2,1.0
571,Savinho,13,60,106,1,11,8,3,0,15,442,415.2,682.9,671.0,177.3,1760,0.5,3.7
607,O’Reilly,13,49,31,2,0,3,0,0,4,118,133.4,76.2,112.0,32.2,525,0.5,3.4
625,Gündogan,13,63,97,1,7,10,1,0,5,460,387.0,781.3,273.0,144.2,2218,5.8,2.9
671,Wright,13,45,0,0,0,0,0,0,0,0,0.0,0.0,0.0,0.0,0,0.0,0.0
765,N.Gonzalez,13,60,31,1,1,6,3,0,0,123,137.2,78.7,62.0,27.5,760,2.5,2.8
785,Echeverri,13,58,1,0,0,0,0,0,0,2,2.2,0.4,0.0,0.3,5,0.2,1.0
364,Amad,14,53,129,8,8,7,5,0,17,569,634.0,687.2,615.0,193.8,1898,5.5,5.0
365,Antony,14,57,8,0,0,0,0,0,0,37,35.0,50.7,74.0,15.8,135,0.0,1.0
366,B.Fernandes,14,84,174,8,12,10,3,2,28,810,1017.8,1407.7,587.0,300.8,3017,2.5,4.8
368,Casemiro,14,46,48,1,0,6,5,0,3,300,433.2,348.2,265.0,104.8,1489,1.0,2.0
370,Eriksen,14,52,45,1,2,4,4,0,0,228,235.8,474.3,79.0,78.9,1052,2.8,2.0
372,Garnacho,14,59,106,6,4,5,3,0,7,370,454.0,532.2,904.0,188.3,2188,3.5,2.9
373,Hannibal,14,45,0,0,0,0,0,0,0,0,0.0,0.0,0.0,0.0,0,0.0,0.0
378,Mainoo,14,52,42,0,0,5,5,0,0,229,196.6,250.8,137.0,58.8,1646,1.5,1.7
381,McTominay,14,49,2,0,0,0,0,0,0,4,3.2,0.3,5.0,0.9,17,0.0,1.0
382,Mount,14,63,25,1,0,3,3,0,0,74,104.0,140.0,218.0,45.6,613,3.2,1.5
384,Pellistri,14,50,0,0,0,0,0,0,0,0,0.0,0.0,0.0,0.0,0,0.0,0.0
613,Collyer,14,45,6,0,0,0,0,0,0,40,40.4,29.9,8.0,7.9,174,0.0,1.0
652,Ugarte,14,49,49,1,2,4,11,0,1,318,313.6,195.9,113.0,62.1,1777,1.2,1.7
667,Fletcher,14,45,0,0,0,0,0,0,0,0,0.0,0.0,0.0,0.0,0,0.0,0.0
673,Fitzgerald,14,45,0,0,0,0,0,0,0,0,0.0,0.0,0.0,0.0,0,0.0,0.0
778,Moorhouse,14,45,0,0,0,0,0,0,0,0,0.0,0.0,0.0,0.0,0,0.0,0.0
779,Koné,14,45,0,0,0,0,0,0,0,0,0.0,0.0,0.0,0.0,0,0.0,0.0
391,Almirón,15,54,10,0,0,0,0,0,0,36,15.2,40.9,57.0,11.3,150,0.0,1.1
392,Barnes,15,59,130,9,5,6,0,0,13,442,522.2,407.1,701.0,163.1,1746,2.2,3.9
394,Bruno G.,15,62,135,5,6,13,7,0,10,661,723.0,796.0,454.0,197.5,3273,3.2,3.6
398,Gordon,15,74,124,6,6,10,2,0,9,476,537.0,777.3,655.0,196.8,2428,1.8,3.6
400,Hayden,15,44,0,0,0,0,0,0,0,0,0.0,0.0,0.0,0.0,0,0.0,0.0
402,J.Murphy,15,52,159,8,13,11,4,0,11,601,713.4,625.2,519.0,185.6,2356,2.5,4.5
403,Joelinton,15,60,99,4,4,10,10,0,11,374,469.8,389.3,465.0,132.7,2394,0.0,3.4
406,Kuol,15,44,0,0,0,0,0,0,0,0,0.0,0.0,0.0,0.0,0,0.0,0.0
410,Longstaff,15,44,34,0,1,2,2,0,0,131,117.2,78.4,76.0,27.3,783,0.2,1.4
411,Miley,15,50,21,1,0,0,0,0,1,88,87.4,33.5,45.0,16.7,304,0.5,1.5
417,Tonali,15,55,106,4,2,11,5,0,10,536,539.4,496.3,299.0,133.5,2625,4.2,2.9
419,White,15,45,0,0,0,0,0,0,0,0,0.0,0.0,0.0,0.0,0,0.0,0.0
420,Willock,15,47,46,0,2,4,4,0,0,139,172.8,273.8,197.0,63.9,1065,0.5,1.4
423,Anderson,16,50,107,2,6,13,10,0,8,526,638.8,605.2,308.0,155.6,2726,1.4,2.9
426,Bowler,16,45,0,0,0,0,0,0,0,0,0.0,0.0,0.0,0.0,0,0.0,0.0
428,Da Silva Moreira,16,43,2,0,0,0,0,0,0,9,5.2,0.3,0.0,0.6,28,0.0,1.0
429,Danilo,16,47,11,0,0,1,0,0,0,43,34.6,5.0,0.0,3.9,270,0.2,1.4
431,Dominguez,16,48,54,0,1,7,9,0,0,292,410.2,247.2,237.0,89.4,1954,1.6,1.6
432,Elanga,16,55,153,6,11,12,1,0,15,535,627.0,785.4,582.0,199.8,2496,3.6,4.0
433,Gibbs-White,16,65,154,7,11,13,9,1,18,594,680.4,793.7,632.0,210.6,2806,5.6,4.5
434,Hudson-Odoi,16,51,103,5,3,11,2,0,7,454,445.6,663.9,405.0,151.0,2190,0.6,3.3
435,Mighten,16,45,0,0,0,0,0,0,0,0,0.0,0.0,0.0,0.0,0,0.0,0.0
439,O'Brien,16,50,0,0,0,0,0,0,0,0,0.0,0.0,0.0,0.0,0,0.0,0.0
442,Sangaré,16,43,20,0,1,2,3,0,0,107,130.6,80.3,21.0,23.2,584,1.6,1.5
449,Yates,16,48,67,2,2,6,10,0,3,306,344.4,241.1,265.0,85.4,1901,1.0,1.9
596,Jota Silva,16,59,52,3,2,1,5,0,0,212,221.8,182.9,239.0,64.6,835,0.8,1.7
620,Sosa,16,55,25,1,0,1,1,0,0,101,87.4,103.0,104.0,29.2,280,0.4,1.3
188,Ugochukwu,17,44,47,1,1,1,7,0,3,209,265.0,211.9,84.0,55.9,1652,0.8,1.8
397,Fraser,17,48,7,0,0,0,0,1,0,31,35.8,26.8,13.0,6.7,303,0.0,0.9
451,Amo-Ameyaw,17,44,1,0,0,0,1,0,0,1,4.0,16.1,6.0,2.6,26,0.0,0.5
452,Aribo,17,49,72,3,0,1,1,0,7,394,386.2,293.0,242.0,92.3,2007,0.5,2.2
458,Charles,17,45,0,0,0,0,0,0,0,0,0.0,0.0,0.0,0.0,0,0.0,0.0
459,Edozie,17,49,1,0,0,0,1,0,0,6,9.8,19.0,22.0,5.1,64,0.0,0.5
462,Kamaldeen,17,50,53,1,2,3,2,0,2,163,187.2,182.4,290.0,65.7,1394,1.5,2.0
463,Lallana,17,50,17,0,2,0,4,0,1,74,81.2,82.4,21.0,18.4,352,0.0,1.2
471,Smallbone,17,50,26,1,0,0,1,0,0,119,112.6,163.3,64.0,33.9,679,1.0,1.4
515,Cornet,17,47,1,0,0,0,1,0,0,12,11.6,3.5,7.0,2.2,71,0.0,0.5
518,Downes,17,47,48,1,0,4,12,0,0,312,297.6,292.2,118.0,71.0,2149,1.8,1.8
584,Brereton Díaz,17,48,13,0,0,0,1,0,0,43,21.8,63.6,81.0,16.8,446,0.0,1.3
608,Dibling,17,43,68,2,2,3,6,0,4,247,261.0,344.5,264.0,87.0,1863,1.5,2.1
623,M.Fernandes,17,50,95,2,4,5,8,0,8,513,553.4,649.5,372.0,157.8,2911,3.0,2.6
693,O'Brien-Whitmarsh,17,45,0,0,0,0,0,0,0,0,0.0,0.0,0.0,0.0,0,0.0,0.0
734,Grønbæk,17,49,6,0,0,0,0,0,0,13,15.8,11.4,9.0,3.7,141,0.0,1.5
480,Bentancur,18,49,49,2,0,3,9,0,1,293,324.6,208.5,165.0,70.2,1640,0.5,1.9
481,Bergvall,18,44,44,0,2,3,3,0,0,216,237.2,218.7,97.0,55.0,1200,0.0,1.6
482,Bissouma,18,48,50,2,0,3,7,0,4,258,283.8,133.8,59.0,48.0,1396,1.2,1.8
483,Bryan,18,50,0,0,0,0,0,0,0,0,0.0,0.0,0.0,0.0,0,0.0,0.0
485,Devine,18,45,0,0,0,0,0,0,0,0,0.0,0.0,0.0,0.0,0,0.0,0.0
489,Gray,18,46,45,0,0,2,1,0,0,253,254.6,71.4,15.0,34.3,1750,1.8,1.6
490,Højbjerg,18,50,0,0,0,0,0,0,0,0,0.0,0.0,0.0,0.0,0,0.0,0.0
491,Johnson,18,62,137,11,6,2,5,0,13,461,559.6,295.0,761.0,161.0,2171,0.8,4.2
492,Kulusevski,18,62,117,7,4,6,3,0,9,426,613.6,843.8,733.0,218.7,2386,0.8,3.7
493,Lo Celso,18,49,0,0,0,0,0,0,0,0,0.0,0.0,0.0,0.0,0,0.0,0.0
494,Maddison,18,74,133,9,8,6,6,0,15,592,683.4,702.3,495.0,187.8,1799,0.0,4.3
499,P.M.Sarr,18,47,71,3,2,2,6,0,4,365,398.4,257.2,220.0,87.2,1901,1.5,2.0
502,Solomon,18,54,0,0,0,0,0,0,0,0,0.0,0.0,0.0,0.0,0,0.0,0.0
503,Son,18,97,129,7,10,4,1,0,12,543,629.6,734.9,707.0,207.2,2106,0.8,4.3
509,Werner,18,62,34,0,3,1,0,0,2,120,114.6,148.0,113.0,37.1,504,0.0,1.9
610,Moore,18,45,19,0,2,0,0,0,0,51,33.2,45.2,34.0,11.0,359,1.2,1.9
612,Odobert,18,53,34,1,0,1,0,0,3,92,101.2,108.6,156.0,36.7,843,3.8,2.1
683,Olusesi,18,45,0,0,0,0,0,0,0,0,0.0,0.0,0.0,0.0,0,0.0,0.0
689,Williams-Barnett,18,45,0,0,0,0,0,0,0,0,0.0,0.0,0.0,0.0,0,0.0,0.0
717,Yang,18,45,0,0,0,0,0,0,0,0,0.0,0.0,0.0,0.0,0,0.0,0.0
729,Ajayi,18,45,0,0,0,0,0,0,0,0,0.0,0.0,0.0,0.0,0,0.0,0.0
768,Tel,18,58,42,2,2,2,2,0,2,151,183.8,208.3,236.0,62.3,908,3.0,3.2
511,Álvarez,19,50,40,0,1,3,7,1,0,221,281.8,213.9,51.0,54.7,1769,0.8,1.4
514,Bowen,19,79,193,13,11,8,1,0,21,678,903.0,737.8,1081.0,271.9,2974,9.5,5.7
519,Earthy,19,45,0,0,0,0,0,0,0,0,0.0,0.0,0.0,0.0,0,0.0,0.0
525,Kudus,19,62,106,5,4,7,2,1,5,373,471.6,552.5,752.0,177.5,2589,4.0,3.3
526,L.Guilherme,19,46,12,0,0,0,0,0,0,47,27.6,49.1,32.0,10.8,139,0.2,1.0
527,L.Paquetá,19,57,80,4,1,4,10,0,5,375,433.2,627.7,267.0,132.6,2374,0.5,2.4
530,Souček,19,48,126,9,2,7,8,0,15,442,672.6,231.8,643.0,154.0,2563,3.8,3.6
531,Ward-Prowse,19,61,51,1,2,5,2,1,2,293,282.4,378.3,138.0,80.0,1433,3.5,2.1
576,Irving,19,47,9,0,0,0,2,0,0,38,37.6,26.5,17.0,8.1,161,0.0,0.9
587,Summerville,19,55,33,1,1,2,2,0,2,129,156.4,246.1,186.0,58.7,776,0.0,1.7
588,G.Rodríguez,19,48,36,0,1,4,6,0,0,193,205.4,79.7,29.0,31.5,1147,1.8,1.6
654,C.Soler,19,50,47,1,1,2,6,0,2,216,189.0,295.8,186.0,67.2,1394,0.5,1.5
701,Orford,19,45,2,0,0,0,0,0,0,13,6.4,27.6,6.0,4.0,47,0.0,1.0
534,B.Traore,20,48,1,0,0,0,0,0,0,3,4.0,0.0,0.0,0.4,1,0.0,1.0
535,Bellegarde,20,49,90,2,7,6,3,0,5,332,355.6,422.8,200.0,97.2,1666,2.2,2.6
537,Chiquinho,20,45,1,0,0,0,0,0,0,4,3.0,14.3,2.0,1.9,6,0.0,1.0
538,Chirewa,20,45,0,0,0,0,0,0,0,0,0.0,0.0,0.0,0.0,0,0.0,0.0
540,Cundle,20,45,0,0,0,0,0,0,0,0,0.0,0.0,0.0,0.0,0,0.0,0.0
544,Doyle,20,47,28,0,1,0,1,0,0,128,114.6,101.7,34.0,25.3,474,0.0,1.2
547,Gonzalez,20,44,0,0,0,0,0,0,0,0,0.0,0.0,0.0,0.0,0,0.0,0.0
548,Guedes,20,53,62,2,4,3,1,0,2,187,215.8,213.9,217.0,64.0,979,1.5,2.1
550,Hee Chan,20,61,37,2,1,0,0,0,0,130,111.6,72.7,84.0,26.7,646,0.5,1.8
551,Hodge,20,45,0,0,0,0,0,0,0,0,0.0,0.0,0.0,0.0,0,0.0,0.0
553,J.Gomes,20,49,87,3,1,6,9,1,7,489,513.4,428.9,231.0,117.3,2975,1.2,2.4
557,Mario Jr.,20,48,47,1,3,1,4,0,5,252,356.8,166.7,120.0,64.4,1363,0.0,2.8
562,Podence,20,55,2,0,0,0,0,0,0,9,3.0,1.1,1.0,0.4,46,0.0,1.0
563,R.Gomes,20,51,42,2,0,1,0,0,0,183,186.6,180.2,113.0,47.6,794,1.2,1.7
565,Sarabia,20,50,50,3,2,1,3,0,3,175,217.6,245.9,177.0,63.8,800,1.0,2.2
642,André,20,50,61,0,0,7,7,0,1,436,383.2,285.5,30.0,69.7,2472,1.8,1.8
655,Forbs,20,54,9,0,0,0,2,0,0,35,25.8,24.2,35.0,8.3,236,0.0,0.9
682,Edozie,20,45,0,0,0,0,0,0,0,0,0.0,0.0,0.0,0.0,0,0.0,0.0
770,Munetsi,20,50,50,2,2,5,0,0,4,134,176.8,132.9,212.0,52.3,1077,3.5,3.6
