id,web_name,team,element_type,minutes,total_points,points_per_game,starts,expected_goals_per_90,expected_assists_per_90,expected_goal_involvements_per_90
1,Fábio Vieira,1,3,0,0,0.0,0,0.0,0.0,0.0
2,G.Jesus,1,4,600,42,2.5,6,0.46,0.08,0.54
3,Gabriel,1,2,2363,117,4.2,28,0.1,0.05,0.15
4,Havertz,1,4,1872,97,4.2,21,0.46,0.08,0.54
5,Hein,1,1,0,0,0.0,0,0.0,0.0,0.0
6,J.Timber,1,2,2415,114,3.8,27,0.05,0.05,0.1
7,Jorginho,1,3,701,20,1.3,9,0.01,0.08,0.09
8,Kiwior,1,2,1117,43,2.5,10,0.01,0.02,0.03
9,Martinelli,1,3,2284,125,3.8,25,0.28,0.18,0.46
12,Nwaneri,1,3,882,66,2.5,11,0.12,0.18,0.3
13,Ødegaard,1,3,2321,116,3.9,26,0.19,0.26,0.45
15,Raya,1,1,3420,142,3.7,38,0.0,0.0,0.0
16,Rice,1,3,2823,127,3.6,33,0.11,0.18,0.29
17,Saka,1,3,1724,127,5.1,20,0.36,0.41,0.77
18,Saliba,1,2,3039,130,3.7,35,0.07,0.04,0.11
20,Thomas,1,3,2793,108,3.1,31,0.07,0.09,0.16
21,Tierney,1,2,250,27,2.1,2,0.14,0.19,0.33
22,Tomiyasu,1,2,6,1,1.0,0,2.7,0.0,2.7
23,Trossard,1,3,2546,152,4.0,28,0.24,0.15,0.39
24,White,1,2,1195,50,2.9,13,0.03,0.1,0.13
25,Zinchenko,1,2,518,40,2.7,5,0.11,0.09,0.2
73,Neto,1,1,180,7,3.5,2,0.0,0.0,0.0
186,Sterling,1,3,490,26,1.5,7,0.26,0.09,0.35
578,Calafiori,1,2,978,39,2.1,11,0.08,0.06,0.14
597,Lewis-Skelly,1,3,1362,37,1.6,15,0.01,0.03,0.04
633,Merino,1,3,1575,92,3.3,17,0.33,0.07,0.4
638,Oulad M'hand,1,3,0,0,0.0,0,0.0,0.0,0.0
639,Setford,1,1,0,0,0.0,0,0.0,0.0,0.0
657,Kacurri,1,2,0,0,0.0,0,0.0,0.0,0.0
659,Kabia,1,3,0,0,0.0,0,0.0,0.0,0.0
662,Nichols,1,2,0,0,0.0,0,0.0,0.0,0.0
665,Butler-Oyedeji,1,4,6,1,1.0,0,1.05,0.0,1.05
735,Arteta,1,5,0,104,0.0,0,0.0,0.0,0.0
756,Porter,1,1,0,0,0.0,0,0.0,0.0,0.0
790,Gower,1,3,0,0,0.0,0,0.0,0.0,0.0
793,Jack Henry-Francis,1,3,0,0,0.0,0,0.0,0.0,0.0
801,Clarke,1,2,0,0,0.0,0,0.0,0.0,0.0
28,Bailey,2,3,1132,47,2.0,14,0.14,0.23,0.37
29,Barkley,2,3,567,44,2.2,3,0.28,0.07,0.35
30,Barrenechea,2,3,0,0,0.0,0,0.0,0.0,0.0
31,Buendia,2,3,89,11,0.9,0,0.66,0.03,0.69
32,Cash,2,2,2069,76,2.8,24,0.02,0.05,0.07
33,Dendoncker,2,3,0,0,0.0,0,0.0,0.0,0.0
34,Diaby,2,3,0,0,0.0,0,0.0,0.0,0.0
35,Diego Carlos,2,2,828,21,2.1,8,0.07,0.01,0.08
36,Digne,2,2,2348,89,2.8,28,0.03,0.15,0.18
37,Dobbin,2,3,0,0,0.0,0,0.0,0.0,0.0
38,Duran,2,4,622,53,2.6,4,0.74,0.03,0.77
39,Gauci,2,1,0,0,0.0,0,0.0,0.0,0.0
40,Hause,2,2,0,0,0.0,0,0.0,0.0,0.0
41,Iling Jr,2,3,0,0,0.0,0,0.0,0.0,0.0
42,Kamara,2,3,1720,57,2.2,20,0.04,0.04,0.08
43,Kesler-Hayden,2,2,0,0,0.0,0,0.0,0.0,0.0
44,Konsa,2,2,2936,103,3.0,33,0.04,0.02,0.06
45,Maatsen,2,2,1125,57,2.0,10,0.07,0.19,0.26
46,Marschall,2,1,0,0,0.0,0,0.0,0.0,0.0
47,Martinez,2,1,3195,111,3.0,37,0.0,0.0,0.0
48,McGinn,2,3,2217,78,2.3,27,0.13,0.11,0.24
49,Mings,2,2,1119,47,3.4,12,0.07,0.02,0.09
50,Nedeljkovic,2,2,121,5,1.0,0,0.0,0.01,0.01
51,Olsen,2,1,225,9,2.2,1,0.0,0.0,0.0
52,Pau,2,2,2019,55,2.3,23,0.02,0.02,0.04
53,Ramsey,2,3,1616,66,2.3,19,0.09,0.12,0.21
54,Rogers,2,3,3115,161,4.4,37,0.19,0.15,0.34
55,Sinisalo,2,1,0,0,0.0,0,0.0,0.0,0.0
56,Sousa,2,2,0,0,0.0,0,0.0,0.0,0.0
57,Tielemans,2,3,3025,121,3.4,35,0.1,0.17,0.27
58,Watkins,2,4,2593,186,4.9,31,0.52,0.07,0.59
167,Disasi,2,2,851,33,2.5,9,0.04,0.04,0.08
233,Onana,2,3,1613,65,2.5,20,0.12,0.05,0.17
385,Rashford,2,3,1414,95,3.8,16,0.3,0.22,0.52
598,Bogarde,2,2,473,6,0.8,5,0.01,0.02,0.03
640,Swinkels,2,2,0,0,0.0,0,0.0,0.0,0.0
641,Zych,2,1,0,0,0.0,0,0.0,0.0,0.0
656,Young,2,3,0,0,0.0,0,0.0,0.0,0.0
679,Broggio,2,3,0,0,0.0,0,0.0,0.0,0.0
710,Jimoh,2,3,0,0,0.0,0,0.0,0.0,0.0
725,Malen,2,3,296,34,2.4,2,0.65,0.05,0.7
731,A. Garcia,2,2,316,8,1.1,5,0.01,0.14,0.15
737,Emery,2,5,0,105,0.0,0,0.0,0.0,0.0
762,M.Asensio,2,3,740,44,3.4,9,0.54,0.14,0.68
59,Aarons,3,2,84,8,2.7,1,0.0,0.01,0.01
60,Adams,3,3,1959,58,2.1,21,0.06,0.03,0.09
61,Anthony,3,3,0,0,0.0,0,0.0,0.0,0.0
62,Brooks,3,3,941,52,1.8,9,0.25,0.19,0.44
63,Christie,3,3,2114,76,2.6,27,0.09,0.12,0.21
64,Cook,3,3,2976,82,2.3,32,0.03,0.11,0.14
65,Enes Ünal,3,4,330,32,1.9,2,0.74,0.07,0.81
66,Faivre,3,3,0,0,0.0,0,0.0,0.0,0.0
67,H.Traorè,3,3,0,0,0.0,0,0.0,0.0,0.0
68,Hill,3,2,443,17,1.7,6,0.06,0.05,0.11
69,Jebbison,3,4,105,20,1.2,0,0.9,0.1,1.0
70,Kerkez,3,2,3336,134,3.5,38,0.02,0.07,0.09
71,Kluivert,3,3,2339,158,4.6,29,0.39,0.14,0.53
72,Mepham,3,2,0,0,0.0,0,0.0,0.0,0.0
74,O.Dango,3,3,1998,111,3.5,21,0.38,0.15,0.53
75,Paulsen,3,1,0,0,0.0,0,0.0,0.0,0.0
76,Philip,3,3,176,10,1.0,1,0.28,0.5,0.78
77,Scott,3,3,745,26,1.3,8,0.09,0.12,0.21
78,Semenyo,3,3,3202,165,4.5,36,0.27,0.12,0.39
79,Senesi,3,2,1103,31,1.8,13,0.07,0.04,0.11
80,Sinisterra,3,3,229,23,1.9,1,0.46,0.51,0.97
81,Smith,3,2,1586,57,2.3,19,0.04,0.04,0.08
83,Tavernier,3,3,1932,87,3.0,20,0.26,0.17,0.43
84,Travers,3,1,450,19,3.8,5,0.0,0.0,0.0
85,Zabarnyi,3,2,3109,94,2.6,35,0.03,0.02,0.05
152,Arrizabalaga,3,1,2790,106,3.4,31,0.0,0.0,0.0
580,Huijsen,3,2,2422,104,3.2,26,0.07,0.06,0.13
592,J.Araujo,3,2,492,12,1.0,7,0.0,0.02,0.02
599,Dennis,3,1,0,0,0.0,0,0.0,0.0,0.0
617,Evanilson,3,4,2317,128,4.1,28,0.48,0.07,0.55
680,Kinsey,3,2,0,0,0.0,0,0.0,0.0,0.0
687,Winterburn,3,3,22,4,1.0,0,0.0,0.0,0.0
702,Harris,3,2,0,0,0.0,0,0.0,0.0,0.0
707,Rees-Dottin,3,4,1,1,1.0,0,0.0,0.0,0.0
712,Akinmboni,3,2,0,0,0.0,0,0.0,0.0,0.0
713,Soler,3,2,9,3,1.0,0,0.0,0.0,0.0
722,Adu-Adjei,3,4,0,0,0.0,0,0.0,0.0,0.0
723,Sadi,3,3,0,0,0.0,0,0.0,0.0,0.0
727,McKenna,3,1,0,0,0.0,0,0.0,0.0,0.0
728,Silcott-Duberry,3,3,1,1,1.0,0,0.0,0.0,0.0
738,Iraola,3,5,0,82,0.0,0,0.0,0.0,0.0
86,Ajer,4,2,1433,39,1.6,17,0.06,0.03,0.09
87,Brierley,4,3,0,0,0.0,0,0.0,0.0,0.0
88,Collins,4,2,3420,127,3.3,38,0.06,0.04,0.1
89,Damsgaard,4,3,2911,131,3.4,34,0.09,0.22,0.31
90,Dasilva,4,3,0,0,0.0,0,0.0,0.0,0.0
91,Flekken,4,1,3275,138,3.7,37,0.0,0.0,0.0
92,Henry,4,2,94,4,0.8,0,0.0,0.01,0.01
93,Hickey,4,2,0,0,0.0,0,0.0,0.0,0.0
94,Janelt,4,3,2251,73,2.3,27,0.03,0.1,0.13
95,Jensen,4,3,846,38,1.6,8,0.02,0.19,0.21
96,Ji-soo,4,2,28,3,1.0,0,0.0,0.0,0.0
97,Konak,4,3,53,10,1.0,0,0.25,0.0,0.25
98,Lewis-Potter,4,3,3092,94,2.5,36,0.09,0.14,0.23
99,Mbeumo,4,3,3415,236,6.2,38,0.33,0.24,0.57
100,Mee,4,2,180,9,1.3,2,0.0,0.01,0.01
101,Nørgaard,4,3,2820,107,3.1,34,0.14,0.04,0.18
102,Onyeka,4,3,23,2,1.0,0,0.0,0.08,0.08
103,Peart-Harris,4,3,0,0,0.0,0,0.0,0.0,0.0
104,Pinnock,4,2,1912,47,2.1,21,0.05,0.03,0.08
105,Roerslev,4,2,1100,36,1.9,11,0.02,0.17,0.19
106,Schade,4,3,2281,149,3.9,26,0.33,0.07,0.4
107,Thiago,4,4,167,9,1.1,1,0.07,0.02,0.09
108,Toney,4,4,0,0,0.0,0,0.0,0.0,0.0
109,Valdimarsson,4,1,144,2,1.0,1,0.0,0.0,0.0
110,Wissa,4,4,2921,185,5.3,34,0.57,0.07,0.64
111,Yarmoliuk,4,3,1435,43,1.4,15,0.04,0.06,0.1
112,Zanka,4,2,0,0,0.0,0,0.0,0.0,0.0
314,Carvalho,4,3,443,35,1.8,3,0.51,0.11,0.62
338,Van den Berg,4,2,2584,62,2.0,29,0.07,0.02,0.09
602,Trevitt,4,3,3,1,1.0,0,0.0,0.0,0.0
634,G.Nunes,4,3,11,3,1.0,0,0.0,0.0,0.0
649,Meghoma,4,2,4,1,1.0,0,0.0,0.0,0.0
661,Yogane,4,3,0,0,0.0,0,0.0,0.0,0.0
674,Maghoma,4,3,112,8,1.0,0,0.1,0.03,0.13
705,Arthur,4,2,0,0,0.0,0,0.0,0.0,0.0
752,Frank,4,5,0,116,0.0,0,0.0,0.0,0.0
757,Kayode,4,2,523,27,2.2,6,0.03,0.12,0.15
759,Eyestone,4,1,0,0,0.0,0,0.0,0.0,0.0
780,Morgan,4,4,0,0,0.0,0,0.0,0.0,0.0
786,Benjamin Fredrick,4,2,0,0,0.0,0,0.0,0.0,0.0
113,Adingra,5,3,1081,60,2.1,12,0.21,0.23,0.44
114,Baker-Boaitey,5,3,0,0,0.0,0,0.0,0.0,0.0
115,Baleba,5,3,2660,87,2.6,31,0.1,0.04,0.14
116,Barco,5,2,0,0,0.0,0,0.0,0.0,0.0
118,Cozier-Duberry,5,3,0,0,0.0,0,0.0,0.0,0.0
119,Dahoud,5,3,0,0,0.0,0,0.0,0.0,0.0
120,Dunk,5,2,2081,44,1.8,23,0.04,0.04,0.08
122,Estupiñan,5,2,2399,63,2.1,26,0.04,0.09,0.13
124,Gilmour,5,3,97,3,1.5,1,0.07,0.04,0.11
125,Gross,5,3,0,0,0.0,0,0.0,0.0,0.0
126,Hinshelwood,5,3,1839,89,3.4,22,0.13,0.07,0.2
127,I.Osman,5,3,0,0,0.0,0,0.0,0.0,0.0
128,Igor,5,2,959,18,1.4,10,0.0,0.02,0.02
129,João Pedro,5,4,1946,126,4.7,23,0.41,0.14,0.55
130,Kozlowski,5,3,0,0,0.0,0,0.0,0.0,0.0
131,Lamptey,5,2,856,42,2.8,10,0.04,0.08,0.12
132,March,5,3,161,7,0.9,1,0.05,0.18,0.23
133,Mazilu,5,3,0,0,0.0,0,0.0,0.0,0.0
134,Milner,5,3,170,6,1.5,3,0.08,0.08,0.16
135,Minteh,5,3,1831,102,3.2,20,0.2,0.25,0.45
136,Mitoma,5,3,2597,145,4.0,28,0.32,0.14,0.46
137,Moder,5,3,9,4,1.0,0,0.0,5.3,5.3
138,O’Mahony,5,4,0,0,0.0,0,0.0,0.0,0.0
139,Offiah,5,2,0,0,0.0,0,0.0,0.0,0.0
140,Peupion,5,3,0,0,0.0,0,0.0,0.0,0.0
141,Sarmiento,5,3,8,1,1.0,0,0.0,0.0,0.0
142,Steele,5,1,180,9,4.5,2,0.0,0.0,0.0
143,Undav,5,4,0,0,0.0,0,0.0,0.0,0.0
144,Van Hecke,5,2,2960,87,2.6,33,0.04,0.04,0.08
145,Veltman,5,2,1694,59,2.8,19,0.02,0.07,0.09
146,Verbruggen,5,1,3240,103,2.9,36,0.0,0.0,0.0
147,Webster,5,2,885,39,2.8,11,0.03,0.03,0.06
148,Welbeck,5,4,2109,125,4.2,24,0.41,0.06,0.47
149,Wieffer,5,3,1003,52,2.1,10,0.07,0.09,0.16
595,Gruda,5,3,676,45,2.1,8,0.15,0.26,0.41
600,Ayari,5,3,1958,74,2.2,22,0.12,0.12,0.24
601,Moran,5,3,0,0,0.0,0,0.0,0.0,0.0
615,Rushworth,5,1,0,0,0.0,0,0.0,0.0,0.0
618,Georginio,5,3,1651,95,3.4,19,0.25,0.09,0.34
628,F.Kadıoğlu,5,2,385,19,3.2,5,0.1,0.07,0.17
629,O'Riley,5,3,929,50,2.4,11,0.27,0.2,0.47
663,Samuels,5,2,0,0,0.0,0,0.0,0.0,0.0
668,Cahill,5,1,0,0,0.0,0,0.0,0.0,0.0
681,McConville,5,2,0,0,0.0,0,0.0,0.0,0.0
685,Slater,5,2,0,0,0.0,0,0.0,0.0,0.0
714,Gómez,5,3,507,30,1.9,4,0.15,0.21,0.36
739,Hürzeler,5,5,0,119,0.0,0,0.0,0.0,0.0
758,Knight,5,3,0,0,0.0,0,0.0,0.0,0.0
763,Cashin,5,2,19,1,0.5,0,0.0,0.0,0.0
791,Charlie Tasker,5,2,0,0,0.0,0,0.0,0.0,0.0
794,Freddie Simmonds,5,2,0,0,0.0,0,0.0,0.0,0.0
795,Harry Howell,5,3,6,1,1.0,0,0.0,0.75,0.75
150,Andrey Santos,6,3,0,0,0.0,0,0.0,0.0,0.0
151,Ângelo,6,3,0,0,0.0,0,0.0,0.0,0.0
153,B.Badiashile,6,2,332,7,1.4,3,0.0,0.02,0.02
154,Bergström,6,1,0,0,0.0,0,0.0,0.0,0.0
155,Bettinelli,6,1,0,0,0.0,0,0.0,0.0,0.0
157,Caicedo,6,3,3351,98,2.6,38,0.02,0.08,0.1
158,Casadei,6,3,0,0,0.0,0,0.0,0.0,0.0
159,Chalobah,6,2,1969,93,3.7,23,0.09,0.03,0.12
161,Chukwuemeka,6,3,0,0,0.0,0,0.0,0.0,0.0
162,Colwill,6,2,3150,109,3.1,35,0.05,0.04,0.09
163,Cucurella,6,2,2988,133,3.7,33,0.08,0.07,0.15
164,D.D.Fofana,6,4,0,0,0.0,0,0.0,0.0,0.0
165,Deivid,6,4,0,0,0.0,0,0.0,0.0,0.0
166,Dewsbury-Hall,6,3,257,18,1.4,2,0.08,0.08,0.16
168,Enzo,6,3,2943,135,3.8,32,0.19,0.19,0.38
169,Gallagher,6,3,0,0,0.0,0,0.0,0.0,0.0
170,Gilchrist,6,2,0,0,0.0,0,0.0,0.0,0.0
171,Gusto,6,2,1853,60,1.9,19,0.07,0.09,0.16
172,James,6,2,1057,54,2.8,12,0.04,0.1,0.14
173,Kellyman,6,3,0,0,0.0,0,0.0,0.0,0.0
174,Lavia,6,3,792,26,1.6,11,0.03,0.04,0.07
175,Lukaku,6,4,0,0,0.0,0,0.0,0.0,0.0
176,M.Sarr,6,2,0,0,0.0,0,0.0,0.0,0.0
177,Madueke,6,3,2028,120,3.8,27,0.43,0.13,0.56
178,Marc Guiu,6,4,71,3,1.0,0,0.0,0.03,0.03
179,Mudryk,6,3,145,7,1.0,1,0.15,0.41,0.56
180,N.Jackson,6,4,2220,121,4.0,28,0.47,0.08,0.55
181,Nkunku,6,3,904,60,2.2,9,0.51,0.1,0.61
182,Palmer,6,3,3193,214,5.8,36,0.47,0.27,0.74
183,Petrović,6,1,0,0,0.0,0,0.0,0.0,0.0
184,Renato Veiga,6,3,176,7,1.0,1,0.08,0.08,0.16
185,Sánchez,6,1,2880,126,3.9,32,0.0,0.0,0.0
187,Tosin,6,2,1403,71,3.2,15,0.06,0.01,0.07
189,W.Fofana,6,2,1172,26,1.9,14,0.03,0.01,0.04
386,Sancho,6,3,1754,86,2.8,19,0.11,0.16,0.27
560,Neto,6,3,2262,104,3.0,24,0.14,0.18,0.32
575,Wiley,6,2,0,0,0.0,0,0.0,0.0,0.0
581,Jørgensen,6,1,540,18,3.0,6,0.0,0.0,0.0
621,João Félix,6,3,362,24,2.0,3,0.57,0.11,0.68
695,Rak-Sakyi,6,3,0,0,0.0,0,0.0,0.0,0.0
696,George,6,3,177,17,2.1,1,0.1,0.13,0.23
697,Acheampong,6,2,168,4,1.0,2,0.12,0.01,0.13
740,Maresca,6,5,0,94,0.0,0,0.0,0.0,0.0
771,Amougou,6,3,7,1,1.0,0,0.0,0.0,0.0
774,Anselmino,6,2,0,0,0.0,0,0.0,0.0,0.0
781,Mheuka,6,4,1,1,1.0,0,5.4,0.0,5.4
782,Samuels-Smith,6,2,0,0,0.0,0,0.0,0.0,0.0
787,Genesis Antwi,6,2,0,0,0.0,0,0.0,0.0,0.0
11,Nketiah,7,4,1018,53,1.8,9,0.53,0.07,0.6
160,Chilwell,7,2,254,13,1.6,1,0.09,0.31,0.4
190,Ahamada,7,3,0,0,0.0,0,0.0,0.0,0.0
193,C.Doucouré,7,3,443,19,1.5,4,0.08,0.02,0.1
194,C.Richards,7,2,1921,68,2.8,22,0.06,0.03,0.09
195,Chadi Riad,7,2,90,1,1.0,1,0.0,0.02,0.02
196,Clyne,7,2,477,18,1.4,5,0.0,0.05,0.05
197,Ebiowei,7,3,0,0,0.0,0,0.0,0.0,0.0
199,Eze,7,3,2588,148,4.4,31,0.36,0.16,0.52
200,Guéhi,7,2,3059,116,3.4,34,0.06,0.06,0.12
201,Henderson,7,1,3420,135,3.6,38,0.0,0.0,0.0
202,Holding,7,2,0,0,0.0,0,0.0,0.0,0.0
203,Hughes,7,3,2100,67,2.0,24,0.05,0.11,0.16
205,Kamada,7,3,1545,45,1.3,15,0.07,0.09,0.16
206,Lerma,7,3,2270,58,1.8,26,0.04,0.07,0.11
207,Mateta,7,4,2642,150,4.1,33,0.47,0.08,0.55
208,M.França,7,3,52,9,2.2,0,0.48,0.31,0.79
209,Matthews,7,1,0,0,0.0,0,0.0,0.0,0.0
210,Mitchell,7,2,3090,123,3.3,37,0.04,0.11,0.15
211,Muñoz,7,2,3229,142,3.8,37,0.14,0.1,0.24
212,Ozoh,7,3,0,0,0.0,0,0.0,0.0,0.0
213,Rak-Sakyi,7,3,0,0,0.0,0,0.0,0.0,0.0
214,Schlupp,7,3,95,12,1.0,0,0.16,0.13,0.29
215,Ward,7,2,71,1,0.5,1,0.0,0.01,0.01
216,Wharton,7,3,1314,42,2.1,16,0.03,0.15,0.18
445,Turner,7,1,0,0,0.0,0,0.0,0.0,0.0
585,I.Sarr,7,3,2708,149,3.9,30,0.36,0.23,0.59
644,Umeh-Chibueze,7,3,0,0,0.0,0,0.0,0.0,0.0
645,Devenny,7,3,494,34,1.5,4,0.14,0.07,0.21
646,Agbinone,7,3,4,2,1.0,0,0.45,0.22,0.67
647,Rodney,7,3,0,0,0.0,0,0.0,0.0,0.0
650,Lacroix,7,2,3116,114,3.3,35,0.1,0.03,0.13
666,Kporha,7,2,11,2,1.0,0,0.0,0.16,0.16
676,Marsh,7,4,0,0,0.0,0,0.0,0.0,0.0
730,Esse,7,3,138,22,3.1,1,0.21,0.25,0.46
741,Glasner,7,5,0,128,0.0,0,0.0,0.0,0.0
156,Broja,8,4,327,12,1.2,4,0.03,0.03,0.06
217,A.Doucoure,8,3,2563,94,2.8,31,0.15,0.05,0.2
218,Beto,8,4,1521,87,2.9,15,0.47,0.03,0.5
219,Branthwaite,8,2,2509,88,2.9,28,0.04,0.02,0.06
220,Calvert-Lewin,8,4,1602,63,2.4,19,0.37,0.04,0.41
221,Coleman,8,2,214,5,1.0,3,0.26,0.01,0.27
222,Gana,8,3,3063,89,2.4,35,0.03,0.06,0.09
223,Garner,8,3,1590,42,2.0,17,0.04,0.08,0.12
224,Harrison,8,3,2068,81,2.4,24,0.15,0.14,0.29
225,Holgate,8,2,5,1,1.0,0,0.0,0.0,0.0
226,Iroegbunam,8,3,562,22,1.2,5,0.04,0.02,0.06
227,J.Virginia,8,1,0,0,0.0,0,0.0,0.0,0.0
228,Keane,8,2,1046,48,3.4,11,0.05,0.0,0.05
229,Maupay,8,4,0,0,0.0,0,0.0,0.0,0.0
230,McNeil,8,3,1366,93,4.4,15,0.07,0.3,0.37
231,Mykolenko,8,2,3082,121,3.5,35,0.01,0.06,0.07
232,Ndiaye,8,4,2426,114,3.5,29,0.23,0.05,0.28
234,Patterson,8,2,342,14,1.4,3,0.02,0.1,0.12
235,Pickford,8,1,3420,158,4.2,38,0.0,0.01,0.01
236,Tarkowski,8,2,2922,105,3.2,33,0.04,0.07,0.11
237,Y. Chermiti,8,4,42,3,0.8,0,0.24,0.0,0.24
238,Young,8,2,1864,98,3.1,19,0.01,0.14,0.15
450,Alcaraz,8,3,766,44,2.8,7,0.21,0.08,0.29
577,Lindstrøm,8,3,1229,44,1.8,15,0.16,0.14,0.3
582,O'Brien,8,2,1568,65,3.2,17,0.04,0.02,0.06
603,Armstrong,8,3,47,2,0.7,0,0.71,0.0,0.71
614,Metcalfe,8,3,0,0,0.0,0,0.0,0.0,0.0
624,Begovic,8,1,0,0,0.0,0,0.0,0.0,0.0
627,Dixon,8,2,90,0,0.0,1,0.0,0.0,0.0
651,Mangala,8,3,1257,39,2.1,14,0.08,0.04,0.12
678,Bates,8,3,0,0,0.0,0,0.0,0.0,0.0
724,Sherif,8,4,0,0,0.0,0,0.0,0.0,0.0
742,Moyes,8,5,0,137,0.0,0,0.0,0.0,0.0
773,Heath,8,3,0,0,0.0,0,0.0,0.0,0.0
775,Coby Ebere,8,3,0,0,0.0,0,0.0,0.0,0.0
803,Welch,8,2,0,0,0.0,0,0.0,0.0,0.0
10,Nelson,9,3,483,27,2.2,5,0.2,0.18,0.38
19,Smith Rowe,9,3,2036,114,3.4,25,0.2,0.09,0.29
191,Andersen,9,2,2673,51,1.7,30,0.04,0.02,0.06
239,Adama,9,3,1756,95,2.6,18,0.21,0.24,0.45
240,Andreas,9,3,2004,81,2.5,25,0.19,0.21,0.4
241,Bassey,9,2,3074,75,2.1,34,0.03,0.01,0.04
242,Benda,9,1,0,0,0.0,0,0.0,0.0,0.0
243,Cairney,9,3,610,33,1.3,3,0.11,0.17,0.28
244,Castagne,9,2,1642,46,1.9,17,0.02,0.03,0.05
245,Diop,9,2,1334,31,1.5,15,0.03,0.0,0.03
246,Harris,9,3,0,0,0.0,0,0.0,0.0,0.0
247,Iwobi,9,3,2981,156,4.1,35,0.13,0.21,0.34
248,Leno,9,1,3420,115,3.0,38,0.0,0.0,0.0
249,Lukić,9,3,2348,56,1.9,28,0.04,0.05,0.09
250,Mbabu,9,2,0,0,0.0,0,0.0,0.0,0.0
251,Muniz,9,4,943,86,2.8,8,0.56,0.02,0.58
252,Raúl,9,4,2486,147,3.9,30,0.43,0.07,0.5
253,Ream,9,2,0,0,0.0,0,0.0,0.0,0.0
254,Reed,9,3,100,10,0.8,0,0.21,0.08,0.29
255,Robinson,9,2,3166,106,2.9,35,0.02,0.12,0.14
256,Stansfield,9,4,1,1,1.0,0,0.0,0.0,0.0
257,Tete,9,2,1773,49,2.2,21,0.07,0.03,0.1
258,Vinicius,9,4,13,3,1.0,0,0.42,0.0,0.42
259,Wilson,9,3,1148,78,3.1,12,0.33,0.09,0.42
579,Sessegnon,9,2,574,57,3.6,7,0.26,0.18,0.44
586,J.Cuenca,9,2,349,9,1.1,4,0.01,0.0,0.01
604,King,9,3,126,10,1.2,1,0.2,0.48,0.68
605,Godo,9,3,21,2,1.0,0,0.0,0.3,0.3
622,Berge,9,3,2221,53,1.7,26,0.02,0.03,0.05
690,Amissah,9,2,0,0,0.0,0,0.0,0.0,0.0
753,Silva,9,5,0,94,0.0,0,0.0,0.0,0.0
772,Willian,9,3,251,13,1.3,2,0.1,0.26,0.36
121,Enciso,10,3,1155,59,2.4,14,0.22,0.1,0.32
260,Al-Hamadi,10,4,125,8,0.7,0,0.25,0.03,0.28
261,Baggott,10,2,0,0,0.0,0,0.0,0.0,0.0
262,Broadhead,10,3,690,37,2.1,7,0.23,0.14,0.37
263,Burgess,10,2,1540,26,1.4,16,0.06,0.02,0.08
264,Burns,10,3,922,30,1.7,12,0.05,0.11,0.16
265,Chaplin,10,3,845,41,1.9,10,0.16,0.06,0.22
266,H.Clarke,10,2,377,1,0.1,4,0.02,0.02,0.04
267,Davis,10,2,2742,52,1.6,32,0.03,0.16,0.19
268,Delap,10,4,2587,132,3.6,32,0.33,0.05,0.38
269,Edmundson,10,2,1,1,1.0,0,0.0,0.0,0.0
270,Greaves,10,2,2205,37,1.5,25,0.05,0.01,0.06
271,Harness,10,3,43,2,1.0,0,0.0,0.1,0.1
272,Hirst,10,4,645,46,1.8,5,0.3,0.03,0.33
273,Humphreys,10,3,0,0,0.0,0,0.0,0.0,0.0
274,Hutchinson,10,3,2585,88,2.8,30,0.1,0.09,0.19
275,Johnson,10,2,1346,30,1.3,14,0.07,0.06,0.13
276,Ladapo,10,4,0,0,0.0,0,0.0,0.0,0.0
277,Luongo,10,3,195,13,1.2,2,0.0,0.0,0.0
278,Morsy,10,3,2749,67,2.0,31,0.01,0.05,0.06
279,Ndaba,10,2,0,0,0.0,0,0.0,0.0,0.0
280,Slicker,10,1,0,0,0.0,0,0.0,0.0,0.0
281,Taylor,10,3,837,38,1.2,4,0.08,0.08,0.16
282,Tuanzebe,10,2,1710,27,1.2,20,0.01,0.01,0.02
283,Walton,10,1,630,16,2.3,7,0.0,0.0,0.0
284,Woolfenden,10,2,1187,18,1.2,12,0.0,0.0,0.0
359,Phillips,10,3,1231,27,1.4,14,0.03,0.03,0.06
568,Muric,10,1,1620,49,2.7,18,0.0,0.0,0.0
569,Jaden,10,3,796,37,1.8,7,0.27,0.04,0.31
583,Townsend,10,2,334,11,1.8,3,0.01,0.06,0.07
611,Szmodics,10,3,988,54,2.7,13,0.31,0.04,0.35
619,Cajuste,10,3,1960,63,2.1,25,0.03,0.03,0.06
630,O'Shea,10,2,3122,49,1.4,35,0.04,0.02,0.06
631,J.Clarke,10,3,1161,53,1.7,12,0.09,0.09,0.18
632,Ogbene,10,3,237,7,1.4,3,0.0,0.02,0.02
715,Godfrey,10,2,158,-1,-0.3,2,0.0,0.01,0.01
743,McKenna,10,5,0,51,0.0,0,0.0,0.0,0.0
764,Palmer,10,1,1170,22,1.7,13,0.0,0.0,0.0
799,Boniface,10,2,0,0,0.0,0,0.0,0.0,0.0
800,Tom Taylor,10,3,0,0,0.0,0,0.0,0.0,0.0
117,Buonanotte,11,3,1508,75,2.4,14,0.24,0.14,0.38
192,J.Ayew,11,3,1649,75,2.4,19,0.2,0.08,0.28
198,Edouard,11,4,141,7,1.2,1,0.25,0.04,0.29
285,B.Soumaré,11,3,2165,48,1.5,25,0.01,0.04,0.05
286,Cannon,11,4,0,0,0.0,0,0.0,0.0,0.0
287,Choudhury,11,3,129,4,1.0,1,0.0,0.13,0.13
288,Coady,11,2,1712,39,1.8,19,0.03,0.03,0.06
289,Daka,11,4,717,34,1.5,6,0.16,0.01,0.17
290,De Cordova-Reid,11,3,734,48,2.1,9,0.1,0.02,0.12
291,Faes,11,2,2812,55,1.6,30,0.05,0.01,0.06
292,Golding,11,3,1,1,1.0,0,0.0,0.0,0.0
293,Hermansen,11,1,2385,63,2.3,27,0.0,0.0,0.0
294,Iversen,11,1,0,0,0.0,0,0.0,0.0,0.0
295,Justin,11,2,2912,70,1.9,34,0.05,0.02,0.07
296,Kristiansen,11,2,2481,34,1.1,29,0.0,0.06,0.06
297,Marcal,11,3,0,0,0.0,0,0.0,0.0,0.0
298,Mavididi,11,3,1606,72,2.4,16,0.1,0.18,0.28
299,McAteer,11,3,846,35,1.9,9,0.11,0.07,0.18
300,Ndidi,11,3,2325,64,2.3,28,0.08,0.06,0.14
301,Okoli,11,2,1122,27,1.4,12,0.05,0.01,0.06
302,Ricardo,11,2,382,10,1.0,4,0.02,0.02,0.04
303,Souttar,11,2,0,0,0.0,0,0.0,0.0,0.0
304,Stolarczyk,11,1,900,25,2.5,10,0.0,0.0,0.0
305,Thomas,11,2,1109,27,1.9,13,0.03,0.04,0.07
306,Vardy,11,4,2825,128,3.7,35,0.36,0.08,0.44
307,Vestergaard,11,2,1390,11,0.6,16,0.01,0.01,0.02
308,Ward,11,1,135,2,1.0,1,0.0,0.0,0.0
309,Winks,11,3,1536,40,1.8,17,0.01,0.09,0.1
501,Skipp,11,3,1118,27,1.1,10,0.03,0.03,0.06
570,A.Fatawu,11,3,576,26,2.4,6,0.06,0.22,0.28
606,Alves,11,3,1,1,1.0,0,0.0,0.0,0.0
616,Nelson,11,2,0,0,0.0,0,0.0,0.0,0.0
635,El Khannouss,11,3,2179,83,2.6,27,0.05,0.12,0.17
694,Cartwright,11,3,0,0,0.0,0,0.0,0.0,0.0
708,Wilson-Brown,11,2,0,0,0.0,0,0.0,0.0,0.0
726,Coulibaly,11,2,107,1,0.2,1,0.03,0.03,0.06
754,Van Nistelrooy,11,5,0,48,0.0,0,0.0,0.0,0.0
792,Monga,11,3,105,7,1.0,0,0.15,0.02,0.17
796,Olabade Aluko,11,2,1,1,1.0,0,0.0,0.0,0.0
797,Jake Evans,11,3,21,4,1.0,0,0.0,0.0,0.0
802,Braybrooke,11,3,0,0,0.0,0,0.0,0.0,0.0
310,A.Becker,12,1,2508,112,4.0,28,0.0,0.01,0.01
311,Alexander-Arnold,12,2,2362,148,4.5,28,0.07,0.27,0.34
312,Bajcetic,12,3,0,0,0.0,0,0.0,0.0,0.0
313,Bradley,12,2,744,41,2.2,7,0.08,0.17,0.25
315,Clark,12,3,0,0,0.0,0,0.0,0.0,0.0
316,Darwin,12,4,1113,66,2.2,8,0.47,0.04,0.51
317,Diogo J.,12,3,1182,87,3.3,14,0.61,0.08,0.69
318,Doak,12,3,0,0,0.0,0,0.0,0.0,0.0
319,Elliott,12,3,359,33,1.8,2,0.45,0.16,0.61
320,Endo,12,3,259,21,1.1,1,0.0,0.03,0.03
321,Gakpo,12,4,1921,127,3.6,23,0.33,0.18,0.51
322,Gomez,12,2,517,14,1.6,6,0.06,0.02,0.08
323,Gravenberch,12,3,3160,92,2.5,37,0.03,0.1,0.13
324,Jones,12,3,1702,87,2.6,19,0.23,0.08,0.31
325,Kelleher,12,1,900,45,4.5,10,0.0,0.0,0.0
326,Konaté,12,2,2561,106,3.4,30,0.06,0.03,0.09
327,Luis Díaz,12,3,2393,183,5.1,28,0.45,0.16,0.61
328,M.Salah,12,3,3374,344,9.1,38,0.66,0.24,0.9
329,Mac Allister,12,3,2597,122,3.5,30,0.1,0.19,0.29
330,McConnell,12,3,0,0,0.0,0,0.0,0.0,0.0
331,Morton,12,3,0,0,0.0,0,0.0,0.0,0.0
332,N.Phillips,12,2,0,0,0.0,0,0.0,0.0,0.0
333,Quansah,12,2,488,9,0.7,4,0.02,0.03,0.05
334,R.Williams,12,2,0,0,0.0,0,0.0,0.0,0.0
335,Robertson,12,2,2479,91,2.8,29,0.04,0.16,0.2
336,Szoboszlai,12,3,2485,143,4.0,29,0.25,0.22,0.47
337,Tsimikas,12,2,829,43,2.4,9,0.04,0.25,0.29
339,Virgil,12,2,3330,143,3.9,37,0.06,0.03,0.09
636,Chiesa,12,3,103,7,1.2,1,0.3,0.13,0.43
660,Jaros,12,1,11,1,1.0,0,0.0,0.0,0.0
669,Davies,12,1,0,0,0.0,0,0.0,0.0,0.0
688,Nyoni,12,3,0,0,0.0,0,0.0,0.0,0.0
692,Nallo,12,2,0,0,0.0,0,0.0,0.0,0.0
709,Danns,12,4,10,1,1.0,0,0.0,0.09,0.09
744,Slot,12,5,0,118,0.0,0,0.0,0.0,0.0
340,Akanji,13,2,2012,61,2.3,23,0.07,0.06,0.13
341,Aké,13,2,677,25,2.5,8,0.03,0.02,0.05
342,Bernardo,13,3,2667,110,3.3,29,0.13,0.15,0.28
343,Bobb,13,3,14,3,1.0,0,0.0,0.13,0.13
344,Carson,13,1,0,0,0.0,0,0.0,0.0,0.0
345,De Bruyne,13,3,1694,114,4.1,19,0.27,0.36,0.63
346,Doku,13,3,1506,88,3.0,16,0.08,0.23,0.31
347,Ederson M.,13,1,2320,111,4.3,26,0.0,0.01,0.01
348,Foden,13,3,1771,105,3.8,20,0.26,0.27,0.53
349,Grealish,13,3,710,38,1.9,7,0.14,0.21,0.35
350,Gvardiol,13,2,3278,153,4.1,36,0.13,0.08,0.21
351,Haaland,13,4,2736,181,5.8,31,0.72,0.07,0.79
352,J.Alvarez,13,4,0,0,0.0,0,0.0,0.0,0.0
353,João Cancelo,13,2,0,0,0.0,0,0.0,0.0,0.0
354,Kovačić,13,3,2194,109,3.5,25,0.08,0.13,0.21
355,Lewis,13,2,1888,66,2.4,21,0.06,0.05,0.11
356,Matheus N.,13,3,1670,81,3.1,19,0.06,0.18,0.24
357,McAtee,13,3,340,31,2.1,3,0.74,0.21,0.95
358,Ortega Moreno,13,1,1099,35,2.7,12,0.0,0.0,0.0
360,Rodrigo,13,3,72,3,1.0,1,0.0,0.11,0.11
361,Rúben,13,2,2269,90,3.3,25,0.06,0.05,0.11
362,Stones,13,2,544,29,2.6,6,0.1,0.03,0.13
363,Walker,13,2,966,13,0.9,9,0.01,0.12,0.13
571,Savinho,13,3,1760,106,3.7,21,0.26,0.31,0.57
607,O’Reilly,13,3,525,31,3.4,6,0.22,0.12,0.34
625,Gündogan,13,3,2218,97,2.9,25,0.13,0.18,0.31
626,Kaboré,13,2,0,0,0.0,0,0.0,0.0,0.0
671,Wright,13,3,0,0,0.0,0,0.0,0.0,0.0
672,Simpson-Pusey,13,2,95,1,0.5,1,0.0,0.01,0.01
675,Wilson-Esbrand,13,2,0,0,0.0,0,0.0,0.0,0.0
698,Mubama,13,4,27,1,1.0,0,0.13,0.0,0.13
703,Alleyne,13,2,0,0,0.0,0,0.0,0.0,0.0
704,Brits,13,1,0,0,0.0,0,0.0,0.0,0.0
732,Khusanov,13,2,503,14,2.3,6,0.0,0.02,0.02
733,Vitor Reis,13,2,1,1,1.0,0,0.0,0.0,0.0
736,Guardiola,13,5,0,113,0.0,0,0.0,0.0,0.0
755,Marmoush,13,4,1174,73,4.6,14,0.41,0.13,0.54
765,N.Gonzalez,13,3,760,31,2.8,9,0.05,0.06,0.11
785,Echeverri,13,3,5,1,1.0,0,0.0,0.18,0.18
364,Amad,14,3,1898,129,5.0,20,0.22,0.19,0.41
365,Antony,14,3,135,8,1.0,0,0.4,0.14,0.54
366,B.Fernandes,14,3,3017,174,4.8,35,0.3,0.24,0.54
367,Bayindir,14,1,360,8,2.0,4,0.0,0.0,0.0
368,Casemiro,14,3,1489,48,2.0,18,0.11,0.12,0.23
369,Dalot,14,2,2812,95,2.9,31,0.06,0.08,0.14
370,Eriksen,14,3,1052,45,2.0,11,0.11,0.22,0.33
371,Evans,14,2,312,15,2.1,3,0.03,0.01,0.04
372,Garnacho,14,3,2188,106,2.9,23,0.3,0.11,0.41
373,Hannibal,14,3,0,0,0.0,0,0.0,0.0,0.0
374,Heaton,14,1,0,0,0.0,0,0.0,0.0,0.0
375,Højlund,14,4,1998,78,2.4,23,0.23,0.05,0.28
376,Lindelof,14,2,695,27,1.7,6,0.0,0.01,0.01
377,Maguire,14,2,1751,48,1.8,19,0.09,0.01,0.1
378,Mainoo,14,3,1646,42,1.7,19,0.05,0.1,0.15
379,Malacia,14,2,99,2,0.7,2,0.0,0.02,0.02
380,Martinez,14,2,1751,68,3.4,20,0.07,0.06,0.13
381,McTominay,14,3,17,2,1.0,0,0.37,0.0,0.37
382,Mount,14,3,613,25,1.5,8,0.49,0.08,0.57
383,Onana,14,1,3060,120,3.5,34,0.0,0.01,0.01
384,Pellistri,14,3,0,0,0.0,0,0.0,0.0,0.0
387,Shaw,14,2,346,5,0.7,4,0.01,0.2,0.21
389,Zirkzee,14,4,1385,64,2.0,14,0.3,0.07,0.37
572,Yoro,14,2,1160,22,1.0,12,0.05,0.01,0.06
593,De Ligt,14,2,2119,68,2.3,25,0.11,0.01,0.12
594,Mazraoui,14,2,2836,88,2.4,34,0.02,0.06,0.08
613,Collyer,14,3,174,6,1.0,0,0.04,0.19,0.23
648,Wheatley,14,4,0,0,0.0,0,0.0,0.0,0.0
652,Ugarte,14,3,1777,49,1.7,22,0.05,0.03,0.08
658,Heaven,14,2,169,10,2.5,2,0.06,0.01,0.07
667,Fletcher,14,3,0,0,0.0,0,0.0,0.0,0.0
670,Amass,14,2,345,4,0.8,4,0.02,0.02,0.04
673,Fitzgerald,14,3,0,0,0.0,0,0.0,0.0,0.0
691,Kukonki,14,2,0,0,0.0,0,0.0,0.0,0.0
745,Amorim,14,5,0,86,0.0,0,0.0,0.0,0.0
761,Harrison,14,1,0,0,0.0,0,0.0,0.0,0.0
766,Dorgu,14,2,840,18,1.5,10,0.05,0.14,0.19
776,Obi,14,4,160,7,1.0,1,0.37,0.02,0.39
777,Fredricson,14,2,166,2,1.0,2,0.0,0.01,0.01
778,Moorhouse,14,3,0,0,0.0,0,0.0,0.0,0.0
779,Koné,14,3,0,0,0.0,0,0.0,0.0,0.0
783,Graczyk,14,1,0,0,0.0,0,0.0,0.0,0.0
788,Dermot Mee,14,1,0,0,0.0,0,0.0,0.0,0.0
390,A.Murphy,15,2,0,0,0.0,0,0.0,0.0,0.0
391,Almirón,15,3,150,10,1.1,1,0.31,0.11,0.42
392,Barnes,15,3,1746,130,3.9,17,0.33,0.23,0.56
393,Botman,15,2,412,18,2.2,6,0.13,0.05,0.18
394,Bruno G.,15,3,3273,135,3.6,38,0.12,0.15,0.27
395,Burn,15,2,3330,115,3.1,37,0.05,0.03,0.08
396,Dúbravka,15,1,900,44,4.4,10,0.0,0.0,0.0
398,Gordon,15,3,2428,124,3.6,28,0.3,0.18,0.48
399,Hall,15,2,2188,102,3.8,24,0.02,0.15,0.17
400,Hayden,15,3,0,0,0.0,0,0.0,0.0,0.0
401,Isak,15,4,2758,211,6.2,34,0.66,0.12,0.78
402,J.Murphy,15,3,2356,159,4.5,31,0.22,0.23,0.45
403,Joelinton,15,3,2394,99,3.4,29,0.14,0.08,0.22
404,Kelly,15,2,299,12,1.2,4,0.12,0.03,0.15
405,Krafth,15,2,334,17,1.4,2,0.01,0.01,0.02
406,Kuol,15,3,0,0,0.0,0,0.0,0.0,0.0
407,Lascelles,15,2,0,0,0.0,0,0.0,0.0,0.0
408,Lewis,15,2,0,0,0.0,0,0.0,0.0,0.0
409,Livramento,15,2,2835,105,2.8,32,0.01,0.09,0.1
410,Longstaff,15,3,783,34,1.4,8,0.07,0.03,0.1
411,Miley,15,3,304,21,1.5,1,0.17,0.09,0.26
412,Odysseas,15,1,0,0,0.0,0,0.0,0.0,0.0
413,Pope,15,1,2520,102,3.6,28,0.0,0.0,0.0
414,Ruddy,15,1,0,0,0.0,0,0.0,0.0,0.0
415,Schär,15,2,2935,118,3.5,33,0.12,0.03,0.15
416,Targett,15,2,20,2,1.0,0,0.0,0.32,0.32
417,Tonali,15,3,2625,106,2.9,28,0.15,0.09,0.24
418,Trippier,15,2,1299,72,2.9,14,0.01,0.1,0.11
419,White,15,3,0,0,0.0,0,0.0,0.0,0.0
420,Willock,15,3,1065,46,1.4,11,0.14,0.08,0.22
421,Wilson,15,4,355,19,1.1,2,0.09,0.02,0.11
574,Pivas,15,2,0,0,0.0,0,0.0,0.0,0.0
590,Osula,15,4,124,19,1.4,0,0.12,0.04,0.16
746,Howe,15,5,0,97,0.0,0,0.0,0.0,0.0
789,Neave,15,4,0,0,0.0,0,0.0,0.0,0.0
26,Alex Moreno,16,2,952,34,2.3,11,0.02,0.1,0.12
422,Aina,16,2,2996,128,3.7,35,0.02,0.07,0.09
423,Anderson,16,3,2726,107,2.9,33,0.07,0.12,0.19
424,Awoniyi,16,4,398,32,1.2,3,0.49,0.03,0.52
425,Boly,16,2,146,6,1.0,1,0.04,0.0,0.04
426,Bowler,16,3,0,0,0.0,0,0.0,0.0,0.0
427,C.Miguel,16,1,0,0,0.0,0,0.0,0.0,0.0
428,Da Silva Moreira,16,3,28,2,1.0,0,0.0,0.0,0.0
429,Danilo,16,3,270,11,1.4,5,0.0,0.0,0.0
430,Dennis,16,4,0,0,0.0,0,0.0,0.0,0.0
431,Dominguez,16,3,1954,54,1.6,23,0.07,0.07,0.14
432,Elanga,16,3,2496,153,4.0,31,0.17,0.18,0.35
433,Gibbs-White,16,3,2806,154,4.5,34,0.2,0.15,0.35
434,Hudson-Odoi,16,3,2190,103,3.3,25,0.1,0.1,0.2
435,Mighten,16,3,0,0,0.0,0,0.0,0.0,0.0
436,Murillo,16,2,3188,130,3.6,36,0.04,0.03,0.07
437,N.Williams,16,2,2588,109,3.1,28,0.08,0.05,0.13
438,O.Richards,16,2,0,0,0.0,0,0.0,0.0,0.0
439,O'Brien,16,3,0,0,0.0,0,0.0,0.0,0.0
440,Omobamidele,16,2,0,0,0.0,0,0.0,0.0,0.0
441,Panzo,16,2,0,0,0.0,0,0.0,0.0,0.0
442,Sangaré,16,3,584,20,1.5,7,0.0,0.03,0.03
443,Sels,16,1,3420,150,3.9,38,0.0,0.01,0.01
444,Toffolo,16,2,135,4,1.0,1,0.01,0.01,0.02
446,Ui-jo,16,4,0,0,0.0,0,0.0,0.0,0.0
447,Wood,16,4,2958,200,5.6,35,0.41,0.05,0.46
448,Worrall,16,2,0,0,0.0,0,0.0,0.0,0.0
449,Yates,16,3,1901,67,1.9,18,0.11,0.02,0.13
573,Milenković,16,2,3330,145,3.9,37,0.11,0.02,0.13
596,Jota Silva,16,3,835,52,1.7,5,0.23,0.2,0.43
620,Sosa,16,3,280,25,1.3,1,0.36,0.12,0.48
653,Morato,16,2,891,36,1.4,6,0.02,0.0,0.02
706,Abbott,16,2,0,0,0.0,0,0.0,0.0,0.0
721,Hennessey,16,1,0,0,0.0,0,0.0,0.0,0.0
747,Nuno,16,5,0,78,0.0,0,0.0,0.0,0.0
14,Ramsdale,17,1,2700,97,3.2,30,0.0,0.0,0.0
27,Archer,17,4,1421,57,1.6,13,0.36,0.05,0.41
188,Ugochukwu,17,3,1652,47,1.8,18,0.05,0.03,0.08
397,Fraser,17,3,303,7,0.9,4,0.01,0.03,0.04
451,Amo-Ameyaw,17,3,26,1,0.5,0,0.07,0.45,0.52
452,Aribo,17,3,2007,72,2.2,21,0.12,0.06,0.18
453,Armstrong,17,4,1246,45,2.2,15,0.24,0.04,0.28
454,Bazunu,17,1,0,0,0.0,0,0.0,0.0,0.0
455,Bednarek,17,2,2531,60,2.0,30,0.02,0.03,0.05
456,Bella-Kotchap,17,2,329,2,0.5,2,0.09,0.0,0.09
457,Bree,17,2,1070,23,1.4,13,0.01,0.06,0.07
458,Charles,17,3,0,0,0.0,0,0.0,0.0,0.0
459,Edozie,17,3,64,1,0.5,0,0.0,0.21,0.21
460,Edwards,17,2,12,1,1.0,0,0.0,0.0,0.0
461,Harwood-Bellis,17,2,2824,55,1.6,32,0.06,0.02,0.08
462,Kamaldeen,17,3,1394,53,2.0,17,0.09,0.05,0.14
463,Lallana,17,3,352,17,1.2,5,0.04,0.12,0.16
464,Larios,17,2,0,0,0.0,0,0.0,0.0,0.0
465,Lis,17,1,0,0,0.0,0,0.0,0.0,0.0
466,Lumley,17,1,270,8,2.7,3,0.0,0.0,0.0
467,Manning,17,2,1458,34,1.4,18,0.02,0.17,0.19
468,Mara,17,4,0,0,0.0,0,0.0,0.0,0.0
469,McCarthy,17,1,450,12,2.4,5,0.0,0.0,0.0
470,Onuachu,17,4,1038,51,2.0,11,0.31,0.02,0.33
471,Smallbone,17,3,679,26,1.4,6,0.08,0.12,0.2
472,Stephens,17,2,1389,31,1.6,17,0.04,0.02,0.06
473,Stewart,17,4,382,20,1.7,4,0.27,0.01,0.28
474,Sugawara,17,2,1548,43,1.4,16,0.03,0.14,0.17
475,Taylor,17,2,353,6,0.8,3,0.0,0.04,0.04
476,Walker-Peters,17,2,2918,54,1.6,33,0.03,0.07,0.1
477,Wood,17,2,771,14,1.3,9,0.03,0.0,0.03
515,Cornet,17,3,71,1,0.5,1,0.2,0.0,0.2
518,Downes,17,3,2149,48,1.8,25,0.03,0.06,0.09
584,Brereton Díaz,17,3,446,13,1.3,4,0.18,0.03,0.21
608,Dibling,17,3,1863,68,2.1,20,0.13,0.07,0.2
623,M.Fernandes,17,3,2911,95,2.6,34,0.13,0.11,0.24
693,O'Brien-Whitmarsh,17,3,0,0,0.0,0,0.0,0.0,0.0
718,Welington,17,2,478,14,1.4,6,0.01,0.03,0.04
719,Kayi Sanda,17,2,12,2,1.0,0,0.0,0.0,0.0
734,Grønbæk,17,3,141,6,1.5,2,0.08,0.01,0.09
748,Rusk,17,5,0,38,0.0,0,0.0,0.0,0.0
798,Jay Robinson,17,4,134,5,1.2,1,0.05,0.36,0.41
804,Moore,17,2,0,0,0.0,0,0.0,0.0,0.0
82,Solanke,18,4,2199,108,4.0,25,0.45,0.05,0.5
478,A.Phillips,18,2,0,0,0.0,0,0.0,0.0,0.0
479,Austin,18,1,90,1,1.0,1,0.0,0.0,0.0
480,Bentancur,18,3,1640,49,1.9,21,0.07,0.06,0.13
481,Bergvall,18,3,1200,44,1.6,11,0.05,0.06,0.11
482,Bissouma,18,3,1396,50,1.8,16,0.04,0.03,0.07
483,Bryan,18,3,0,0,0.0,0,0.0,0.0,0.0
484,Davies,18,2,1329,28,1.6,14,0.02,0.03,0.05
485,Devine,18,3,0,0,0.0,0,0.0,0.0,0.0
486,Dragusin,18,2,1250,24,1.5,14,0.01,0.01,0.02
487,E.Royal,18,2,0,0,0.0,0,0.0,0.0,0.0
488,Forster,18,1,630,19,2.7,7,0.0,0.0,0.0
489,Gray,18,3,1750,45,1.6,19,0.0,0.01,0.01
490,Højbjerg,18,3,0,0,0.0,0,0.0,0.0,0.0
491,Johnson,18,3,2171,137,4.2,24,0.45,0.08,0.53
492,Kulusevski,18,3,2386,117,3.7,27,0.15,0.15,0.3
493,Lo Celso,18,3,0,0,0.0,0,0.0,0.0,0.0
494,Maddison,18,3,1799,133,4.3,21,0.28,0.3,0.58
495,Pedro Porro,18,2,2606,98,3.0,28,0.06,0.16,0.22
496,Reguilón,18,2,194,2,0.5,1,0.06,0.11,0.17
497,Richarlison,18,4,497,35,2.3,4,0.67,0.11,0.78
498,Romero,18,2,1416,49,2.7,18,0.1,0.05,0.15
499,P.M.Sarr,18,3,1901,71,2.0,22,0.18,0.04,0.22
500,Scarlett,18,4,31,6,2.0,0,0.12,0.0,0.12
502,Solomon,18,3,0,0,0.0,0,0.0,0.0,0.0
503,Son,18,3,2106,129,4.3,24,0.31,0.21,0.52
504,Spence,18,2,1790,51,2.0,19,0.03,0.07,0.1
505,Udogie,18,2,1923,43,1.7,24,0.01,0.06,0.07
506,Van de Ven,18,2,1014,32,2.5,12,0.05,0.06,0.11
507,Veliz,18,4,0,0,0.0,0,0.0,0.0,0.0
508,Vicario,18,1,2160,66,2.8,24,0.0,0.0,0.0
509,Werner,18,3,504,34,1.9,4,0.19,0.28,0.47
510,Whiteman,18,1,0,0,0.0,0,0.0,0.0,0.0
609,Lankshear,18,4,10,3,1.0,0,0.0,0.0,0.0
610,Moore,18,3,359,19,1.9,3,0.05,0.14,0.19
612,Odobert,18,3,843,34,2.1,9,0.17,0.08,0.25
683,Olusesi,18,3,0,0,0.0,0,0.0,0.0,0.0
684,Hardy,18,2,0,0,0.0,0,0.0,0.0,0.0
689,Williams-Barnett,18,3,0,0,0.0,0,0.0,0.0,0.0
699,Dorrington,18,2,13,1,1.0,0,0.0,0.0,0.0
700,King,18,2,0,0,0.0,0,0.0,0.0,0.0
716,Kinsky,18,1,540,17,2.8,6,0.0,0.0,0.0
717,Yang,18,3,0,0,0.0,0,0.0,0.0,0.0
729,Ajayi,18,3,0,0,0.0,0,0.0,0.0,0.0
749,Postecoglou,18,5,0,58,0.0,0,0.0,0.0,0.0
760,Cassanova,18,2,0,0,0.0,0,0.0,0.0,0.0
767,Danso,18,2,842,16,1.6,9,0.04,0.01,0.05
768,Tel,18,3,908,42,3.2,11,0.29,0.15,0.44
123,Ferguson,19,4,385,28,1.3,3,0.26,0.15,0.41
388,Wan-Bissaka,19,2,3154,118,3.3,35,0.03,0.08,0.11
511,Álvarez,19,3,1769,40,1.4,20,0.02,0.05,0.07
512,Antonio,19,4,834,42,3.0,11,0.24,0.1,0.34
513,Areola,19,1,2259,69,2.7,25,0.0,0.0,0.0
514,Bowen,19,3,2974,193,5.7,34,0.26,0.2,0.46
516,Coufal,19,2,1056,27,1.2,11,0.03,0.08,0.11
517,Cresswell,19,2,818,36,2.0,10,0.03,0.21,0.24
519,Earthy,19,3,0,0,0.0,0,0.0,0.0,0.0
520,Emerson,19,2,2108,76,2.5,26,0.08,0.09,0.17
521,Fabianski,19,1,1160,39,2.8,13,0.0,0.0,0.0
522,Foderingham,19,1,0,0,0.0,0,0.0,0.0,0.0
523,Ings,19,4,270,32,2.1,1,0.75,0.02,0.77
524,Kilman,19,2,3348,82,2.2,38,0.04,0.03,0.07
525,Kudus,19,3,2589,106,3.3,31,0.24,0.09,0.33
526,L.Guilherme,19,3,139,12,1.0,1,0.27,0.08,0.35
527,L.Paquetá,19,3,2374,80,2.4,27,0.2,0.13,0.33
528,Mavropanos,19,2,2035,45,1.4,21,0.07,0.02,0.09
529,N.Aguerd,19,2,0,0,0.0,0,0.0,0.0,0.0
530,Souček,19,3,2563,126,3.6,30,0.23,0.04,0.27
531,Ward-Prowse,19,3,1433,51,2.1,17,0.1,0.17,0.27
532,Zouma,19,2,0,0,0.0,0,0.0,0.0,0.0
576,Irving,19,3,161,9,0.9,1,0.07,0.07,0.14
587,Summerville,19,3,776,33,1.7,7,0.19,0.2,0.39
588,G.Rodríguez,19,3,1147,36,1.6,16,0.02,0.01,0.03
589,Füllkrug,19,4,783,42,2.3,6,0.25,0.05,0.3
591,Todibo,19,2,1824,54,2.0,20,0.02,0.0,0.02
643,Casey,19,2,1,1,1.0,0,0.0,0.0,0.0
654,C.Soler,19,3,1394,47,1.5,14,0.12,0.12,0.24
677,Scarles,19,2,659,29,1.9,7,0.02,0.02,0.04
686,Mayers,19,2,0,0,0.0,0,0.0,0.0,0.0
701,Orford,19,3,47,2,1.0,0,0.06,0.08,0.14
750,Potter,19,5,0,84,0.0,0,0.0,0.0,0.0
204,Johnstone,20,1,630,12,1.7,7,0.0,0.0,0.0
533,Aït-Nouri,20,2,3112,125,3.4,37,0.08,0.12,0.2
534,B.Traore,20,3,1,1,1.0,0,0.0,0.0,0.0
535,Bellegarde,20,3,1666,90,2.6,20,0.08,0.15,0.23
536,Bentley,20,1,180,9,4.5,2,0.0,0.0,0.0
537,Chiquinho,20,3,6,1,1.0,0,0.0,0.75,0.75
538,Chirewa,20,3,0,0,0.0,0,0.0,0.0,0.0
539,Chiwome,20,4,0,0,0.0,0,0.0,0.0,0.0
540,Cundle,20,3,0,0,0.0,0,0.0,0.0,0.0
541,Cunha,20,4,2596,178,5.4,29,0.3,0.18,0.48
542,Dawson,20,2,969,17,1.1,10,0.05,0.01,0.06
543,Doherty,20,2,2105,75,2.5,25,0.05,0.05,0.1
544,Doyle,20,3,474,28,1.2,3,0.1,0.07,0.17
545,Fábio Silva,20,4,0,0,0.0,0,0.0,0.0,0.0
546,Fraser,20,4,0,0,0.0,0,0.0,0.0,0.0
547,Gonzalez,20,3,0,0,0.0,0,0.0,0.0,0.0
548,Guedes,20,3,979,62,2.1,10,0.3,0.08,0.38
549,H.Bueno,20,2,0,0,0.0,0,0.0,0.0,0.0
550,Hee Chan,20,3,646,37,1.8,5,0.11,0.05,0.16
551,Hodge,20,3,0,0,0.0,0,0.0,0.0,0.0
552,Hoever,20,2,0,0,0.0,0,0.0,0.0,0.0
553,J.Gomes,20,3,2975,87,2.4,35,0.09,0.08,0.17
554,José Sá,20,1,2610,93,3.2,29,0.0,0.0,0.0
555,Kalajdžić,20,4,0,0,0.0,0,0.0,0.0,0.0
556,King,20,1,1,1,1.0,0,0.0,0.0,0.0
557,Mario Jr.,20,3,1363,47,2.8,15,0.09,0.06,0.15
558,Mosquera,20,2,441,3,0.6,5,0.07,0.01,0.08
559,N.Semedo,20,2,2889,84,2.5,32,0.03,0.05,0.08
561,Pedro Lima,20,2,69,2,0.7,1,0.08,0.13,0.21
562,Podence,20,3,46,2,1.0,0,0.08,0.02,0.1
563,R.Gomes,20,3,794,42,1.7,7,0.08,0.1,0.18
564,S.Bueno,20,2,1678,52,1.8,18,0.02,0.01,0.03
565,Sarabia,20,3,800,50,2.2,7,0.32,0.21,0.53
566,Strand Larsen,20,4,2587,145,4.1,30,0.35,0.03,0.38
567,Toti,20,2,2613,79,2.5,30,0.03,0.02,0.05
637,Meupiyou,20,2,0,0,0.0,0,0.0,0.0,0.0
642,André,20,3,2472,61,1.8,31,0.01,0.02,0.03
655,Forbs,20,3,236,9,0.9,1,0.06,0.04,0.1
664,Pond,20,2,1,1,1.0,0,0.0,0.0,0.0
682,Edozie,20,3,0,0,0.0,0,0.0,0.0,0.0
711,Okoduwa,20,2,0,0,0.0,0,0.0,0.0,0.0
720,Agbadou,20,2,1410,45,2.8,16,0.06,0.02,0.08
751,Pereira,20,5,0,111,0.0,0,0.0,0.0,0.0
769,Djiga,20,2,65,4,0.8,1,0.0,0.01,0.01
770,Munetsi,20,3,1077,50,3.6,12,0.28,0.09,0.37
784,Mané,20,4,1,1,1.0,0,0.0,0.0,0.0
