id,web_name,team,element_type,now_cost,cost_change_start,cost_change_event,value_form,value_season,total_points,points_per_game,selected_by_percent,transfers_in,transfers_out,transfers_in_event,transfers_out_event
1,Fábio Vieira,1,3,54,-1,0,0.0,0.0,0,0.0,0.0,439,2825,0,0
2,G.Jesus,1,4,65,-5,0,0.0,6.5,42,2.5,1.0,1238437,1409940,0,0
3,Gabriel,1,2,61,1,0,0.0,19.2,117,4.2,12.2,5093448,5431768,0,0
4,Havertz,1,4,77,-3,0,0.0,12.6,97,4.2,6.2,2644355,3530099,0,0
5,Hein,1,1,40,0,0,0.0,0.0,0,0.0,0.0,0,4643,0,0
6,J.Timber,1,2,55,0,0,0.0,20.7,114,3.8,4.3,1963751,1640941,0,0
7,Jorginho,1,3,46,-4,0,0.0,4.3,20,1.3,0.2,30982,50584,0,0
8,Kiwior,1,2,49,-1,0,0.6,8.8,43,2.5,3.8,518152,114231,0,0
9,Martinelli,1,3,65,-5,0,0.5,19.2,125,3.8,3.1,1360840,1378390,0,0
12,Nwaneri,1,3,43,-2,0,0.2,15.3,66,2.5,1.5,735728,604768,0,0
13,Ødegaard,1,3,82,-3,0,0.8,14.1,116,3.9,5.7,1245059,2244119,0,0
15,Raya,1,1,56,1,0,0.5,25.4,142,3.7,32.6,4184559,3511572,0,0
16,Rice,1,3,63,-2,0,0.9,20.2,127,3.6,4.2,593806,823007,0,0
17,Saka,1,3,104,4,0,0.2,12.2,127,5.1,20.2,8222595,9344351,0,0
18,Saliba,1,2,64,4,0,0.1,20.3,130,3.7,25.8,4071193,5556474,0,0
20,Thomas,1,3,49,-1,0,0.4,22.0,108,3.1,0.7,307818,289781,0,0
21,Tierney,1,2,43,-2,0,0.7,6.3,27,2.1,0.1,16286,13951,0,0
22,Tomiyasu,1,2,48,-2,0,0.0,0.2,1,1.0,0.0,2219,8129,0,0
23,Trossard,1,3,67,-3,0,0.6,22.7,152,4.0,4.5,1341936,1105621,0,0
24,White,1,2,62,-3,0,0.5,8.1,50,2.9,4.4,431657,1011245,0,0
25,Zinchenko,1,2,48,-2,0,0.2,8.3,40,2.7,0.9,110618,323972,0,0
73,Neto,1,1,41,-4,0,0.0,1.7,7,3.5,0.7,92955,261168,0,0
186,Sterling,1,3,67,-3,0,0.1,3.9,26,1.5,0.8,56881,165293,0,0
578,Calafiori,1,2,58,-2,0,0.1,6.7,39,2.1,1.5,285601,425538,0,0
597,Lewis-Skelly,1,3,45,0,0,0.4,8.2,37,1.6,0.4,115370,79089,0,0
633,Merino,1,3,60,0,0,0.3,15.3,92,3.3,1.5,677828,522817,0,0
638,Oulad M'hand,1,3,45,0,0,0.0,0.0,0,0.0,0.0,2791,2341,0,0
639,Setford,1,1,45,0,0,0.0,0.0,0,0.0,0.1,4526,4943,0,0
657,Kacurri,1,2,40,0,0,0.0,0.0,0,0.0,0.0,11257,10392,0,0
659,Kabia,1,3,45,0,0,0.0,0.0,0,0.0,0.0,3033,2565,0,0
662,Nichols,1,2,40,0,0,0.0,0.0,0,0.0,0.1,7424,5568,0,0
665,Butler-Oyedeji,1,4,45,0,0,0.0,0.2,1,1.0,0.2,59288,48771,0,0
735,Arteta,1,5,15,0,0,3.9,69.3,104,0.0,9.0,247297,159775,0,0
756,Porter,1,1,40,0,0,0.0,0.0,0,0.0,0.0,1928,1018,0,0
790,Gower,1,3,45,0,0,0.0,0.0,0,0.0,0.0,113,50,0,0
793,Jack Henry-Francis,1,3,45,0,0,0.0,0.0,0,0.0,0.0,78,28,0,0
801,Clarke,1,2,40,0,0,0.0,0.0,0,0.0,0.0,199,38,0,0
28,Bailey,2,3,62,-3,0,0.0,7.6,47,2.0,0.8,186480,472952,0,0
29,Barkley,2,3,52,-3,0,0.2,8.5,44,2.2,0.2,26756,91758,0,0
30,Barrenechea,2,3,49,-1,0,0.0,0.0,0,0.0,0.0,872,5339,0,0
31,Buendia,2,3,51,-4,0,0.0,2.2,11,0.9,0.1,6966,17063,0,0
32,Cash,2,2,44,-1,0,1.1,17.3,76,2.8,1.6,306407,452117,0,0
33,Dendoncker,2,3,45,0,0,0.0,0.0,0,0.0,0.2,18187,94027,0,0
34,Diaby,2,3,65,0,0,0.0,0.0,0,0.0,0.0,0,3420,0,0
35,Diego Carlos,2,2,45,0,0,0.0,4.7,21,2.1,0.3,50956,95521,0,0
36,Digne,2,2,44,-1,0,0.5,20.2,89,2.8,5.6,2217548,1914740,0,0
37,Dobbin,2,3,50,0,0,0.0,0.0,0,0.0,0.0,0,298,0,0
38,Duran,2,4,57,-3,0,0.0,9.3,53,2.6,1.6,1376643,1337176,0,0
39,Gauci,2,1,40,0,0,0.0,0.0,0,0.0,0.5,63380,80126,0,0
40,Hause,2,2,39,-1,0,0.0,0.0,0,0.0,0.5,62708,78002,0,0
41,Iling Jr,2,3,54,-1,0,0.0,0.0,0,0.0,0.0,342,6767,0,0
42,Kamara,2,3,50,0,0,0.9,11.4,57,2.2,0.1,14163,9157,0,0
43,Kesler-Hayden,2,2,40,0,0,0.0,0.0,0,0.0,0.0,0,1686,0,0
44,Konsa,2,2,45,0,0,1.5,22.9,103,3.0,9.5,1756553,1967466,0,0
45,Maatsen,2,2,45,-5,0,0.8,12.7,57,2.0,1.6,161062,362749,0,0
46,Marschall,2,1,40,0,0,0.0,0.0,0,0.0,0.0,0,90,0,0
47,Martinez,2,1,50,0,0,1.0,22.2,111,3.0,13.3,1948436,1972857,0,0
48,McGinn,2,3,52,-3,0,0.6,15.0,78,2.3,0.7,117567,274860,0,0
49,Mings,2,2,44,-1,0,0.3,10.7,47,3.4,0.2,55695,44736,0,0
50,Nedeljkovic,2,2,39,-1,0,0.0,1.3,5,1.0,0.5,256190,261330,0,0
51,Olsen,2,1,45,0,0,0.0,2.0,9,2.2,0.1,15716,19607,0,0
52,Pau,2,2,42,-3,0,0.8,13.1,55,2.3,0.8,267629,340115,0,0
53,Ramsey,2,3,54,-1,0,0.1,12.2,66,2.3,0.3,112424,123002,0,0
54,Rogers,2,3,58,8,0,0.7,27.8,161,4.4,25.8,7532072,5583080,0,0
55,Sinisalo,2,1,40,0,0,0.0,0.0,0,0.0,0.0,0,95,0,0
56,Sousa,2,2,40,0,0,0.0,0.0,0,0.0,0.0,0,19298,0,0
57,Tielemans,2,3,55,0,0,0.5,22.0,121,3.4,1.1,396166,395518,0,0
58,Watkins,2,4,92,2,0,0.5,20.2,186,4.9,29.0,6498525,6903884,0,0
167,Disasi,2,2,42,-3,0,0.0,7.9,33,2.5,0.4,122107,135167,0,0
233,Onana,2,3,48,-2,0,0.5,13.5,65,2.5,2.1,1449424,1485790,0,0
385,Rashford,2,3,66,-4,0,0.0,14.4,95,3.8,3.7,1845004,1964955,0,0
598,Bogarde,2,2,39,-1,0,0.0,1.5,6,0.8,0.2,65189,59800,0,0
640,Swinkels,2,2,40,0,0,0.0,0.0,0,0.0,0.1,8500,8378,0,0
641,Zych,2,1,40,0,0,0.0,0.0,0,0.0,0.5,84557,55584,0,0
656,Young,2,3,44,-1,0,0.0,0.0,0,0.0,0.2,59513,52012,0,0
679,Broggio,2,3,45,0,0,0.0,0.0,0,0.0,0.0,2542,1889,0,0
710,Jimoh,2,3,45,0,0,0.0,0.0,0,0.0,0.0,695,453,0,0
725,Malen,2,3,53,-2,0,0.2,6.4,34,2.4,0.2,86563,68829,0,0
731,A. Garcia,2,2,45,0,0,0.0,1.8,8,1.1,0.1,15448,11668,0,0
737,Emery,2,5,8,0,0,8.7,131.2,105,0.0,7.7,265500,224959,0,0
762,M.Asensio,2,3,60,0,0,0.3,7.3,44,3.4,2.4,839677,571943,0,0
59,Aarons,3,2,43,-2,0,0.0,1.9,8,2.7,0.1,12506,29224,0,0
60,Adams,3,3,49,-1,0,0.4,11.8,58,2.1,0.1,16849,12793,0,0
61,Anthony,3,3,45,0,0,0.0,0.0,0,0.0,0.1,8381,46624,0,0
62,Brooks,3,3,49,-1,0,0.3,10.6,52,1.8,0.0,9328,8345,0,0
63,Christie,3,3,48,-2,0,0.0,15.8,76,2.6,0.1,50838,63311,0,0
64,Cook,3,3,50,0,0,0.2,16.4,82,2.3,0.1,60667,60285,0,0
65,Enes Ünal,3,4,54,-1,0,0.0,5.9,32,1.9,0.1,47246,47831,0,0
66,Faivre,3,3,50,0,0,0.0,0.0,0,0.0,0.0,23,1460,0,0
67,H.Traorè,3,3,45,0,0,0.0,0.0,0,0.0,0.0,3525,19418,0,0
68,Hill,3,2,39,-1,0,0.0,4.4,17,1.7,0.5,112677,110218,0,0
69,Jebbison,3,4,45,0,0,0.5,4.4,20,1.2,1.1,485696,572087,0,0
70,Kerkez,3,2,53,8,0,0.5,25.3,134,3.5,20.0,3604031,1437233,0,0
71,Kluivert,3,3,59,4,0,0.3,26.8,158,4.6,11.0,5516740,4388704,0,0
72,Mepham,3,2,44,-1,0,0.0,0.0,0,0.0,0.0,287,6330,0,0
74,O.Dango,3,3,45,-5,0,0.0,24.7,111,3.5,0.9,793396,704668,0,0
75,Paulsen,3,1,40,0,0,0.0,0.0,0,0.0,0.0,0,3161,0,0
76,Philip,3,3,48,-2,0,0.0,2.1,10,1.0,0.0,6119,11274,0,0
77,Scott,3,3,47,-3,0,0.1,5.5,26,1.3,0.0,3384,6964,0,0
78,Semenyo,3,3,57,2,0,1.1,28.9,165,4.5,8.0,3623976,2938239,0,0
79,Senesi,3,2,46,-4,0,0.4,6.7,31,1.8,0.3,77865,150049,0,0
80,Sinisterra,3,3,48,-2,0,0.0,4.8,23,1.9,0.1,69200,83138,0,0
81,Smith,3,2,44,-1,0,0.5,13.0,57,2.3,0.1,31246,41429,0,0
83,Tavernier,3,3,54,-1,0,0.6,16.1,87,3.0,0.2,128336,130723,0,0
84,Travers,3,1,44,-1,0,0.0,4.3,19,3.8,0.1,19149,28730,0,0
85,Zabarnyi,3,2,44,-1,0,0.9,21.4,94,2.6,0.5,135190,127667,0,0
152,Arrizabalaga,3,1,46,1,0,0.7,23.0,106,3.4,3.7,838119,497680,0,0
580,Huijsen,3,2,45,0,0,0.7,23.1,104,3.2,5.0,1032680,509350,0,0
592,J.Araujo,3,2,43,-2,0,0.2,2.8,12,1.0,0.1,12390,25151,0,0
599,Dennis,3,1,39,-1,0,0.0,0.0,0,0.0,0.3,47964,44408,0,0
617,Evanilson,3,4,59,-1,0,0.5,21.7,128,4.1,8.5,2362311,1424881,0,0
680,Kinsey,3,2,40,0,0,0.0,0.0,0,0.0,0.0,7631,5215,0,0
687,Winterburn,3,3,45,0,0,0.0,0.9,4,1.0,0.0,3575,2697,0,0
702,Harris,3,2,40,0,0,0.0,0.0,0,0.0,0.0,3804,2322,0,0
707,Rees-Dottin,3,4,45,0,0,0.0,0.2,1,1.0,0.1,18771,13803,0,0
712,Akinmboni,3,2,40,0,0,0.0,0.0,0,0.0,0.0,1907,1169,0,0
713,Soler,3,2,39,-1,0,0.1,0.8,3,1.0,0.0,6116,2877,0,0
722,Adu-Adjei,3,4,45,0,0,0.0,0.0,0,0.0,0.0,9542,5551,0,0
723,Sadi,3,3,45,0,0,0.0,0.0,0,0.0,0.0,847,513,0,0
727,McKenna,3,1,40,0,0,0.0,0.0,0,0.0,0.0,1844,976,0,0
728,Silcott-Duberry,3,3,45,0,0,0.0,0.2,1,1.0,0.0,567,367,0,0
738,Iraola,3,5,11,0,0,6.5,74.5,82,0.0,4.8,82168,87250,0,0
86,Ajer,4,2,44,-1,0,0.0,8.9,39,1.6,0.2,43811,65694,0,0
87,Brierley,4,3,44,-1,0,0.0,0.0,0,0.0,0.1,14687,16742,0,0
88,Collins,4,2,46,1,0,1.0,27.6,127,3.3,4.5,992798,568992,0,0
89,Damsgaard,4,3,49,-1,0,0.6,26.7,131,3.4,1.2,519677,410351,0,0
90,Dasilva,4,3,48,-2,0,0.0,0.0,0,0.0,0.0,512,1162,0,0
91,Flekken,4,1,45,0,0,1.2,30.7,138,3.7,10.0,1835614,1826995,0,0
92,Henry,4,2,43,-2,0,0.1,0.9,4,0.8,0.0,3031,8361,0,0
93,Hickey,4,2,43,-2,0,0.0,0.0,0,0.0,0.0,874,3168,0,0
94,Janelt,4,3,48,-2,0,0.0,15.2,73,2.3,0.2,112872,118953,0,0
95,Jensen,4,3,53,-2,0,0.2,7.2,38,1.6,0.1,9229,22220,0,0
96,Ji-soo,4,2,39,-1,0,0.0,0.8,3,1.0,0.3,50776,51743,0,0
97,Konak,4,3,44,-1,0,0.1,2.3,10,1.0,0.1,10915,12728,0,0
98,Lewis-Potter,4,3,50,0,0,0.3,18.8,94,2.5,0.1,30934,29883,0,0
99,Mbeumo,4,3,83,13,0,0.6,28.4,236,6.2,46.7,10656539,6074146,0,0
100,Mee,4,2,42,-3,0,0.0,2.1,9,1.3,0.3,31324,91112,0,0
101,Nørgaard,4,3,48,-2,0,0.9,22.3,107,3.1,0.2,68895,64300,0,0
102,Onyeka,4,3,49,-1,0,0.0,0.4,2,1.0,0.0,648,3965,0,0
103,Peart-Harris,4,3,45,0,0,0.0,0.0,0,0.0,0.0,913,4730,0,0
104,Pinnock,4,2,44,-1,0,0.0,10.7,47,2.1,0.3,187732,211708,0,0
105,Roerslev,4,2,43,-2,0,0.0,8.4,36,1.9,0.1,18746,24856,0,0
106,Schade,4,3,53,-2,0,1.4,28.1,149,3.9,3.3,707168,354286,0,0
107,Thiago,4,4,59,-1,0,0.1,1.5,9,1.1,0.0,4919,6322,0,0
108,Toney,4,4,73,-2,0,0.0,0.0,0,0.0,1.1,43376,805864,0,0
109,Valdimarsson,4,1,39,-1,0,0.0,0.5,2,1.0,2.9,477163,564324,0,0
110,Wissa,4,4,69,9,0,0.8,26.8,185,5.3,24.2,6186462,3862721,0,0
111,Yarmoliuk,4,3,43,-2,0,0.5,10.0,43,1.4,2.3,602607,665058,0,0
112,Zanka,4,2,45,0,0,0.0,0.0,0,0.0,0.0,0,4144,0,0
314,Carvalho,4,3,45,-5,0,0.0,7.8,35,1.8,0.4,187015,293210,0,0
338,Van den Berg,4,2,41,1,0,0.7,15.1,62,2.0,1.5,674947,577807,0,0
602,Trevitt,4,3,44,-1,0,0.0,0.2,1,1.0,0.0,9155,10397,0,0
634,G.Nunes,4,3,49,-1,0,0.0,0.6,3,1.0,0.0,591,567,0,0
649,Meghoma,4,2,40,0,0,0.0,0.2,1,1.0,0.0,5922,6248,0,0
661,Yogane,4,3,45,0,0,0.0,0.0,0,0.0,0.0,2806,2649,0,0
674,Maghoma,4,3,45,0,0,0.0,1.8,8,1.0,0.0,2058,1510,0,0
705,Arthur,4,2,40,0,0,0.0,0.0,0,0.0,0.0,3902,2289,0,0
752,Frank,4,5,8,0,0,11.2,145.0,116,0.0,15.1,50312,45259,0,0
757,Kayode,4,2,45,0,0,0.9,6.0,27,2.2,0.1,21242,7111,0,0
759,Eyestone,4,1,40,0,0,0.0,0.0,0,0.0,0.0,851,466,0,0
780,Morgan,4,4,45,0,0,0.0,0.0,0,0.0,0.0,4396,2127,0,0
786,Benjamin Fredrick,4,2,40,0,0,0.0,0.0,0,0.0,0.0,408,193,0,0
113,Adingra,5,3,51,-4,0,0.5,11.8,60,2.1,0.3,120944,158626,0,0
114,Baker-Boaitey,5,3,45,0,0,0.0,0.0,0,0.0,0.0,0,543,0,0
115,Baleba,5,3,50,0,0,0.4,17.4,87,2.6,0.2,70991,63444,0,0
116,Barco,5,2,40,0,0,0.0,0.0,0,0.0,1.9,34254,2012896,0,0
118,Cozier-Duberry,5,3,45,0,0,0.0,0.0,0,0.0,0.0,1560,13783,0,0
119,Dahoud,5,3,49,-1,0,0.0,0.0,0,0.0,0.0,380,2993,0,0
120,Dunk,5,2,42,-3,0,0.1,10.5,44,1.8,2.3,764625,1018224,0,0
122,Estupiñan,5,2,49,-1,0,0.5,12.9,63,2.1,1.3,528145,429681,0,0
124,Gilmour,5,3,50,0,0,0.0,0.6,3,1.5,0.0,2640,16637,0,0
125,Gross,5,3,65,0,0,0.0,0.0,0,0.0,0.0,0,8282,0,0
126,Hinshelwood,5,3,49,-1,0,1.3,18.2,89,3.4,0.1,28419,28532,0,0
127,I.Osman,5,3,50,0,0,0.0,0.0,0,0.0,0.0,0,1155,0,0
128,Igor,5,2,43,-2,0,0.0,4.2,18,1.4,0.1,13630,21072,0,0
129,João Pedro,5,4,55,0,0,0.0,22.9,126,4.7,8.5,5847214,6858157,0,0
130,Kozlowski,5,3,45,0,0,0.0,0.0,0,0.0,0.0,0,97,0,0
131,Lamptey,5,2,44,-1,0,0.1,9.5,42,2.8,0.2,89625,96642,0,0
132,March,5,3,65,0,0,0.0,1.1,7,0.9,0.0,10873,9480,0,0
133,Mazilu,5,3,45,0,0,0.0,0.0,0,0.0,0.0,720,4139,0,0
134,Milner,5,3,50,0,0,0.0,1.2,6,1.5,0.0,5014,10991,0,0
135,Minteh,5,3,48,-7,0,0.8,21.2,102,3.2,1.0,544644,577396,0,0
136,Mitoma,5,3,63,-2,0,0.4,23.0,145,4.0,6.3,3172728,2925901,0,0
137,Moder,5,3,44,-1,0,0.0,0.9,4,1.0,0.4,173459,177871,0,0
138,O’Mahony,5,4,45,0,0,0.0,0.0,0,0.0,0.2,31158,74186,0,0
139,Offiah,5,2,40,0,0,0.0,0.0,0,0.0,0.1,2639,13830,0,0
140,Peupion,5,3,44,-1,0,0.0,0.0,0,0.0,0.0,10268,12436,0,0
141,Sarmiento,5,3,49,-1,0,0.0,0.2,1,1.0,0.0,354,2972,0,0
142,Steele,5,1,40,-5,0,0.0,2.2,9,4.5,0.7,300194,351203,0,0
143,Undav,5,4,55,0,0,0.0,0.0,0,0.0,0.0,0,1477,0,0
144,Van Hecke,5,2,45,0,0,0.7,19.3,87,2.6,0.7,322311,294037,0,0
145,Veltman,5,2,43,-2,0,0.0,13.7,59,2.8,1.1,646181,667942,0,0
146,Verbruggen,5,1,45,0,0,0.8,22.9,103,2.9,2.5,807148,622236,0,0
147,Webster,5,2,43,-2,0,0.7,9.1,39,2.8,0.1,15333,20702,0,0
148,Welbeck,5,4,55,0,0,0.7,22.7,125,4.2,6.9,4226056,3901262,0,0
149,Wieffer,5,3,47,-3,0,0.6,11.1,52,2.1,0.1,17416,22295,0,0
595,Gruda,5,3,54,-1,0,0.7,8.3,45,2.1,0.1,7431,5258,0,0
600,Ayari,5,3,50,0,0,0.7,14.8,74,2.2,0.1,9500,7123,0,0
601,Moran,5,3,50,0,0,0.0,0.0,0,0.0,0.0,24,534,0,0
615,Rushworth,5,1,39,-1,0,0.0,0.0,0,0.0,0.1,12682,11012,0,0
618,Georginio,5,3,50,-5,0,0.0,19.0,95,3.4,0.3,360345,341583,0,0
628,F.Kadıoğlu,5,2,44,-1,0,0.0,4.3,19,3.2,0.1,74231,72494,0,0
629,O'Riley,5,3,55,0,0,0.6,9.1,50,2.4,0.0,20543,18525,0,0
663,Samuels,5,2,40,0,0,0.0,0.0,0,0.0,0.0,5264,5277,0,0
668,Cahill,5,1,39,-1,0,0.0,0.0,0,0.0,0.9,183556,101541,0,0
681,McConville,5,2,40,0,0,0.0,0.0,0,0.0,0.0,1473,1598,0,0
685,Slater,5,2,40,0,0,0.0,0.0,0,0.0,0.0,3069,2307,0,0
714,Gómez,5,3,55,0,0,0.6,5.5,30,1.9,0.0,2664,1792,0,0
739,Hürzeler,5,5,11,0,0,10.9,108.2,119,0.0,2.3,67399,31537,0,0
758,Knight,5,3,45,0,0,0.0,0.0,0,0.0,0.0,629,377,0,0
763,Cashin,5,2,45,0,0,0.0,0.2,1,0.5,0.0,2334,1469,0,0
791,Charlie Tasker,5,2,40,0,0,0.0,0.0,0,0.0,0.0,248,108,0,0
794,Freddie Simmonds,5,2,40,0,0,0.0,0.0,0,0.0,0.0,148,64,0,0
795,Harry Howell,5,3,45,0,0,0.0,0.2,1,1.0,0.0,157,48,0,0
150,Andrey Santos,6,3,45,0,0,0.0,0.0,0,0.0,0.0,0,631,0,0
151,Ângelo,6,3,45,0,0,0.0,0.0,0,0.0,0.1,5940,30655,0,0
153,B.Badiashile,6,2,42,-3,0,0.0,1.7,7,1.4,0.1,12686,22025,0,0
154,Bergström,6,1,39,-1,0,0.0,0.0,0,0.0,0.2,25963,28478,0,0
155,Bettinelli,6,1,39,-1,0,0.0,0.0,0,0.0,0.4,34216,36904,0,0
157,Caicedo,6,3,49,-1,0,0.7,20.0,98,2.6,1.0,294654,289677,0,0
158,Casadei,6,3,44,-1,0,0.0,0.0,0,0.0,0.1,23729,31224,0,0
159,Chalobah,6,2,44,-1,0,0.2,21.1,93,3.7,0.7,279303,230679,0,0
161,Chukwuemeka,6,3,47,-3,0,0.0,0.0,0,0.0,0.0,4843,8839,0,0
162,Colwill,6,2,44,-1,0,1.3,24.8,109,3.1,2.4,1105860,958654,0,0
163,Cucurella,6,2,54,4,0,1.2,24.6,133,3.7,11.8,2224687,1662071,0,0
164,D.D.Fofana,6,4,54,-1,0,0.0,0.0,0,0.0,0.1,4727,15354,0,0
165,Deivid,6,4,49,-1,0,0.0,0.0,0,0.0,0.1,17623,23659,0,0
166,Dewsbury-Hall,6,3,55,-5,0,0.0,3.3,18,1.4,0.1,8266,28271,0,0
168,Enzo,6,3,47,-3,0,0.9,28.7,135,3.8,4.1,1865471,1635475,0,0
169,Gallagher,6,3,59,-1,0,0.0,0.0,0,0.0,0.1,1567,72833,0,0
170,Gilchrist,6,2,40,0,0,0.0,0.0,0,0.0,0.0,0,7629,0,0
171,Gusto,6,2,49,-1,0,0.2,12.2,60,1.9,1.4,368106,563610,0,0
172,James,6,2,48,-2,0,0.9,11.2,54,2.8,1.1,297018,211689,0,0
173,Kellyman,6,3,43,-2,0,0.0,0.0,0,0.0,0.1,16024,14665,0,0
174,Lavia,6,3,45,0,0,0.4,5.8,26,1.6,0.4,191344,265669,0,0
175,Lukaku,6,4,63,-2,0,0.0,0.0,0,0.0,0.2,8049,61765,0,0
176,M.Sarr,6,2,45,0,0,0.0,0.0,0,0.0,0.0,0,457,0,0
177,Madueke,6,3,60,-5,0,0.4,20.0,120,3.8,3.2,2492829,2378242,0,0
178,Marc Guiu,6,4,47,-3,0,0.0,0.6,3,1.0,0.5,114268,161747,0,0
179,Mudryk,6,3,61,-4,0,0.0,1.1,7,1.0,0.2,18933,44003,0,0
180,N.Jackson,6,4,77,2,0,0.0,15.7,121,4.0,6.2,5372437,5139743,0,0
181,Nkunku,6,3,57,-8,0,0.0,10.5,60,2.2,2.0,423231,1768345,0,0
182,Palmer,6,3,105,0,0,0.4,20.4,214,5.8,34.3,7552330,7950784,0,0
183,Petrović,6,1,44,-1,0,0.0,0.0,0,0.0,0.1,2753,64997,0,0
184,Renato Veiga,6,3,44,-1,0,0.0,1.6,7,1.0,0.1,41967,45887,0,0
185,Sánchez,6,1,45,0,0,0.9,28.0,126,3.9,6.2,2374350,2101220,0,0
187,Tosin,6,2,42,-3,0,0.8,16.9,71,3.2,0.3,101592,94547,0,0
189,W.Fofana,6,2,43,-2,0,0.0,6.0,26,1.9,0.2,86707,109766,0,0
386,Sancho,6,3,62,-3,0,0.2,13.9,86,2.8,0.9,513047,498708,0,0
560,Neto,6,3,61,-4,0,0.7,17.0,104,3.0,1.4,588496,571738,0,0
575,Wiley,6,2,40,0,0,0.0,0.0,0,0.0,0.0,0,3964,0,0
581,Jørgensen,6,1,42,-3,0,0.0,4.3,18,3.0,0.4,122385,123731,0,0
621,João Félix,6,3,59,-6,0,0.0,4.1,24,2.0,0.4,163911,170986,0,0
695,Rak-Sakyi,6,3,45,0,0,0.0,0.0,0,0.0,0.0,694,502,0,0
696,George,6,3,45,0,0,0.2,3.8,17,2.1,0.0,4403,2304,0,0
697,Acheampong,6,2,40,0,0,0.0,1.0,4,1.0,0.1,14436,10420,0,0
740,Maresca,6,5,15,0,0,4.5,62.7,94,0.0,1.7,70327,37890,0,0
771,Amougou,6,3,45,0,0,0.0,0.2,1,1.0,0.0,412,240,0,0
774,Anselmino,6,2,40,0,0,0.0,0.0,0,0.0,0.0,480,304,0,0
781,Mheuka,6,4,45,0,0,0.0,0.2,1,1.0,0.0,5840,3217,0,0
782,Samuels-Smith,6,2,40,0,0,0.0,0.0,0,0.0,0.0,372,181,0,0
787,Genesis Antwi,6,2,40,0,0,0.0,0.0,0,0.0,0.0,225,113,0,0
11,Nketiah,7,4,59,-1,0,0.6,9.0,53,1.8,0.7,332394,321499,0,0
160,Chilwell,7,2,46,-4,0,0.4,2.8,13,1.6,0.5,56707,110689,0,0
190,Ahamada,7,3,45,0,0,0.0,0.0,0,0.0,0.1,6178,35185,0,0
193,C.Doucouré,7,3,48,-2,0,0.0,4.0,19,1.5,0.0,12980,20016,0,0
194,C.Richards,7,2,44,-1,0,0.6,15.5,68,2.8,0.2,39594,40987,0,0
195,Chadi Riad,7,2,43,-2,0,0.0,0.2,1,1.0,0.0,2767,14454,0,0
196,Clyne,7,2,43,-2,0,0.0,4.2,18,1.4,0.1,10509,15927,0,0
197,Ebiowei,7,3,45,0,0,0.0,0.0,0,0.0,0.0,0,481,0,0
199,Eze,7,3,70,0,0,1.3,21.1,148,4.4,14.6,3030839,4722130,0,0
200,Guéhi,7,2,47,2,0,0.5,24.7,116,3.4,5.7,1349618,1494548,0,0
201,Henderson,7,1,46,1,0,0.7,29.3,135,3.6,11.7,1875205,2293286,0,0
202,Holding,7,2,42,-3,0,0.0,0.0,0,0.0,0.1,3729,10465,0,0
203,Hughes,7,3,49,-1,0,0.4,13.7,67,2.0,0.0,14203,16110,0,0
205,Kamada,7,3,51,-4,0,0.2,8.8,45,1.3,0.1,16667,62189,0,0
206,Lerma,7,3,48,-2,0,0.4,12.1,58,1.8,0.1,14286,16376,0,0
207,Mateta,7,4,75,0,0,0.2,20.0,150,4.1,8.3,4153805,3894652,0,0
208,M.França,7,3,44,-1,0,0.1,2.0,9,2.2,0.2,125961,120611,0,0
209,Matthews,7,1,39,-1,0,0.0,0.0,0,0.0,0.4,38649,92806,0,0
210,Mitchell,7,2,48,-2,0,0.8,25.6,123,3.3,2.1,412152,434799,0,0
211,Muñoz,7,2,52,2,0,0.7,27.3,142,3.8,19.3,3673253,1971404,0,0
212,Ozoh,7,3,45,0,0,0.0,0.0,0,0.0,0.0,0,313,0,0
213,Rak-Sakyi,7,3,45,0,0,0.0,0.0,0,0.0,0.0,755,19767,0,0
214,Schlupp,7,3,46,-4,0,0.0,2.6,12,1.0,0.0,10674,18423,0,0
215,Ward,7,2,43,-2,0,0.0,0.2,1,0.5,0.1,5123,14353,0,0
216,Wharton,7,3,47,-3,0,0.2,8.9,42,2.1,0.1,23205,58123,0,0
445,Turner,7,1,39,-1,0,0.0,0.0,0,0.0,7.2,321661,1380507,0,0
585,I.Sarr,7,3,55,-5,0,1.0,27.1,149,3.9,5.3,2403131,1870962,0,0
644,Umeh-Chibueze,7,3,44,-1,0,0.0,0.0,0,0.0,0.0,8400,6492,0,0
645,Devenny,7,3,45,0,0,0.3,7.6,34,1.5,0.1,41584,34933,0,0
646,Agbinone,7,3,45,0,0,0.0,0.4,2,1.0,0.0,9074,8035,0,0
647,Rodney,7,3,45,0,0,0.0,0.0,0,0.0,0.0,4797,4004,0,0
650,Lacroix,7,2,45,0,0,0.6,25.3,114,3.3,0.9,224879,141184,0,0
666,Kporha,7,2,40,0,0,0.0,0.5,2,1.0,0.0,6072,5226,0,0
676,Marsh,7,4,45,0,0,0.0,0.0,0,0.0,0.2,90714,71865,0,0
730,Esse,7,3,47,-3,0,0.6,4.7,22,3.1,0.1,22951,18038,0,0
741,Glasner,7,5,8,0,0,11.9,160.0,128,0.0,1.9,217927,141220,0,0
156,Broja,8,4,53,-2,0,0.0,2.3,12,1.2,0.1,13420,19014,0,0
217,A.Doucoure,8,3,51,-4,0,0.4,18.4,94,2.8,0.5,164611,165308,0,0
218,Beto,8,4,48,-2,0,0.9,18.1,87,2.9,3.9,1436358,1072086,0,0
219,Branthwaite,8,2,49,-1,0,0.4,18.0,88,2.9,1.9,382261,419180,0,0
220,Calvert-Lewin,8,4,54,-6,0,0.2,11.7,63,2.4,1.0,1022531,1136648,0,0
221,Coleman,8,2,43,-2,0,0.1,1.2,5,1.0,0.0,6327,8964,0,0
222,Gana,8,3,48,-2,0,0.5,18.5,89,2.4,0.2,115257,106249,0,0
223,Garner,8,3,49,-1,0,0.4,8.6,42,2.0,0.0,3724,4907,0,0
224,Harrison,8,3,52,-3,0,0.3,15.6,81,2.4,0.2,44264,49932,0,0
225,Holgate,8,2,40,0,0,0.0,0.2,1,1.0,0.1,11786,52358,0,0
226,Iroegbunam,8,3,43,-2,0,0.1,5.1,22,1.2,0.6,278892,252681,0,0
227,J.Virginia,8,1,38,-2,0,0.0,0.0,0,0.0,1.0,132962,92376,0,0
228,Keane,8,2,38,-2,0,1.1,12.6,48,3.4,4.3,1676451,1471444,0,0
229,Maupay,8,4,49,-1,0,0.0,0.0,0,0.0,0.2,20402,164668,0,0
230,McNeil,8,3,51,-4,0,1.0,18.2,93,4.4,1.4,1765302,1751563,0,0
231,Mykolenko,8,2,44,-1,0,1.4,27.5,121,3.5,6.7,1637298,1780064,0,0
232,Ndiaye,8,4,52,-3,0,0.9,21.9,114,3.5,1.1,1109282,1023439,0,0
234,Patterson,8,2,44,-1,0,0.2,3.2,14,1.4,0.0,4539,5161,0,0
235,Pickford,8,1,52,2,0,1.1,30.4,158,4.2,15.9,2522034,2440525,0,0
236,Tarkowski,8,2,47,-3,0,0.0,22.3,105,3.2,1.6,591473,656707,0,0
237,Y. Chermiti,8,4,49,-1,0,0.0,0.6,3,0.8,0.0,5007,5447,0,0
238,Young,8,2,42,-3,0,0.9,23.3,98,3.1,1.4,684951,588875,0,0
450,Alcaraz,8,3,47,-3,0,1.1,9.4,44,2.8,0.1,19296,23986,0,0
577,Lindstrøm,8,3,50,-5,0,0.0,8.8,44,1.8,0.1,12791,22934,0,0
582,O'Brien,8,2,45,-5,0,0.7,14.4,65,3.2,0.9,162770,102834,0,0
603,Armstrong,8,3,44,-1,0,0.0,0.5,2,0.7,0.1,35572,40178,0,0
614,Metcalfe,8,3,45,0,0,0.0,0.0,0,0.0,0.0,777,1082,0,0
624,Begovic,8,1,40,0,0,0.0,0.0,0,0.0,0.2,42657,30904,0,0
627,Dixon,8,2,39,-1,0,0.0,0.0,0,0.0,0.1,12908,11832,0,0
651,Mangala,8,3,50,0,0,0.0,7.8,39,2.1,0.0,5164,5312,0,0
678,Bates,8,3,45,0,0,0.0,0.0,0,0.0,0.0,2756,2261,0,0
724,Sherif,8,4,45,0,0,0.0,0.0,0,0.0,0.1,18902,11542,0,0
742,Moyes,8,5,5,0,0,21.6,274.0,137,0.0,5.3,108022,328356,0,0
773,Heath,8,3,45,0,0,0.0,0.0,0,0.0,0.0,281,189,0,0
775,Coby Ebere,8,3,45,0,0,0.0,0.0,0,0.0,0.0,287,194,0,0
803,Welch,8,2,40,0,0,0.0,0.0,0,0.0,0.0,0,0,0,0
10,Nelson,9,3,50,0,0,0.0,5.4,27,2.2,0.0,16146,18679,0,0
19,Smith Rowe,9,3,50,-5,0,0.4,22.8,114,3.4,7.3,3645005,4579201,0,0
191,Andersen,9,2,42,-3,0,0.2,12.1,51,1.7,3.4,273468,1719354,0,0
239,Adama,9,3,45,-5,0,0.7,21.1,95,2.6,1.4,845435,780837,0,0
240,Andreas,9,3,49,-6,0,0.2,16.5,81,2.5,0.8,155487,444489,0,0
241,Bassey,9,2,45,0,0,0.2,16.7,75,2.1,0.6,131118,112970,0,0
242,Benda,9,1,39,-1,0,0.0,0.0,0,0.0,0.3,34233,46110,0,0
243,Cairney,9,3,48,-2,0,0.5,6.9,33,1.3,0.0,4648,6915,0,0
244,Castagne,9,2,42,-3,0,0.0,11.0,46,1.9,0.8,237055,426100,0,0
245,Diop,9,2,43,-2,0,0.0,7.2,31,1.5,0.2,30390,39287,0,0
246,Harris,9,3,45,0,0,0.0,0.0,0,0.0,0.0,0,989,0,0
247,Iwobi,9,3,54,-1,0,0.3,28.9,156,4.1,4.9,2296894,1860229,0,0
248,Leno,9,1,50,0,0,0.6,23.0,115,3.0,2.9,594796,587626,0,0
249,Lukić,9,3,48,-2,0,0.3,11.7,56,1.9,0.0,8290,10980,0,0
250,Mbabu,9,2,40,0,0,0.0,0.0,0,0.0,0.1,8149,45321,0,0
251,Muniz,9,4,55,-5,0,0.0,15.6,86,2.8,1.4,857876,1390576,0,0
252,Raúl,9,4,53,-2,0,1.0,27.7,147,3.9,5.0,3582710,3157881,0,0
253,Ream,9,2,45,0,0,0.0,0.0,0,0.0,0.0,0,1226,0,0
254,Reed,9,3,47,-3,0,0.0,2.1,10,0.8,0.0,3096,6061,0,0
255,Robinson,9,2,47,2,0,0.2,22.6,106,2.9,15.2,4106887,3466264,0,0
256,Stansfield,9,4,50,0,0,0.0,0.2,1,1.0,0.0,4673,12134,0,0
257,Tete,9,2,44,-1,0,0.2,11.1,49,2.2,0.2,61052,73652,0,0
258,Vinicius,9,4,50,0,0,0.0,0.6,3,1.0,0.3,60968,101071,0,0
259,Wilson,9,3,52,-3,0,0.6,15.0,78,3.1,0.2,190092,195649,0,0
579,Sessegnon,9,2,42,-3,0,0.2,13.6,57,3.6,2.6,405099,133027,0,0
586,J.Cuenca,9,2,44,-1,0,0.1,2.0,9,1.1,0.0,2712,6464,0,0
604,King,9,3,44,-1,0,0.2,2.3,10,1.2,0.1,16729,17486,0,0
605,Godo,9,3,44,-1,0,0.0,0.5,2,1.0,0.0,7523,7684,0,0
622,Berge,9,3,50,0,0,0.2,10.6,53,1.7,0.0,4941,4554,0,0
690,Amissah,9,2,40,0,0,0.0,0.0,0,0.0,0.0,4820,3962,0,0
753,Silva,9,5,11,0,0,2.3,85.5,94,0.0,0.3,27889,19979,0,0
772,Willian,9,3,50,0,0,0.1,2.6,13,1.3,0.0,2516,1630,0,0
121,Enciso,10,3,54,-1,0,0.6,10.9,59,2.4,0.2,51759,38911,0,0
260,Al-Hamadi,10,4,47,-3,0,0.0,1.7,8,0.7,0.2,61694,88018,0,0
261,Baggott,10,2,40,0,0,0.0,0.0,0,0.0,0.0,0,2914,0,0
262,Broadhead,10,3,49,-1,0,0.4,7.6,37,2.1,0.0,2574,3241,0,0
263,Burgess,10,2,38,-2,0,0.4,6.8,26,1.4,1.8,479374,340013,0,0
264,Burns,10,3,47,-3,0,0.0,6.4,30,1.7,0.0,5890,13279,0,0
265,Chaplin,10,3,51,-4,0,0.2,8.0,41,1.9,0.1,8181,27519,0,0
266,H.Clarke,10,2,40,0,0,0.0,0.2,1,0.1,0.0,10773,12416,0,0
267,Davis,10,2,42,-3,0,0.1,12.4,52,1.6,0.9,362293,455616,0,0
268,Delap,10,4,56,1,0,0.2,23.6,132,3.6,3.3,1775209,1506229,0,0
269,Edmundson,10,2,40,0,0,0.0,0.2,1,1.0,0.1,2076,15347,0,0
270,Greaves,10,2,38,-2,0,0.3,9.7,37,1.5,2.3,1028861,859991,0,0
271,Harness,10,3,49,-1,0,0.0,0.4,2,1.0,0.0,347,2455,0,0
272,Hirst,10,4,54,-1,0,0.4,8.5,46,1.8,0.1,18444,16138,0,0
273,Humphreys,10,3,45,0,0,0.0,0.0,0,0.0,0.0,651,5245,0,0
274,Hutchinson,10,3,52,-3,0,0.5,16.9,88,2.8,0.3,92077,127096,0,0
275,Johnson,10,2,38,-2,0,0.1,7.9,30,1.3,1.9,408301,573924,0,0
276,Ladapo,10,4,45,0,0,0.0,0.0,0,0.0,0.4,59882,220762,0,0
277,Luongo,10,3,43,-2,0,0.1,3.0,13,1.2,0.2,77503,92221,0,0
278,Morsy,10,3,48,-2,0,0.4,14.0,67,2.0,0.1,48956,61858,0,0
279,Ndaba,10,2,40,0,0,0.0,0.0,0,0.0,0.0,0,649,0,0
280,Slicker,10,1,39,-1,0,0.0,0.0,0,0.0,0.6,53302,83581,0,0
281,Taylor,10,3,48,-2,0,0.3,7.9,38,1.2,0.0,3535,5371,0,0
282,Tuanzebe,10,2,39,-1,0,0.3,6.9,27,1.2,1.2,445433,455157,0,0
283,Walton,10,1,43,-2,0,0.1,3.7,16,2.3,0.2,23977,33652,0,0
284,Woolfenden,10,2,39,-1,0,0.1,4.6,18,1.2,1.2,136211,161319,0,0
359,Phillips,10,3,48,-2,0,0.0,5.6,27,1.4,0.1,6846,14049,0,0
568,Muric,10,1,44,-1,0,0.0,11.1,49,2.7,0.4,199421,207808,0,0
569,Jaden,10,3,53,-2,0,0.0,7.0,37,1.8,0.1,10338,15335,0,0
583,Townsend,10,2,39,-1,0,0.0,2.8,11,1.8,0.5,74790,70239,0,0
611,Szmodics,10,3,57,-3,0,0.0,9.5,54,2.7,0.1,109552,118909,0,0
619,Cajuste,10,3,45,0,0,0.5,14.0,63,2.1,0.1,49455,38904,0,0
630,O'Shea,10,2,38,-2,0,0.3,12.9,49,1.4,1.2,409893,288258,0,0
631,J.Clarke,10,3,54,-1,0,0.2,9.8,53,1.7,0.0,10157,9779,0,0
632,Ogbene,10,3,48,-2,0,0.0,1.5,7,1.4,0.0,2873,2908,0,0
715,Godfrey,10,2,40,0,0,0.0,-0.2,-1,-0.3,0.0,7893,4739,0,0
743,McKenna,10,5,5,0,0,3.0,102.0,51,0.0,0.4,28024,9973,0,0
764,Palmer,10,1,45,0,0,0.3,4.9,22,1.7,0.1,22477,12319,0,0
799,Boniface,10,2,40,0,0,0.0,0.0,0,0.0,0.0,653,311,0,0
800,Tom Taylor,10,3,45,0,0,0.0,0.0,0,0.0,0.0,211,62,0,0
117,Buonanotte,11,3,45,-5,0,0.4,16.7,75,2.4,0.4,479398,461509,0,0
192,J.Ayew,11,3,51,-4,0,0.7,14.7,75,2.4,0.2,38197,69065,0,0
198,Edouard,11,4,51,-4,0,0.0,1.4,7,1.2,0.2,44591,102619,0,0
285,B.Soumaré,11,3,44,-1,0,0.4,10.9,48,1.5,0.3,107787,102520,0,0
286,Cannon,11,4,45,0,0,0.0,0.0,0,0.0,0.3,49177,156745,0,0
287,Choudhury,11,3,44,-1,0,0.0,0.9,4,1.0,1.0,474957,413990,0,0
288,Coady,11,2,40,0,0,1.4,9.8,39,1.8,0.5,87413,67838,0,0
289,Daka,11,4,48,-2,0,0.2,7.1,34,1.5,0.5,233645,216761,0,0
290,De Cordova-Reid,11,3,52,-3,0,0.0,9.2,48,2.1,0.1,9853,20982,0,0
291,Faes,11,2,38,-2,0,1.1,14.5,55,1.6,5.2,1556642,1726298,0,0
292,Golding,11,3,44,-1,0,0.0,0.2,1,1.0,0.2,48160,43935,0,0
293,Hermansen,11,1,44,-1,0,0.0,14.3,63,2.3,0.4,131552,153449,0,0
294,Iversen,11,1,39,-1,0,0.0,0.0,0,0.0,0.7,86007,88299,0,0
295,Justin,11,2,41,-4,0,1.2,17.1,70,1.9,1.2,682625,615963,0,0
296,Kristiansen,11,2,44,-1,0,0.1,7.7,34,1.1,0.1,20110,26887,0,0
297,Marcal,11,3,45,0,0,0.0,0.0,0,0.0,0.0,754,4577,0,0
298,Mavididi,11,3,50,-5,0,0.0,14.4,72,2.4,0.3,179589,212909,0,0
299,McAteer,11,3,47,-3,0,0.7,7.4,35,1.9,0.0,12054,13913,0,0
300,Ndidi,11,3,49,-1,0,0.6,13.1,64,2.3,0.2,109043,117372,0,0
301,Okoli,11,2,40,0,0,0.0,6.8,27,1.4,0.4,177251,162016,0,0
302,Ricardo,11,2,41,-4,0,0.0,2.4,10,1.0,0.1,6244,22844,0,0
303,Souttar,11,2,40,0,0,0.0,0.0,0,0.0,0.0,0,1567,0,0
304,Stolarczyk,11,1,40,0,0,1.0,6.2,25,2.5,0.5,114312,65438,0,0
305,Thomas,11,2,39,-1,0,1.1,6.9,27,1.9,1.4,281083,208973,0,0
306,Vardy,11,4,54,-1,0,1.0,23.7,128,3.7,5.2,2836717,2699707,0,0
307,Vestergaard,11,2,39,-1,0,0.0,2.8,11,0.6,1.5,315281,357591,0,0
308,Ward,11,1,39,-1,0,0.0,0.5,2,1.0,2.0,194120,239516,0,0
309,Winks,11,3,43,-2,0,0.0,9.3,40,1.8,4.7,1363301,2210444,0,0
501,Skipp,11,3,47,-3,0,0.4,5.7,27,1.1,0.0,4989,7371,0,0
570,A.Fatawu,11,3,51,-4,0,0.0,5.1,26,2.4,0.2,69378,103265,0,0
606,Alves,11,3,44,-1,0,0.0,0.2,1,1.0,0.1,12604,15458,0,0
616,Nelson,11,2,40,0,0,0.0,0.0,0,0.0,0.0,2208,3803,0,0
635,El Khannouss,11,3,48,-2,0,0.7,17.3,83,2.6,0.2,90294,72462,0,0
694,Cartwright,11,3,45,0,0,0.0,0.0,0,0.0,0.0,926,675,0,0
708,Wilson-Brown,11,2,40,0,0,0.0,0.0,0,0.0,0.0,654,699,0,0
726,Coulibaly,11,2,40,0,0,0.0,0.2,1,0.2,0.0,2815,1797,0,0
754,Van Nistelrooy,11,5,5,0,0,15.0,96.0,48,0.0,0.5,19284,9445,0,0
792,Monga,11,3,45,0,0,0.2,1.6,7,1.0,0.0,418,133,0,0
796,Olabade Aluko,11,2,40,0,0,0.0,0.2,1,1.0,0.0,183,78,0,0
797,Jake Evans,11,3,45,0,0,0.2,0.9,4,1.0,0.0,136,49,0,0
802,Braybrooke,11,3,45,0,0,0.0,0.0,0,0.0,0.0,0,0,0,0
310,A.Becker,12,1,55,0,0,0.5,20.4,112,4.0,8.4,1648407,2025060,0,0
311,Alexander-Arnold,12,2,72,2,0,0.1,20.6,148,4.5,16.7,4729153,6226115,0,0
312,Bajcetic,12,3,45,0,0,0.0,0.0,0,0.0,0.0,2712,17669,0,0
313,Bradley,12,2,47,-3,0,0.4,8.7,41,2.2,1.2,215316,154916,0,0
315,Clark,12,3,45,0,0,0.0,0.0,0,0.0,0.0,444,5344,0,0
316,Darwin,12,4,70,-5,0,0.1,9.4,66,2.2,1.9,434512,837315,0,0
317,Diogo J.,12,3,72,-3,0,0.1,12.1,87,3.3,2.6,1300571,2696667,0,0
318,Doak,12,3,45,0,0,0.0,0.0,0,0.0,0.0,1136,5680,0,0
319,Elliott,12,3,52,-3,0,0.8,6.3,33,1.8,0.3,28158,120107,0,0
320,Endo,12,3,46,-4,0,0.2,4.6,21,1.1,0.1,22322,35646,0,0
321,Gakpo,12,4,72,-3,0,0.7,17.6,127,3.6,5.4,3485522,3400551,0,0
322,Gomez,12,2,47,-3,0,0.0,3.0,14,1.6,0.4,287500,326431,0,0
323,Gravenberch,12,3,50,0,0,0.2,18.4,92,2.5,0.7,256491,232186,0,0
324,Jones,12,3,53,-2,0,0.3,16.4,87,2.6,0.2,172077,168816,0,0
325,Kelleher,12,1,39,-6,0,0.0,11.5,45,4.5,1.2,792966,744108,0,0
326,Konaté,12,2,53,3,0,0.2,20.0,106,3.4,7.0,3105510,2691589,0,0
327,Luis Díaz,12,3,75,0,0,0.4,24.4,183,5.1,16.8,7399125,6677369,0,0
328,M.Salah,12,3,136,11,0,0.3,25.3,344,9.1,66.3,7064777,3645258,0,0
329,Mac Allister,12,3,62,-3,0,0.2,19.7,122,3.5,1.7,351038,474441,0,0
330,McConnell,12,3,43,-2,0,0.0,0.0,0,0.0,0.1,12191,11729,0,0
331,Morton,12,3,44,-1,0,0.0,0.0,0,0.0,0.1,30396,30939,0,0
332,N.Phillips,12,2,40,0,0,0.0,0.0,0,0.0,0.1,4026,17765,0,0
333,Quansah,12,2,39,-6,0,-0.1,2.3,9,0.7,1.0,342503,825979,0,0
334,R.Williams,12,2,40,0,0,0.0,0.0,0,0.0,0.0,828,14601,0,0
335,Robertson,12,2,58,-2,0,0.3,15.7,91,2.8,4.0,1169940,1300850,0,0
336,Szoboszlai,12,3,61,-4,0,0.6,23.4,143,4.0,2.7,970976,951769,0,0
337,Tsimikas,12,2,46,-4,0,0.1,9.3,43,2.4,0.2,48773,80115,0,0
339,Virgil,12,2,67,7,0,0.3,21.3,143,3.9,25.6,3763048,2640817,0,0
636,Chiesa,12,3,68,-2,0,0.1,1.0,7,1.2,0.2,55709,55187,0,0
660,Jaros,12,1,40,0,0,0.0,0.2,1,1.0,0.1,35776,31786,0,0
669,Davies,12,1,40,0,0,0.0,0.0,0,0.0,0.0,2198,1934,0,0
688,Nyoni,12,3,45,0,0,0.0,0.0,0,0.0,0.0,1051,816,0,0
692,Nallo,12,2,40,0,0,0.0,0.0,0,0.0,0.0,1247,1170,0,0
709,Danns,12,4,45,0,0,0.0,0.2,1,1.0,0.0,6042,5445,0,0
744,Slot,12,5,15,0,0,2.0,78.7,118,0.0,6.3,189785,371985,0,0
340,Akanji,13,2,53,-2,0,0.7,11.5,61,2.3,2.3,435566,725398,0,0
341,Aké,13,2,53,-2,0,0.0,4.7,25,2.5,0.8,73413,279388,0,0
342,Bernardo,13,3,61,-4,0,0.8,18.0,110,3.3,2.8,979839,1228232,0,0
343,Bobb,13,3,47,-3,0,0.0,0.6,3,1.0,0.1,5257,32204,0,0
344,Carson,13,1,39,-1,0,0.0,0.0,0,0.0,0.2,22375,23641,0,0
345,De Bruyne,13,3,95,0,0,0.5,12.0,114,4.1,11.6,2706405,2382547,0,0
346,Doku,13,3,62,-3,0,0.5,14.2,88,3.0,1.7,581377,802508,0,0
347,Ederson M.,13,1,53,-2,0,0.9,20.9,111,4.3,5.7,885490,1169725,0,0
348,Foden,13,3,91,-4,0,0.1,11.5,105,3.8,4.6,1832067,3152061,0,0
349,Grealish,13,3,64,-1,0,0.0,5.9,38,1.9,0.2,55079,64648,0,0
350,Gvardiol,13,2,65,5,0,0.9,23.5,153,4.1,38.6,6026146,5098220,0,0
351,Haaland,13,4,149,-1,0,0.2,12.1,181,5.8,24.0,4294318,7443687,0,0
352,J.Alvarez,13,4,70,0,0,0.0,0.0,0,0.0,0.1,0,29626,0,0
353,João Cancelo,13,2,53,-2,0,0.0,0.0,0,0.0,0.2,4654,78784,0,0
354,Kovačić,13,3,54,-1,0,0.4,20.2,109,3.5,1.2,777810,787720,0,0
355,Lewis,13,2,43,-2,0,0.4,15.3,66,2.4,3.5,2629386,2455882,0,0
356,Matheus N.,13,3,49,-1,0,0.7,16.5,81,3.1,0.2,91520,84423,0,0
357,McAtee,13,3,46,-4,0,0.1,6.7,31,2.1,0.1,31125,30488,0,0
358,Ortega Moreno,13,1,52,-3,0,0.0,6.7,35,2.7,0.7,98398,126640,0,0
360,Rodrigo,13,3,62,-3,0,0.0,0.5,3,1.0,0.8,42024,422926,0,0
361,Rúben,13,2,55,0,0,1.1,16.4,90,3.3,5.5,820491,702651,0,0
362,Stones,13,2,53,-2,0,0.0,5.5,29,2.6,1.0,197218,359413,0,0
363,Walker,13,2,51,-4,0,0.0,2.5,13,0.9,2.5,187185,910764,0,0
571,Savinho,13,3,60,-5,0,0.1,17.7,106,3.7,1.9,1583671,1486188,0,0
607,O’Reilly,13,3,49,-1,0,0.1,6.3,31,3.4,0.2,59628,35497,0,0
625,Gündogan,13,3,63,-2,0,0.9,15.4,97,2.9,0.5,182462,163328,0,0
626,Kaboré,13,2,45,0,0,0.0,0.0,0,0.0,0.0,491,793,0,0
671,Wright,13,3,45,0,0,0.0,0.0,0,0.0,0.0,2083,1974,0,0
672,Simpson-Pusey,13,2,40,0,0,0.0,0.2,1,0.5,0.0,6735,5430,0,0
675,Wilson-Esbrand,13,2,40,0,0,0.0,0.0,0,0.0,0.0,2181,2281,0,0
698,Mubama,13,4,45,0,0,0.0,0.2,1,1.0,0.1,35210,26588,0,0
703,Alleyne,13,2,40,0,0,0.0,0.0,0,0.0,0.0,1377,1053,0,0
704,Brits,13,1,40,0,0,0.0,0.0,0,0.0,0.0,1155,838,0,0
732,Khusanov,13,2,50,0,0,0.0,2.8,14,2.3,0.3,118620,89012,0,0
733,Vitor Reis,13,2,45,0,0,0.0,0.2,1,1.0,0.0,2505,1934,0,0
736,Guardiola,13,5,15,0,0,5.5,75.3,113,0.0,29.2,105807,81844,0,0
755,Marmoush,13,4,74,4,0,0.4,9.9,73,4.6,22.6,5017759,2499361,0,0
765,N.Gonzalez,13,3,60,0,0,0.4,5.2,31,2.8,0.0,8977,6367,0,0
785,Echeverri,13,3,58,-2,0,0.0,0.2,1,1.0,0.0,834,572,0,0
364,Amad,14,3,53,3,0,1.0,24.3,129,5.0,4.1,3991127,4001407,0,0
365,Antony,14,3,57,-3,0,0.0,1.4,8,1.0,0.2,18431,38780,0,0
366,B.Fernandes,14,3,84,-1,0,0.3,20.7,174,4.8,13.7,4812923,5343496,0,0
367,Bayindir,14,1,43,-2,0,0.5,1.9,8,2.0,0.1,13115,17199,0,0
368,Casemiro,14,3,46,-4,0,0.2,10.4,48,2.0,0.4,130546,162297,0,0
369,Dalot,14,2,50,0,0,0.0,19.0,95,2.9,4.7,1487754,1919171,0,0
370,Eriksen,14,3,52,-3,0,0.5,8.7,45,2.0,0.2,25596,38042,0,0
371,Evans,14,2,44,-1,0,0.0,3.4,15,2.1,0.1,9203,17912,0,0
372,Garnacho,14,3,59,-6,0,0.6,18.0,106,2.9,4.7,1273615,2554030,0,0
373,Hannibal,14,3,45,0,0,0.0,0.0,0,0.0,0.0,1740,11919,0,0
374,Heaton,14,1,39,-1,0,0.0,0.0,0,0.0,0.2,23402,25694,0,0
375,Højlund,14,4,69,-1,0,0.2,11.3,78,2.4,1.0,484473,491819,0,0
376,Lindelof,14,2,43,-2,0,0.6,6.3,27,1.7,0.1,5146,18477,0,0
377,Maguire,14,2,49,-1,0,0.4,9.8,48,1.8,0.8,112924,120789,0,0
378,Mainoo,14,3,52,-3,0,0.3,8.1,42,1.7,1.7,157536,627601,0,0
379,Malacia,14,2,44,-1,0,0.0,0.5,2,0.7,0.0,2894,3815,0,0
380,Martinez,14,2,43,-2,0,0.0,15.8,68,3.4,2.2,446424,797446,0,0
381,McTominay,14,3,49,-1,0,0.0,0.4,2,1.0,0.1,6691,93446,0,0
382,Mount,14,3,63,-2,0,0.5,4.0,25,1.5,0.2,22546,33721,0,0
383,Onana,14,1,49,-1,0,0.1,24.5,120,3.5,5.0,1185049,1391174,0,0
384,Pellistri,14,3,50,0,0,0.0,0.0,0,0.0,0.0,61,1930,0,0
387,Shaw,14,2,49,-1,0,0.0,1.0,5,0.7,0.2,9299,68178,0,0
389,Zirkzee,14,4,65,-5,0,0.0,9.8,64,2.0,1.5,545068,705805,0,0
572,Yoro,14,2,43,-2,0,0.0,5.1,22,1.0,0.2,51278,53328,0,0
593,De Ligt,14,2,48,-2,0,0.0,14.2,68,2.3,2.9,622964,850875,0,0
594,Mazraoui,14,2,42,-3,0,0.2,21.0,88,2.4,7.3,3131607,2919466,0,0
613,Collyer,14,3,45,0,0,0.0,1.3,6,1.0,0.0,13833,12624,0,0
648,Wheatley,14,4,45,0,0,0.0,0.0,0,0.0,1.0,465169,400969,0,0
652,Ugarte,14,3,49,-1,0,0.2,10.0,49,1.7,0.1,37579,32816,0,0
658,Heaven,14,2,40,0,0,0.5,2.5,10,2.5,0.1,14638,12121,0,0
667,Fletcher,14,3,45,0,0,0.0,0.0,0,0.0,0.0,1464,1224,0,0
670,Amass,14,2,40,0,0,0.0,1.0,4,0.8,0.1,9825,5357,0,0
673,Fitzgerald,14,3,45,0,0,0.0,0.0,0,0.0,0.0,759,624,0,0
691,Kukonki,14,2,40,0,0,0.0,0.0,0,0.0,0.0,1065,996,0,0
745,Amorim,14,5,8,0,0,7.2,107.5,86,0.0,1.4,44300,38872,0,0
761,Harrison,14,1,40,0,0,0.0,0.0,0,0.0,0.0,667,341,0,0
766,Dorgu,14,2,45,0,0,0.6,4.0,18,1.5,0.2,58352,36066,0,0
776,Obi,14,4,45,0,0,0.2,1.6,7,1.0,0.2,42513,23401,0,0
777,Fredricson,14,2,40,0,0,0.0,0.5,2,1.0,0.0,874,363,0,0
778,Moorhouse,14,3,45,0,0,0.0,0.0,0,0.0,0.0,264,146,0,0
779,Koné,14,3,45,0,0,0.0,0.0,0,0.0,0.0,568,302,0,0
783,Graczyk,14,1,40,0,0,0.0,0.0,0,0.0,0.0,304,144,0,0
788,Dermot Mee,14,1,40,0,0,0.0,0.0,0,0.0,0.0,314,151,0,0
390,A.Murphy,15,2,40,0,0,0.0,0.0,0,0.0,0.5,83269,127160,0,0
391,Almirón,15,3,54,-6,0,0.0,1.9,10,1.1,0.3,42668,118851,0,0
392,Barnes,15,3,59,-6,0,0.4,22.0,130,3.9,4.2,1423799,1039084,0,0
393,Botman,15,2,44,-1,0,0.6,4.1,18,2.2,0.0,17061,15616,0,0
394,Bruno G.,15,3,62,-3,0,0.5,21.8,135,3.6,3.0,590334,632726,0,0
395,Burn,15,2,46,1,0,0.9,25.0,115,3.1,12.6,1915239,2106902,0,0
396,Dúbravka,15,1,40,-5,0,0.0,11.0,44,4.4,1.3,438818,436352,0,0
398,Gordon,15,3,74,-1,0,0.2,16.8,124,3.6,8.0,3569855,5263072,0,0
399,Hall,15,2,47,2,0,0.0,21.7,102,3.8,4.4,3442627,3549842,0,0
400,Hayden,15,3,44,-1,0,0.0,0.0,0,0.0,0.1,11061,14879,0,0
401,Isak,15,4,94,9,0,0.3,22.4,211,6.2,49.4,9425692,9878367,0,0
402,J.Murphy,15,3,52,-3,0,0.5,30.6,159,4.5,14.3,3322876,1910681,0,0
403,Joelinton,15,3,60,0,0,0.0,16.5,99,3.4,1.1,474704,534889,0,0
404,Kelly,15,2,42,-3,0,0.0,2.9,12,1.2,0.1,10682,20855,0,0
405,Krafth,15,2,43,-2,0,0.0,4.0,17,1.4,0.1,13031,21107,0,0
406,Kuol,15,3,44,-1,0,0.0,0.0,0,0.0,0.1,11986,11924,0,0
407,Lascelles,15,2,45,0,0,0.0,0.0,0,0.0,0.0,1352,1207,0,0
408,Lewis,15,2,40,0,0,0.0,0.0,0,0.0,0.1,11493,42382,0,0
409,Livramento,15,2,46,1,0,0.7,22.8,105,2.8,8.9,1595407,772007,0,0
410,Longstaff,15,3,44,-6,0,0.0,7.7,34,1.4,0.3,87114,164578,0,0
411,Miley,15,3,50,0,0,0.1,4.2,21,1.5,0.0,2887,2621,0,0
412,Odysseas,15,1,42,-3,0,0.0,0.0,0,0.0,0.1,3988,11313,0,0
413,Pope,15,1,50,0,0,0.8,20.4,102,3.6,6.1,1190853,1306610,0,0
414,Ruddy,15,1,39,-1,0,0.0,0.0,0,0.0,0.3,26259,31513,0,0
415,Schär,15,2,55,0,0,0.6,21.5,118,3.5,5.0,990239,663107,0,0
416,Targett,15,2,39,-1,0,0.0,0.5,2,1.0,0.3,38664,62158,0,0
417,Tonali,15,3,55,0,0,0.8,19.3,106,2.9,0.9,199691,131918,0,0
418,Trippier,15,2,56,-4,0,0.1,12.9,72,2.9,4.4,607647,1497328,0,0
419,White,15,3,45,0,0,0.0,0.0,0,0.0,0.1,12007,43527,0,0
420,Willock,15,3,47,-3,0,0.1,9.8,46,1.4,0.1,42133,49315,0,0
421,Wilson,15,4,69,-1,0,0.2,2.8,19,1.1,0.2,39423,30840,0,0
574,Pivas,15,2,40,0,0,0.0,0.0,0,0.0,0.1,2653,11837,0,0
590,Osula,15,4,49,-1,0,0.1,3.9,19,1.4,0.2,29094,33291,0,0
746,Howe,15,5,15,0,0,2.3,64.7,97,0.0,2.8,108778,145383,0,0
789,Neave,15,4,45,0,0,0.0,0.0,0,0.0,0.0,2287,1076,0,0
26,Alex Moreno,16,2,42,-3,0,0.0,8.1,34,2.3,0.4,104187,141697,0,0
422,Aina,16,2,53,8,0,0.2,24.2,128,3.7,13.0,5010441,3861843,0,0
423,Anderson,16,3,50,0,0,0.3,21.4,107,2.9,0.3,84054,73428,0,0
424,Awoniyi,16,4,55,-5,0,0.1,5.8,32,1.2,0.3,60961,127645,0,0
425,Boly,16,2,42,-3,0,0.0,1.4,6,1.0,0.1,11976,28480,0,0
426,Bowler,16,3,45,0,0,0.0,0.0,0,0.0,0.0,1220,6572,0,0
427,C.Miguel,16,1,41,-4,0,0.0,0.0,0,0.0,0.1,14594,38857,0,0
428,Da Silva Moreira,16,3,43,-2,0,0.0,0.5,2,1.0,0.1,22201,21652,0,0
429,Danilo,16,3,47,-3,0,0.0,2.3,11,1.4,0.0,3351,7267,0,0
430,Dennis,16,4,49,-1,0,0.0,0.0,0,0.0,0.2,49670,63989,0,0
431,Dominguez,16,3,48,-2,0,0.3,11.2,54,1.6,0.0,7223,8220,0,0
432,Elanga,16,3,55,0,0,0.7,27.8,153,4.0,9.4,2359170,1538449,0,0
433,Gibbs-White,16,3,65,0,0,0.9,23.7,154,4.5,7.4,1860716,1540907,0,0
434,Hudson-Odoi,16,3,51,-4,0,0.1,20.2,103,3.3,1.2,560375,786229,0,0
435,Mighten,16,3,45,0,0,0.0,0.0,0,0.0,0.0,689,4230,0,0
436,Murillo,16,2,47,2,0,0.6,27.7,130,3.6,4.1,1100075,738435,0,0
437,N.Williams,16,2,45,0,0,0.5,24.2,109,3.1,4.0,748496,359156,0,0
438,O.Richards,16,2,45,0,0,0.0,0.0,0,0.0,0.0,33,4929,0,0
439,O'Brien,16,3,50,0,0,0.0,0.0,0,0.0,0.0,0,129,0,0
440,Omobamidele,16,2,42,-3,0,0.0,0.0,0,0.0,0.0,1747,6737,0,0
441,Panzo,16,2,40,0,0,0.0,0.0,0,0.0,0.0,0,140,0,0
442,Sangaré,16,3,43,-2,0,0.4,4.7,20,1.5,1.2,340277,441680,0,0
443,Sels,16,1,52,7,0,0.3,28.8,150,3.9,19.9,3541533,1554132,0,0
444,Toffolo,16,2,42,-3,0,0.0,1.0,4,1.0,0.1,3270,8235,0,0
446,Ui-jo,16,4,45,0,0,0.0,0.0,0,0.0,0.8,317328,410480,0,0
447,Wood,16,4,72,12,0,0.4,27.8,200,5.6,30.8,9787822,7112226,0,0
448,Worrall,16,2,45,0,0,0.0,0.0,0,0.0,0.0,71,5359,0,0
449,Yates,16,3,48,-2,0,0.2,14.0,67,1.9,0.1,61721,68480,0,0
573,Milenković,16,2,52,7,0,0.5,27.9,145,3.9,18.0,3058362,1081740,0,0
596,Jota Silva,16,3,59,-1,0,0.1,8.8,52,1.7,0.1,21924,28282,0,0
620,Sosa,16,3,55,0,0,0.1,4.5,25,1.3,0.1,7803,7637,0,0
653,Morato,16,2,45,0,0,0.0,8.0,36,1.4,0.1,16580,12184,0,0
706,Abbott,16,2,40,0,0,0.0,0.0,0,0.0,0.0,6093,3392,0,0
721,Hennessey,16,1,40,0,0,0.0,0.0,0,0.0,0.0,4330,2467,0,0
747,Nuno,16,5,11,0,0,3.1,70.9,78,0.0,5.0,58457,42087,0,0
14,Ramsdale,17,1,44,-1,0,0.9,22.0,97,3.2,1.3,357661,340586,0,0
27,Archer,17,4,48,-2,0,0.2,11.9,57,1.6,1.1,554350,586667,0,0
188,Ugochukwu,17,3,44,-1,0,0.2,10.7,47,1.8,0.3,81741,85086,0,0
397,Fraser,17,3,48,-2,0,0.0,1.5,7,0.9,0.0,2848,5195,0,0
451,Amo-Ameyaw,17,3,44,-1,0,0.0,0.2,1,0.5,0.1,24416,29770,0,0
452,Aribo,17,3,49,-1,0,0.1,14.7,72,2.2,0.1,22304,24348,0,0
453,Armstrong,17,4,51,-4,0,0.0,8.8,45,2.2,0.5,273688,395522,0,0
454,Bazunu,17,1,43,-2,0,0.0,0.0,0,0.0,0.1,2973,26185,0,0
455,Bednarek,17,2,40,0,0,0.5,15.0,60,2.0,1.9,656501,608177,0,0
456,Bella-Kotchap,17,2,39,-1,0,0.0,0.5,2,0.5,0.4,61408,64327,0,0
457,Bree,17,2,39,-1,0,0.5,5.9,23,1.4,0.3,67204,58176,0,0
458,Charles,17,3,45,0,0,0.0,0.0,0,0.0,0.0,1091,7829,0,0
459,Edozie,17,3,49,-1,0,0.0,0.2,1,0.5,0.0,463,2678,0,0
460,Edwards,17,2,39,-1,0,0.0,0.3,1,1.0,0.2,41084,45255,0,0
461,Harwood-Bellis,17,2,39,-1,0,0.5,14.1,55,1.6,4.1,842314,1404432,0,0
462,Kamaldeen,17,3,50,0,0,0.3,10.6,53,2.0,0.0,9208,8633,0,0
463,Lallana,17,3,50,0,0,0.0,3.4,17,1.2,0.0,4192,6895,0,0
464,Larios,17,2,39,-1,0,0.0,0.0,0,0.0,0.1,6348,10837,0,0
465,Lis,17,1,40,0,0,0.0,0.0,0,0.0,0.1,888,20023,0,0
466,Lumley,17,1,40,0,0,0.0,2.0,8,2.7,0.4,83341,74402,0,0
467,Manning,17,2,43,-2,0,0.1,7.9,34,1.4,0.1,8094,11769,0,0
468,Mara,17,4,50,0,0,0.0,0.0,0,0.0,0.0,782,8361,0,0
469,McCarthy,17,1,42,-3,0,0.0,2.9,12,2.4,0.1,20111,29383,0,0
470,Onuachu,17,4,49,-1,0,0.1,10.4,51,2.0,0.3,92857,81869,0,0
471,Smallbone,17,3,50,0,0,0.2,5.2,26,1.4,0.0,2919,7130,0,0
472,Stephens,17,2,40,0,0,0.4,7.8,31,1.6,0.3,124102,131833,0,0
473,Stewart,17,4,44,-1,0,0.7,4.5,20,1.7,1.7,863984,762190,0,0
474,Sugawara,17,2,42,-3,0,0.0,10.2,43,1.4,0.1,36209,44201,0,0
475,Taylor,17,2,39,-1,0,0.1,1.5,6,0.8,3.0,419661,650430,0,0
476,Walker-Peters,17,2,42,-3,0,0.0,12.9,54,1.6,0.3,58561,82157,0,0
477,Wood,17,2,39,-1,0,0.1,3.6,14,1.3,1.0,126645,158030,0,0
515,Cornet,17,3,47,-3,0,0.0,0.2,1,0.5,0.0,2364,4744,0,0
518,Downes,17,3,47,-3,0,0.4,10.2,48,1.8,0.0,8033,11844,0,0
584,Brereton Díaz,17,3,48,-7,0,0.0,2.7,13,1.3,0.1,22711,83231,0,0
608,Dibling,17,3,43,-2,0,0.3,15.8,68,2.1,1.4,828208,702137,0,0
623,M.Fernandes,17,3,50,0,0,0.6,19.0,95,2.6,0.1,32821,29503,0,0
693,O'Brien-Whitmarsh,17,3,45,0,0,0.0,0.0,0,0.0,0.0,828,796,0,0
718,Welington,17,2,40,0,0,0.5,3.5,14,1.4,0.0,1520,1027,0,0
719,Kayi Sanda,17,2,40,0,0,0.1,0.5,2,1.0,0.0,817,665,0,0
734,Grønbæk,17,3,49,-1,0,0.0,1.2,6,1.5,0.0,1308,1064,0,0
748,Rusk,17,5,5,0,0,5.6,76.0,38,0.0,0.1,3186,2099,0,0
798,Jay Robinson,17,4,44,-1,0,0.2,1.1,5,1.2,0.0,6949,2098,0,0
804,Moore,17,2,40,0,0,0.0,0.0,0,0.0,0.0,0,0,0,0
82,Solanke,18,4,73,-2,0,0.3,14.8,108,4.0,4.7,2826385,5127407,0,0
478,A.Phillips,18,2,40,0,0,0.0,0.0,0,0.0,0.1,8361,44512,0,0
479,Austin,18,1,40,0,0,0.0,0.2,1,1.0,0.4,41189,47044,0,0
480,Bentancur,18,3,49,-1,0,0.1,10.0,49,1.9,0.1,24694,41645,0,0
481,Bergvall,18,3,44,-1,0,0.0,10.0,44,1.6,0.8,253610,268104,0,0
482,Bissouma,18,3,48,-2,0,0.3,10.4,50,1.8,0.2,95124,99052,0,0
483,Bryan,18,3,50,0,0,0.0,0.0,0,0.0,0.0,0,153,0,0
484,Davies,18,2,43,-2,0,0.1,6.5,28,1.6,0.2,19940,32145,0,0
485,Devine,18,3,45,0,0,0.0,0.0,0,0.0,0.0,4716,12913,0,0
486,Dragusin,18,2,43,-2,0,0.0,5.6,24,1.5,0.1,56205,70397,0,0
487,E.Royal,18,2,45,0,0,0.0,0.0,0,0.0,0.0,0,2708,0,0
488,Forster,18,1,43,-2,0,0.0,4.4,19,2.7,0.3,105486,107219,0,0
489,Gray,18,3,46,-4,0,0.4,9.8,45,1.6,0.2,41227,52251,0,0
490,Højbjerg,18,3,50,0,0,0.0,0.0,0,0.0,0.0,0,532,0,0
491,Johnson,18,3,62,-3,0,0.1,22.1,137,4.2,2.3,2279095,2164899,0,0
492,Kulusevski,18,3,62,-3,0,0.1,18.9,117,3.7,2.2,1487786,1561097,0,0
493,Lo Celso,18,3,49,-1,0,0.0,0.0,0,0.0,0.0,2052,10727,0,0
494,Maddison,18,3,74,-1,0,0.0,18.0,133,4.3,3.8,2397921,2588050,0,0
495,Pedro Porro,18,2,52,-3,0,0.0,18.8,98,3.0,16.5,2929653,4727393,0,0
496,Reguilón,18,2,41,-4,0,0.0,0.5,2,0.5,0.2,15797,34314,0,0
497,Richarlison,18,4,68,-2,0,0.1,5.1,35,2.3,0.4,78286,161582,0,0
498,Romero,18,2,49,-1,0,0.0,10.0,49,2.7,3.5,976569,1299371,0,0
499,P.M.Sarr,18,3,47,-3,0,0.3,15.1,71,2.0,0.2,60946,71948,0,0
500,Scarlett,18,4,44,-1,0,0.0,1.4,6,2.0,0.7,150403,103910,0,0
502,Solomon,18,3,54,-1,0,0.0,0.0,0,0.0,0.0,480,5494,0,0
503,Son,18,3,97,-3,0,0.1,13.3,129,4.3,4.1,2141985,2790602,0,0
504,Spence,18,2,44,-1,0,0.2,11.6,51,2.0,0.7,171614,107909,0,0
505,Udogie,18,2,48,-2,0,0.0,9.0,43,1.7,1.5,342074,599230,0,0
506,Van de Ven,18,2,45,0,0,0.0,7.1,32,2.5,2.4,1059189,1529132,0,0
507,Veliz,18,4,50,0,0,0.0,0.0,0,0.0,0.0,0,987,0,0
508,Vicario,18,1,48,-2,0,0.2,13.8,66,2.8,1.8,279535,543983,0,0
509,Werner,18,3,62,-3,0,0.0,5.5,34,1.9,0.1,15034,36838,0,0
510,Whiteman,18,1,39,-1,0,0.0,0.0,0,0.0,1.7,138658,116867,0,0
609,Lankshear,18,4,45,0,0,0.0,0.7,3,1.0,1.0,434203,404613,0,0
610,Moore,18,3,45,0,0,0.3,4.2,19,1.9,0.2,50725,54928,0,0
612,Odobert,18,3,53,-2,0,0.7,6.4,34,2.1,0.0,13405,12863,0,0
683,Olusesi,18,3,45,0,0,0.0,0.0,0,0.0,0.0,1412,1071,0,0
684,Hardy,18,2,40,0,0,0.0,0.0,0,0.0,0.0,3158,2536,0,0
689,Williams-Barnett,18,3,45,0,0,0.0,0.0,0,0.0,0.0,790,802,0,0
699,Dorrington,18,2,40,0,0,0.0,0.2,1,1.0,0.0,1051,1123,0,0
700,King,18,2,40,0,0,0.0,0.0,0,0.0,0.0,2528,1748,0,0
716,Kinsky,18,1,41,-4,0,0.3,4.1,17,2.8,0.1,47681,37037,0,0
717,Yang,18,3,45,0,0,0.0,0.0,0,0.0,0.0,468,417,0,0
729,Ajayi,18,3,45,0,0,0.0,0.0,0,0.0,0.0,1210,705,0,0
749,Postecoglou,18,5,11,0,0,1.1,52.7,58,0.0,1.3,43860,23721,0,0
760,Cassanova,18,2,40,0,0,0.0,0.0,0,0.0,0.0,761,420,0,0
767,Danso,18,2,44,-1,0,0.2,3.6,16,1.6,0.0,9931,7767,0,0
768,Tel,18,3,58,-2,0,0.5,7.2,42,3.2,0.1,46727,36001,0,0
123,Ferguson,19,4,55,0,0,0.0,5.1,28,1.3,0.3,90193,86868,0,0
388,Wan-Bissaka,19,2,45,0,0,1.4,26.2,118,3.3,6.4,1500048,1043373,0,0
511,Álvarez,19,3,50,0,0,0.2,8.0,40,1.4,0.1,16810,21389,0,0
512,Antonio,19,4,52,-3,0,0.0,8.1,42,3.0,0.8,386496,484346,0,0
513,Areola,19,1,42,-3,0,0.7,16.4,69,2.7,7.2,877867,1021415,0,0
514,Bowen,19,3,79,4,0,1.2,24.4,193,5.7,18.0,3689972,2430305,0,0
516,Coufal,19,2,41,-4,0,0.5,6.6,27,1.2,0.4,43051,91093,0,0
517,Cresswell,19,2,39,-1,0,0.6,9.2,36,2.0,1.7,258242,319638,0,0
519,Earthy,19,3,45,0,0,0.0,0.0,0,0.0,0.0,0,8137,0,0
520,Emerson,19,2,44,-1,0,0.2,17.3,76,2.5,0.6,151170,172254,0,0
521,Fabianski,19,1,39,-1,0,0.2,10.0,39,2.8,10.0,1714254,1962090,0,0
522,Foderingham,19,1,42,-3,0,0.0,0.0,0,0.0,0.1,8466,17035,0,0
523,Ings,19,4,48,-2,0,0.0,6.7,32,2.1,1.2,420243,441960,0,0
524,Kilman,19,2,43,-2,0,0.6,19.1,82,2.2,1.3,415682,407010,0,0
525,Kudus,19,3,62,-3,0,0.6,17.1,106,3.3,2.6,474364,1072148,0,0
526,L.Guilherme,19,3,46,-4,0,0.0,2.6,12,1.0,0.0,2619,4989,0,0
527,L.Paquetá,19,3,57,-3,0,0.1,14.0,80,2.4,0.9,241162,359598,0,0
528,Mavropanos,19,2,43,-2,0,0.2,10.5,45,1.4,0.1,22023,27969,0,0
529,N.Aguerd,19,2,44,-1,0,0.0,0.0,0,0.0,0.0,1368,13432,0,0
530,Souček,19,3,48,-2,0,0.8,26.2,126,3.6,1.5,527848,625980,0,0
531,Ward-Prowse,19,3,61,-4,0,0.6,8.4,51,2.1,0.5,38443,177823,0,0
532,Zouma,19,2,44,-1,0,0.0,0.0,0,0.0,0.1,5376,51235,0,0
576,Irving,19,3,47,-3,0,0.0,1.9,9,0.9,0.0,1704,3152,0,0
587,Summerville,19,3,55,-5,0,0.0,6.0,33,1.7,0.3,49684,127893,0,0
588,G.Rodríguez,19,3,48,-2,0,0.4,7.5,36,1.6,0.1,7516,11622,0,0
589,Füllkrug,19,4,67,-3,0,0.2,6.3,42,2.3,0.9,87781,421995,0,0
591,Todibo,19,2,42,-3,0,0.6,12.9,54,2.0,0.3,33130,55887,0,0
643,Casey,19,2,40,0,0,0.0,0.2,1,1.0,0.2,27858,22590,0,0
654,C.Soler,19,3,50,0,0,0.1,9.4,47,1.5,0.0,8771,8042,0,0
677,Scarles,19,2,40,0,0,0.1,7.2,29,1.9,0.1,29121,16993,0,0
686,Mayers,19,2,40,0,0,0.0,0.0,0,0.0,0.0,3113,2552,0,0
701,Orford,19,3,45,0,0,0.0,0.4,2,1.0,0.0,1760,1514,0,0
750,Potter,19,5,5,0,0,12.0,168.0,84,0.0,2.6,45053,41480,0,0
204,Johnstone,20,1,41,-4,0,0.0,2.9,12,1.7,0.2,56218,83029,0,0
533,Aït-Nouri,20,2,51,6,0,0.2,24.5,125,3.4,15.0,3944482,2534119,0,0
534,B.Traore,20,3,48,-2,0,0.0,0.2,1,1.0,0.0,2322,7081,0,0
535,Bellegarde,20,3,49,-1,0,0.4,18.4,90,2.6,0.2,89095,79933,0,0
536,Bentley,20,1,39,-1,0,0.1,2.3,9,4.5,1.7,158234,198548,0,0
537,Chiquinho,20,3,45,0,0,0.0,0.2,1,1.0,0.1,11572,28167,0,0
538,Chirewa,20,3,45,0,0,0.0,0.0,0,0.0,0.0,1909,8974,0,0
539,Chiwome,20,4,44,-1,0,0.0,0.0,0,0.0,1.1,586264,512465,0,0
540,Cundle,20,3,45,0,0,0.0,0.0,0,0.0,0.1,33477,38180,0,0
541,Cunha,20,4,70,5,0,0.2,25.4,178,5.4,13.6,7151160,5977266,0,0
542,Dawson,20,2,42,-3,0,0.0,4.0,17,1.1,0.1,23717,33757,0,0
543,Doherty,20,2,43,-2,0,0.3,17.4,75,2.5,0.3,68787,59466,0,0
544,Doyle,20,3,47,-3,0,0.0,6.0,28,1.2,0.0,5435,7881,0,0
545,Fábio Silva,20,4,50,0,0,0.0,0.0,0,0.0,0.1,7594,34172,0,0
546,Fraser,20,4,45,0,0,0.0,0.0,0,0.0,1.0,86763,537985,0,0
547,Gonzalez,20,3,44,-1,0,0.0,0.0,0,0.0,0.0,12091,12621,0,0
548,Guedes,20,3,53,-2,0,0.3,11.7,62,2.1,0.1,30245,33627,0,0
549,H.Bueno,20,2,45,0,0,0.0,0.0,0,0.0,0.0,0,1842,0,0
550,Hee Chan,20,3,61,-4,0,0.1,6.1,37,1.8,0.2,50858,121707,0,0
551,Hodge,20,3,45,0,0,0.0,0.0,0,0.0,0.2,17482,54029,0,0
552,Hoever,20,2,40,0,0,0.0,0.0,0,0.0,0.1,3224,26210,0,0
553,J.Gomes,20,3,49,-1,0,0.2,17.8,87,2.4,0.2,192501,189060,0,0
554,José Sá,20,1,44,-1,0,0.4,21.1,93,3.2,2.8,498272,433814,0,0
555,Kalajdžić,20,4,48,-2,0,0.0,0.0,0,0.0,0.0,5164,12167,0,0
556,King,20,1,39,-1,0,0.1,0.3,1,1.0,1.2,87851,109743,0,0
557,Mario Jr.,20,3,48,-2,0,0.0,9.8,47,2.8,0.1,105788,114987,0,0
558,Mosquera,20,2,38,-2,0,0.0,0.8,3,0.6,0.7,217261,203437,0,0
559,N.Semedo,20,2,45,0,0,0.2,18.7,84,2.5,0.6,172547,121966,0,0
561,Pedro Lima,20,2,39,-1,0,0.0,0.5,2,0.7,1.2,140721,183497,0,0
562,Podence,20,3,55,0,0,0.0,0.4,2,1.0,0.0,1049,5158,0,0
563,R.Gomes,20,3,51,-4,0,0.2,8.2,42,1.7,0.1,7425,17689,0,0
564,S.Bueno,20,2,43,-2,0,0.1,12.1,52,1.8,0.1,8237,11783,0,0
565,Sarabia,20,3,50,-5,0,0.2,10.0,50,2.2,0.1,26662,39266,0,0
566,Strand Larsen,20,4,52,-3,0,0.8,27.9,145,4.1,2.6,1772766,1531082,0,0
567,Toti,20,2,43,-2,0,0.2,18.4,79,2.5,0.3,71908,68649,0,0
637,Meupiyou,20,2,39,-1,0,0.0,0.0,0,0.0,0.2,44880,31895,0,0
642,André,20,3,50,0,0,0.4,12.2,61,1.8,0.0,8441,7107,0,0
655,Forbs,20,3,54,-1,0,0.0,1.7,9,0.9,0.0,4489,4611,0,0
664,Pond,20,2,39,-1,0,0.0,0.3,1,1.0,0.7,163984,105587,0,0
682,Edozie,20,3,45,0,0,0.0,0.0,0,0.0,0.0,4208,3131,0,0
711,Okoduwa,20,2,40,0,0,0.0,0.0,0,0.0,0.0,2332,1359,0,0
720,Agbadou,20,2,40,0,0,0.6,11.2,45,2.8,0.4,76487,30459,0,0
751,Pereira,20,5,8,0,0,3.5,138.8,111,0.0,2.3,104766,45027,0,0
769,Djiga,20,2,45,0,0,0.0,0.9,4,0.8,0.0,1745,1066,0,0
770,Munetsi,20,3,50,0,0,0.7,10.0,50,3.6,0.1,33865,28115,0,0
784,Mané,20,4,45,0,0,0.0,0.2,1,1.0,0.1,8678,4474,0,0
