id,web_name,team,element_type,now_cost,total_points,goals_scored,assists,clean_sheets,minutes,bonus,bps,influence,creativity,threat,ict_index,form,value_season
1,Fábio Vieira,1,3,54,0,0,0,0,0,0,0,0.0,0.0,0.0,0.0,0.0,0.0
2,G.Jesus,1,4,65,42,3,2,2,600,6,152,154.4,119.5,255.0,52.6,0.0,6.5
3,Gabriel,1,2,61,117,3,2,10,2363,9,459,584.6,208.8,287.0,108.2,0.0,19.2
4,Havertz,1,4,77,97,9,3,7,1872,14,343,467.6,269.0,711.0,144.8,0.2,12.6
5,Hein,1,1,40,0,0,0,0,0,0,0,0.0,0.0,0.0,0.0,0.0,0.0
6,J.Timber,1,2,55,114,1,3,11,2415,9,426,393.0,296.8,254.0,94.2,0.0,20.7
7,Jorginho,1,3,46,20,0,0,2,701,0,112,44.8,88.8,8.0,14.2,0.2,4.3
8,Kiwior,1,2,49,43,1,0,3,1117,2,178,267.2,91.3,32.0,39.2,2.8,8.8
9,Martinelli,1,3,65,125,8,4,10,2284,6,422,559.8,587.8,912.0,206.1,3.5,19.2
12,Nwaneri,1,3,43,66,4,2,4,882,4,251,293.2,282.8,255.0,83.0,0.8,15.3
13,Ødegaard,1,3,82,116,3,9,11,2321,11,529,524.6,968.7,493.0,198.8,6.5,14.1
15,Raya,1,1,56,142,0,0,13,3420,10,555,755.4,10.7,0.0,76.7,3.0,25.4
16,Rice,1,3,63,127,4,7,11,2823,17,627,733.0,959.6,399.0,208.8,5.5,20.2
17,Saka,1,3,104,127,6,11,7,1724,18,508,606.0,842.8,830.0,227.9,2.0,12.2
18,Saliba,1,2,64,130,2,0,12,3039,14,564,672.6,150.1,116.0,94.2,0.8,20.3
20,Thomas,1,3,49,108,4,3,9,2793,8,567,626.6,377.9,223.0,123.2,2.2,22.0
21,Tierney,1,2,43,27,1,0,1,250,2,99,91.8,109.1,48.0,25.0,3.0,6.3
22,Tomiyasu,1,2,48,1,0,0,0,6,0,2,0.4,0.3,9.0,1.0,0.0,0.2
23,Trossard,1,3,67,152,8,8,11,2546,18,561,609.0,617.6,798.0,202.1,4.0,22.7
24,White,1,2,62,50,0,2,5,1195,0,211,247.6,162.6,100.0,51.0,3.2,8.1
25,Zinchenko,1,2,48,40,0,1,4,518,2,141,83.4,92.8,66.0,24.1,1.0,8.3
73,Neto,1,1,41,7,0,0,0,180,0,30,77.8,0.0,0.0,7.8,0.0,1.7
186,Sterling,1,3,67,26,0,2,1,490,0,64,67.2,125.5,122.0,31.3,0.8,3.9
578,Calafiori,1,2,58,39,2,1,1,978,1,142,252.6,118.2,176.0,54.6,0.5,6.7
597,Lewis-Skelly,1,3,45,37,1,0,5,1362,0,237,176.0,170.7,57.0,40.0,1.8,8.2
633,Merino,1,3,60,92,7,2,4,1575,8,326,456.8,265.8,511.0,123.3,1.8,15.3
638,Oulad M'hand,1,3,45,0,0,0,0,0,0,0,0.0,0.0,0.0,0.0,0.0,0.0
639,Setford,1,1,45,0,0,0,0,0,0,0,0.0,0.0,0.0,0.0,0.0,0.0
657,Kacurri,1,2,40,0,0,0,0,0,0,0,0.0,0.0,0.0,0.0,0.0,0.0
659,Kabia,1,3,45,0,0,0,0,0,0,0,0.0,0.0,0.0,0.0,0.0,0.0
662,Nichols,1,2,40,0,0,0,0,0,0,0,0.0,0.0,0.0,0.0,0.0,0.0
665,Butler-Oyedeji,1,4,45,1,0,0,0,6,0,5,3.0,0.0,17.0,2.0,0.0,0.2
735,Arteta,1,5,15,104,0,0,0,0,0,0,0.0,0.0,0.0,0.0,5.8,69.3
756,Porter,1,1,40,0,0,0,0,0,0,0,0.0,0.0,0.0,0.0,0.0,0.0
790,Gower,1,3,45,0,0,0,0,0,0,0,0.0,0.0,0.0,0.0,0.0,0.0
793,Jack Henry-Francis,1,3,45,0,0,0,0,0,0,0,0.0,0.0,0.0,0.0,0.0,0.0
801,Clarke,1,2,40,0,0,0,0,0,0,0,0.0,0.0,0.0,0.0,0.0,0.0
28,Bailey,2,3,62,47,1,2,2,1132,2,174,146.4,235.8,325.0,70.3,0.2,7.6
29,Barkley,2,3,52,44,3,1,1,567,5,166,215.4,128.1,206.0,54.8,0.8,8.5
30,Barrenechea,2,3,49,0,0,0,0,0,0,0,0.0,0.0,0.0,0.0,0.0,0.0
31,Buendia,2,3,51,11,0,0,0,89,0,37,16.4,23.2,16.0,5.2,0.0,2.2
32,Cash,2,2,44,76,1,1,7,2069,2,286,359.2,181.0,171.0,71.3,4.8,17.3
33,Dendoncker,2,3,45,0,0,0,0,0,0,0,0.0,0.0,0.0,0.0,0.0,0.0
34,Diaby,2,3,65,0,0,0,0,0,0,0,0.0,0.0,0.0,0.0,0.0,0.0
35,Diego Carlos,2,2,45,21,0,0,2,828,1,69,150.6,9.2,54.0,21.5,0.0,4.7
36,Digne,2,2,44,89,0,5,6,2348,7,383,512.6,583.9,112.0,120.7,2.0,20.2
37,Dobbin,2,3,50,0,0,0,0,0,0,0,0.0,0.0,0.0,0.0,0.0,0.0
38,Duran,2,4,57,53,7,0,2,622,9,222,273.8,68.9,334.0,67.5,0.0,9.3
39,Gauci,2,1,40,0,0,0,0,0,0,0,0.0,0.0,0.0,0.0,0.0,0.0
40,Hause,2,2,39,0,0,0,0,0,0,0,0.0,0.0,0.0,0.0,0.0,0.0
41,Iling Jr,2,3,54,0,0,0,0,0,0,0,0.0,0.0,0.0,0.0,0.0,0.0
42,Kamara,2,3,50,57,1,0,6,1720,3,296,326.6,191.0,83.0,60.2,4.5,11.4
43,Kesler-Hayden,2,2,40,0,0,0,0,0,0,0,0.0,0.0,0.0,0.0,0.0,0.0
44,Konsa,2,2,45,103,2,0,8,2936,10,448,532.8,123.9,166.0,82.4,6.8,22.9
45,Maatsen,2,2,45,57,1,2,3,1125,0,204,252.0,293.4,197.0,74.3,3.5,12.7
46,Marschall,2,1,40,0,0,0,0,0,0,0,0.0,0.0,0.0,0.0,0.0,0.0
47,Martinez,2,1,50,111,0,0,8,3195,6,457,839.6,20.0,0.0,86.0,5.2,22.2
48,McGinn,2,3,52,78,1,4,8,2217,1,360,277.2,500.6,263.0,103.7,3.2,15.0
49,Mings,2,2,44,47,0,1,4,1119,5,207,220.4,49.2,74.0,34.6,1.5,10.7
50,Nedeljkovic,2,2,39,5,0,0,0,121,0,11,22.8,7.2,0.0,3.0,0.0,1.3
51,Olsen,2,1,45,9,0,0,1,225,0,23,59.2,0.0,0.0,5.9,0.2,2.0
52,Pau,2,2,42,55,0,0,5,2019,3,254,350.6,84.5,102.0,54.0,3.5,13.1
53,Ramsey,2,3,54,66,1,4,5,1616,3,265,235.4,307.9,245.0,78.7,0.5,12.2
54,Rogers,2,3,58,161,8,11,10,3115,15,534,730.6,722.7,689.0,214.2,4.0,27.8
55,Sinisalo,2,1,40,0,0,0,0,0,0,0,0.0,0.0,0.0,0.0,0.0,0.0
56,Sousa,2,2,40,0,0,0,0,0,0,0,0.0,0.0,0.0,0.0,0.0,0.0
57,Tielemans,2,3,55,121,3,7,7,3025,15,686,799.6,963.1,333.0,209.6,3.0,22.0
58,Watkins,2,4,92,186,16,8,10,2593,32,631,766.0,345.2,1148.0,223.8,4.5,20.2
167,Disasi,2,2,42,33,1,0,3,851,0,133,169.6,75.6,51.0,29.7,0.0,7.9
233,Onana,2,3,48,65,3,0,6,1613,5,324,358.0,194.8,215.0,77.0,2.5,13.5
385,Rashford,2,3,66,95,6,4,7,1414,9,333,398.4,451.1,369.0,122.1,0.0,14.4
598,Bogarde,2,2,39,6,0,0,0,473,0,22,84.8,33.3,15.0,13.3,0.0,1.5
640,Swinkels,2,2,40,0,0,0,0,0,0,0,0.0,0.0,0.0,0.0,0.0,0.0
641,Zych,2,1,40,0,0,0,0,0,0,0,0.0,0.0,0.0,0.0,0.0,0.0
656,Young,2,3,44,0,0,0,0,0,0,0,0.0,0.0,0.0,0.0,0.0,0.0
679,Broggio,2,3,45,0,0,0,0,0,0,0,0.0,0.0,0.0,0.0,0.0,0.0
710,Jimoh,2,3,45,0,0,0,0,0,0,0,0.0,0.0,0.0,0.0,0.0,0.0
725,Malen,2,3,53,34,3,0,0,296,3,112,138.2,42.7,208.0,38.5,0.8,6.4
731,A. Garcia,2,2,45,8,0,0,0,316,0,26,45.6,68.4,7.0,12.0,0.0,1.8
737,Emery,2,5,8,105,0,0,0,0,0,0,0.0,0.0,0.0,0.0,7.0,131.2
762,M.Asensio,2,3,60,44,3,2,3,740,6,158,200.6,232.5,242.0,67.2,1.8,7.3
59,Aarons,3,2,43,8,0,0,1,84,0,31,13.2,3.2,0.0,1.7,0.0,1.9
60,Adams,3,3,49,58,0,3,6,1959,1,315,411.8,261.2,83.0,75.9,2.2,11.8
61,Anthony,3,3,45,0,0,0,0,0,0,0,0.0,0.0,0.0,0.0,0.0,0.0
62,Brooks,3,3,49,52,2,1,3,941,2,204,193.6,316.7,300.0,80.4,1.5,10.6
63,Christie,3,3,48,76,2,3,8,2114,5,435,514.0,576.8,303.0,139.6,0.0,15.8
64,Cook,3,3,50,82,1,4,5,2976,3,500,607.0,727.1,114.0,144.9,0.8,16.4
65,Enes Ünal,3,4,54,32,2,1,2,330,4,97,104.0,56.1,207.0,35.9,0.0,5.9
66,Faivre,3,3,50,0,0,0,0,0,0,0,0.0,0.0,0.0,0.0,0.0,0.0
67,H.Traorè,3,3,45,0,0,0,0,0,0,0,0.0,0.0,0.0,0.0,0.0,0.0
68,Hill,3,2,39,17,0,1,1,443,0,55,97.0,38.4,29.0,16.6,0.0,4.4
69,Jebbison,3,4,45,20,1,0,0,105,1,67,58.2,39.1,70.0,16.6,2.2,4.4
70,Kerkez,3,2,53,134,2,6,9,3336,10,550,694.0,642.0,238.0,157.3,2.8,25.3
71,Kluivert,3,3,59,158,12,6,13,2339,14,532,700.0,654.1,771.0,212.0,1.8,26.8
72,Mepham,3,2,44,0,0,0,0,0,0,0,0.0,0.0,0.0,0.0,0.0,0.0
74,O.Dango,3,3,45,111,7,4,7,1998,7,432,624.6,496.8,754.0,187.2,0.2,24.7
75,Paulsen,3,1,40,0,0,0,0,0,0,0,0.0,0.0,0.0,0.0,0.0,0.0
76,Philip,3,3,48,10,0,0,0,176,0,52,54.0,102.4,47.0,20.4,0.0,2.1
77,Scott,3,3,47,26,0,0,3,745,0,132,141.6,171.6,118.0,43.2,0.5,5.5
78,Semenyo,3,3,57,165,11,7,11,3202,14,571,792.2,688.9,1204.0,267.8,6.0,28.9
79,Senesi,3,2,46,31,0,0,2,1103,3,114,271.6,84.2,39.0,39.6,1.8,6.7
80,Sinisterra,3,3,48,23,1,1,0,229,2,90,112.0,115.3,195.0,42.3,0.0,4.8
81,Smith,3,2,44,57,0,0,6,1586,0,161,181.8,147.2,24.0,35.0,2.0,13.0
83,Tavernier,3,3,54,87,3,7,4,1932,4,362,447.0,664.8,442.0,155.4,3.0,16.1
84,Travers,3,1,44,19,0,0,1,450,1,76,146.4,0.0,0.0,14.6,0.0,4.3
85,Zabarnyi,3,2,44,94,0,1,8,3109,8,429,651.4,177.0,88.0,92.0,3.8,21.4
152,Arrizabalaga,3,1,46,106,0,0,8,2790,7,406,744.4,10.4,4.0,75.8,3.0,23.0
580,Huijsen,3,2,45,104,3,2,7,2422,14,449,826.4,217.6,193.0,123.6,3.2,23.1
592,J.Araujo,3,2,43,12,0,0,0,492,0,20,56.8,30.6,4.0,9.2,0.8,2.8
599,Dennis,3,1,39,0,0,0,0,0,0,0,0.0,0.0,0.0,0.0,0.0,0.0
617,Evanilson,3,4,59,128,10,5,11,2317,20,487,456.0,331.9,966.0,174.8,3.0,21.7
680,Kinsey,3,2,40,0,0,0,0,0,0,0,0.0,0.0,0.0,0.0,0.0,0.0
687,Winterburn,3,3,45,4,0,0,0,22,0,14,2.4,0.2,2.0,0.4,0.2,0.9
702,Harris,3,2,40,0,0,0,0,0,0,0,0.0,0.0,0.0,0.0,0.0,0.0
707,Rees-Dottin,3,4,45,1,0,0,0,1,0,3,0.0,0.0,0.0,0.0,0.0,0.2
712,Akinmboni,3,2,40,0,0,0,0,0,0,0,0.0,0.0,0.0,0.0,0.0,0.0
713,Soler,3,2,39,3,0,0,0,9,0,8,2.2,1.8,0.0,0.4,0.5,0.8
722,Adu-Adjei,3,4,45,0,0,0,0,0,0,0,0.0,0.0,0.0,0.0,0.0,0.0
723,Sadi,3,3,45,0,0,0,0,0,0,0,0.0,0.0,0.0,0.0,0.0,0.0
727,McKenna,3,1,40,0,0,0,0,0,0,0,0.0,0.0,0.0,0.0,0.0,0.0
728,Silcott-Duberry,3,3,45,1,0,0,0,1,0,5,2.0,1.0,0.0,0.3,0.0,0.2
738,Iraola,3,5,11,82,0,0,0,0,0,0,0.0,0.0,0.0,0.0,7.2,74.5
86,Ajer,4,2,44,39,0,0,3,1433,0,120,199.0,128.1,158.0,48.5,0.2,8.9
87,Brierley,4,3,44,0,0,0,0,0,0,0,0.0,0.0,0.0,0.0,0.0,0.0
88,Collins,4,2,46,127,2,7,8,3420,11,549,1023.2,160.5,311.0,149.6,4.6,27.6
89,Damsgaard,4,3,49,131,2,10,11,2911,10,611,714.8,1006.4,338.0,205.9,3.0,26.7
90,Dasilva,4,3,48,0,0,0,0,0,0,0,0.0,0.0,0.0,0.0,0.0,0.0
91,Flekken,4,1,45,138,0,2,7,3275,12,584,1298.4,30.3,0.0,132.5,5.6,30.7
92,Henry,4,2,43,4,0,0,0,94,0,5,13.6,2.1,2.0,1.7,0.4,0.9
93,Hickey,4,2,43,0,0,0,0,0,0,0,0.0,0.0,0.0,0.0,0.0,0.0
94,Janelt,4,3,48,73,1,3,6,2251,2,384,356.6,284.2,131.0,77.2,0.0,15.2
95,Jensen,4,3,53,38,0,2,2,846,1,179,157.0,249.5,32.0,43.8,1.0,7.2
96,Ji-soo,4,2,39,3,0,0,0,28,0,8,5.0,0.8,0.0,0.6,0.0,0.8
97,Konak,4,3,44,10,0,0,0,53,0,30,8.0,4.5,3.0,1.2,0.4,2.3
98,Lewis-Potter,4,3,50,94,1,5,8,3092,0,460,542.0,462.2,391.0,139.9,1.6,18.8
99,Mbeumo,4,3,83,236,20,9,9,3415,29,948,1236.8,1107.5,1060.0,340.8,5.2,28.4
100,Mee,4,2,42,9,0,0,1,180,0,30,36.8,3.0,6.0,4.6,0.0,2.1
101,Nørgaard,4,3,48,107,5,5,6,2820,7,580,735.4,333.0,409.0,147.9,4.2,22.3
102,Onyeka,4,3,49,2,0,0,0,23,0,3,0.0,0.5,0.0,0.0,0.0,0.4
103,Peart-Harris,4,3,45,0,0,0,0,0,0,0,0.0,0.0,0.0,0.0,0.0,0.0
104,Pinnock,4,2,44,47,2,0,2,1912,0,233,540.2,101.2,193.0,83.6,0.0,10.7
105,Roerslev,4,2,43,36,0,2,2,1100,0,125,214.4,185.8,78.0,48.0,0.0,8.4
106,Schade,4,3,53,149,11,4,10,2281,12,498,630.8,312.7,892.0,183.3,7.4,28.1
107,Thiago,4,4,59,9,0,0,0,167,0,32,18.2,30.6,12.0,5.8,0.8,1.5
108,Toney,4,4,73,0,0,0,0,0,0,0,0.0,0.0,0.0,0.0,0.0,0.0
109,Valdimarsson,4,1,39,2,0,0,0,144,0,14,21.4,0.1,0.0,2.1,0.0,0.5
110,Wissa,4,4,69,185,18,6,9,2921,32,739,849.4,400.0,1181.0,242.4,5.2,26.8
111,Yarmoliuk,4,3,43,43,0,0,3,1435,0,255,259.6,196.1,89.0,54.4,2.0,10.0
112,Zanka,4,2,45,0,0,0,0,0,0,0,0.0,0.0,0.0,0.0,0.0,0.0
314,Carvalho,4,3,45,35,2,1,0,443,1,127,142.2,71.5,154.0,36.3,0.0,7.8
338,Van den Berg,4,2,41,62,0,1,5,2584,1,266,587.4,108.3,226.0,92.3,3.0,15.1
602,Trevitt,4,3,44,1,0,0,0,3,0,5,2.6,0.1,0.0,0.3,0.0,0.2
634,G.Nunes,4,3,49,3,0,0,0,11,0,11,10.0,0.3,2.0,1.2,0.2,0.6
649,Meghoma,4,2,40,1,0,0,0,4,0,3,0.2,0.3,0.0,0.1,0.0,0.2
661,Yogane,4,3,45,0,0,0,0,0,0,0,0.0,0.0,0.0,0.0,0.0,0.0
674,Maghoma,4,3,45,8,0,0,0,112,0,32,27.8,15.8,10.0,5.4,0.0,1.8
705,Arthur,4,2,40,0,0,0,0,0,0,0,0.0,0.0,0.0,0.0,0.0,0.0
752,Frank,4,5,8,116,0,0,0,0,0,0,0.0,0.0,0.0,0.0,9.0,145.0
757,Kayode,4,2,45,27,0,1,2,523,0,115,105.2,105.2,30.0,24.2,4.0,6.0
759,Eyestone,4,1,40,0,0,0,0,0,0,0,0.0,0.0,0.0,0.0,0.0,0.0
780,Morgan,4,4,45,0,0,0,0,0,0,0,0.0,0.0,0.0,0.0,0.0,0.0
786,Benjamin Fredrick,4,2,40,0,0,0,0,0,0,0,0.0,0.0,0.0,0.0,0.0,0.0
113,Adingra,5,3,51,60,2,3,2,1081,0,207,212.4,261.9,337.0,80.9,2.5,11.8
114,Baker-Boaitey,5,3,45,0,0,0,0,0,0,0,0.0,0.0,0.0,0.0,0.0,0.0
115,Baleba,5,3,50,87,3,1,8,2660,7,490,515.4,343.7,193.0,105.2,2.2,17.4
116,Barco,5,2,40,0,0,0,0,0,0,0,0.0,0.0,0.0,0.0,0.0,0.0
118,Cozier-Duberry,5,3,45,0,0,0,0,0,0,0,0.0,0.0,0.0,0.0,0.0,0.0
119,Dahoud,5,3,49,0,0,0,0,0,0,0,0.0,0.0,0.0,0.0,0.0,0.0
120,Dunk,5,2,42,44,0,1,4,2081,0,223,425.4,115.7,128.0,66.9,0.5,10.5
122,Estupiñan,5,2,49,63,1,1,3,2399,7,313,504.4,530.1,173.0,120.8,2.5,12.9
124,Gilmour,5,3,50,3,0,0,0,97,0,21,11.4,11.9,2.0,2.5,0.0,0.6
125,Gross,5,3,65,0,0,0,0,0,0,0,0.0,0.0,0.0,0.0,0.0,0.0
126,Hinshelwood,5,3,49,89,5,3,6,1839,8,404,394.6,268.1,304.0,97.0,6.2,18.2
127,I.Osman,5,3,50,0,0,0,0,0,0,0,0.0,0.0,0.0,0.0,0.0,0.0
128,Igor,5,2,43,18,0,0,1,959,0,113,189.6,54.7,4.0,24.9,0.2,4.2
129,João Pedro,5,4,55,126,10,6,6,1946,26,516,567.0,456.0,644.0,166.0,0.0,22.9
130,Kozlowski,5,3,45,0,0,0,0,0,0,0,0.0,0.0,0.0,0.0,0.0,0.0
131,Lamptey,5,2,44,42,2,2,2,856,1,99,213.6,101.0,52.0,36.8,0.5,9.5
132,March,5,3,65,7,0,0,0,161,0,25,24.0,59.6,18.0,10.1,0.0,1.1
133,Mazilu,5,3,45,0,0,0,0,0,0,0,0.0,0.0,0.0,0.0,0.0,0.0
134,Milner,5,3,50,6,0,0,1,170,0,27,28.6,66.3,12.0,10.7,0.2,1.2
135,Minteh,5,3,48,102,6,5,4,1831,8,398,523.8,448.9,615.0,159.1,4.0,21.2
136,Mitoma,5,3,63,145,10,5,6,2597,12,536,670.6,578.0,856.0,210.7,2.8,23.0
137,Moder,5,3,44,4,0,0,0,9,0,17,15.8,36.0,2.0,5.4,0.0,0.9
138,O’Mahony,5,4,45,0,0,0,0,0,0,0,0.0,0.0,0.0,0.0,0.0,0.0
139,Offiah,5,2,40,0,0,0,0,0,0,0,0.0,0.0,0.0,0.0,0.0,0.0
140,Peupion,5,3,44,0,0,0,0,0,0,0,0.0,0.0,0.0,0.0,0.0,0.0
141,Sarmiento,5,3,49,1,0,0,0,8,0,3,0.2,0.8,0.0,0.1,0.0,0.2
142,Steele,5,1,40,9,0,0,1,180,1,46,40.4,0.0,0.0,4.1,0.0,2.2
143,Undav,5,4,55,0,0,0,0,0,0,0,0.0,0.0,0.0,0.0,0.0,0.0
144,Van Hecke,5,2,45,87,1,1,7,2960,7,406,736.6,261.8,182.0,118.3,3.0,19.3
145,Veltman,5,2,43,59,0,0,6,1694,7,249,273.0,147.2,59.0,48.1,0.2,13.7
146,Verbruggen,5,1,45,103,0,1,7,3240,6,366,849.8,10.0,0.0,85.8,3.8,22.9
147,Webster,5,2,43,39,0,1,4,885,2,167,198.4,49.7,55.0,30.2,3.2,9.1
148,Welbeck,5,4,55,125,10,5,7,2109,21,484,550.2,331.3,676.0,155.8,3.8,22.7
149,Wieffer,5,3,47,52,1,5,2,1003,4,243,328.8,230.4,129.0,68.5,3.0,11.1
595,Gruda,5,3,54,45,1,4,1,676,1,176,196.6,311.6,187.0,69.1,3.8,8.3
600,Ayari,5,3,50,74,2,1,7,1958,3,358,363.2,507.5,247.0,111.7,3.5,14.8
601,Moran,5,3,50,0,0,0,0,0,0,0,0.0,0.0,0.0,0.0,0.0,0.0
615,Rushworth,5,1,39,0,0,0,0,0,0,0,0.0,0.0,0.0,0.0,0.0,0.0
618,Georginio,5,3,50,95,5,6,6,1651,1,288,355.4,281.8,404.0,103.0,0.0,19.0
628,F.Kadıoğlu,5,2,44,19,1,0,2,385,0,59,116.4,83.7,40.0,24.0,0.0,4.3
629,O'Riley,5,3,55,50,2,3,2,929,2,209,211.4,322.5,219.0,75.3,3.2,9.1
663,Samuels,5,2,40,0,0,0,0,0,0,0,0.0,0.0,0.0,0.0,0.0,0.0
668,Cahill,5,1,39,0,0,0,0,0,0,0,0.0,0.0,0.0,0.0,0.0,0.0
681,McConville,5,2,40,0,0,0,0,0,0,0,0.0,0.0,0.0,0.0,0.0,0.0
685,Slater,5,2,40,0,0,0,0,0,0,0,0.0,0.0,0.0,0.0,0.0,0.0
714,Gómez,5,3,55,30,1,1,0,507,2,130,124.2,143.2,69.0,33.6,3.5,5.5
739,Hürzeler,5,5,11,119,0,0,0,0,0,0,0.0,0.0,0.0,0.0,12.0,108.2
758,Knight,5,3,45,0,0,0,0,0,0,0,0.0,0.0,0.0,0.0,0.0,0.0
763,Cashin,5,2,45,1,0,0,0,19,0,-2,7.0,0.6,0.0,0.7,0.0,0.2
791,Charlie Tasker,5,2,40,0,0,0,0,0,0,0,0.0,0.0,0.0,0.0,0.0,0.0
794,Freddie Simmonds,5,2,40,0,0,0,0,0,0,0,0.0,0.0,0.0,0.0,0.0,0.0
795,Harry Howell,5,3,45,1,0,0,0,6,0,5,2.0,0.9,6.0,0.9,0.2,0.2
150,Andrey Santos,6,3,45,0,0,0,0,0,0,0,0.0,0.0,0.0,0.0,0.0,0.0
151,Ângelo,6,3,45,0,0,0,0,0,0,0,0.0,0.0,0.0,0.0,0.0,0.0
153,B.Badiashile,6,2,42,7,0,0,0,332,0,35,66.0,12.6,0.0,7.9,0.0,1.7
154,Bergström,6,1,39,0,0,0,0,0,0,0,0.0,0.0,0.0,0.0,0.0,0.0
155,Bettinelli,6,1,39,0,0,0,0,0,0,0,0.0,0.0,0.0,0.0,0.0,0.0
157,Caicedo,6,3,49,98,1,4,12,3351,4,650,627.6,568.8,95.0,129.2,3.2,20.0
158,Casadei,6,3,44,0,0,0,0,0,0,0,0.0,0.0,0.0,0.0,0.0,0.0
159,Chalobah,6,2,44,93,3,1,6,1969,11,379,496.4,124.2,222.0,84.6,0.8,21.1
161,Chukwuemeka,6,3,47,0,0,0,0,0,0,0,0.0,0.0,0.0,0.0,0.0,0.0
162,Colwill,6,2,44,109,2,1,10,3150,6,461,692.0,214.3,185.0,109.4,5.8,24.8
163,Cucurella,6,2,54,133,5,2,9,2988,14,533,668.6,350.6,358.0,137.9,6.5,24.6
164,D.D.Fofana,6,4,54,0,0,0,0,0,0,0,0.0,0.0,0.0,0.0,0.0,0.0
165,Deivid,6,4,49,0,0,0,0,0,0,0,0.0,0.0,0.0,0.0,0.0,0.0
166,Dewsbury-Hall,6,3,55,18,0,1,0,257,1,71,57.4,47.4,21.0,12.6,0.2,3.3
168,Enzo,6,3,47,135,6,8,10,2943,11,691,761.6,1131.6,517.0,241.3,4.0,28.7
169,Gallagher,6,3,59,0,0,0,0,0,0,0,0.0,0.0,0.0,0.0,0.0,0.0
170,Gilchrist,6,2,40,0,0,0,0,0,0,0,0.0,0.0,0.0,0.0,0.0,0.0
171,Gusto,6,2,49,60,0,1,4,1853,2,285,336.8,394.6,147.0,87.9,1.0,12.2
172,James,6,2,48,54,1,2,3,1057,5,223,207.6,202.1,56.0,46.7,4.5,11.2
173,Kellyman,6,3,43,0,0,0,0,0,0,0,0.0,0.0,0.0,0.0,0.0,0.0
174,Lavia,6,3,45,26,0,1,3,792,0,125,113.2,121.7,7.0,24.4,1.8,5.8
175,Lukaku,6,4,63,0,0,0,0,0,0,0,0.0,0.0,0.0,0.0,0.0,0.0
176,M.Sarr,6,2,45,0,0,0,0,0,0,0,0.0,0.0,0.0,0.0,0.0,0.0
177,Madueke,6,3,60,120,7,5,6,2028,12,425,479.2,475.1,998.0,195.3,2.2,20.0
178,Marc Guiu,6,4,47,3,0,0,0,71,0,11,4.4,11.8,6.0,2.2,0.0,0.6
179,Mudryk,6,3,61,7,0,0,0,145,0,26,23.2,31.5,31.0,8.5,0.0,1.1
180,N.Jackson,6,4,77,121,10,6,11,2220,17,417,546.4,368.3,976.0,187.4,0.0,15.7
181,Nkunku,6,3,57,60,3,2,2,904,5,190,230.2,204.9,339.0,77.1,0.0,10.5
182,Palmer,6,3,105,214,15,10,10,3193,35,952,1068.2,1259.2,1052.0,338.0,4.2,20.4
183,Petrović,6,1,44,0,0,0,0,0,0,0,0.0,0.0,0.0,0.0,0.0,0.0
184,Renato Veiga,6,3,44,7,0,0,1,176,0,22,30.4,9.2,19.0,5.9,0.0,1.6
185,Sánchez,6,1,45,126,0,0,10,2880,11,470,755.6,20.0,0.0,77.5,4.0,28.0
187,Tosin,6,2,42,71,1,1,7,1403,7,305,352.2,48.2,92.0,49.6,3.5,16.9
189,W.Fofana,6,2,43,26,0,0,2,1172,2,162,200.2,85.0,33.0,31.9,0.0,6.0
386,Sancho,6,3,62,86,3,5,7,1754,3,367,340.0,523.2,414.0,127.5,1.0,13.9
560,Neto,6,3,61,104,4,6,8,2262,9,434,492.0,762.7,545.0,180.0,4.0,17.0
575,Wiley,6,2,40,0,0,0,0,0,0,0,0.0,0.0,0.0,0.0,0.0,0.0
581,Jørgensen,6,1,42,18,0,0,1,540,0,59,157.6,0.0,0.0,15.9,0.0,4.3
621,João Félix,6,3,59,24,1,2,1,362,0,90,88.0,95.4,141.0,32.3,0.0,4.1
695,Rak-Sakyi,6,3,45,0,0,0,0,0,0,0,0.0,0.0,0.0,0.0,0.0,0.0
696,George,6,3,45,17,1,1,1,177,0,55,67.4,72.7,32.0,17.1,0.8,3.8
697,Acheampong,6,2,40,4,0,0,0,168,0,8,13.6,2.5,13.0,2.9,0.0,1.0
740,Maresca,6,5,15,94,0,0,0,0,0,0,0.0,0.0,0.0,0.0,6.8,62.7
771,Amougou,6,3,45,1,0,0,0,7,0,2,1.0,0.9,0.0,0.2,0.0,0.2
774,Anselmino,6,2,40,0,0,0,0,0,0,0,0.0,0.0,0.0,0.0,0.0,0.0
781,Mheuka,6,4,45,1,0,0,0,1,0,5,3.0,0.0,17.0,2.0,0.0,0.2
782,Samuels-Smith,6,2,40,0,0,0,0,0,0,0,0.0,0.0,0.0,0.0,0.0,0.0
787,Genesis Antwi,6,2,40,0,0,0,0,0,0,0,0.0,0.0,0.0,0.0,0.0,0.0
11,Nketiah,7,4,59,53,3,2,2,1018,4,186,192.2,163.7,475.0,82.5,3.8,9.0
160,Chilwell,7,2,46,13,1,0,0,254,0,54,99.6,69.2,37.0,20.7,2.0,2.8
190,Ahamada,7,3,45,0,0,0,0,0,0,0,0.0,0.0,0.0,0.0,0.0,0.0
193,C.Doucouré,7,3,48,19,0,1,1,443,0,71,58.6,25.7,23.0,10.8,0.0,4.0
194,C.Richards,7,2,44,68,1,1,7,1921,2,249,470.8,45.0,181.0,69.6,2.8,15.5
195,Chadi Riad,7,2,43,1,0,0,0,90,0,3,18.2,1.3,0.0,2.0,0.0,0.2
196,Clyne,7,2,43,18,0,0,1,477,0,48,66.6,51.8,8.0,12.4,0.0,4.2
197,Ebiowei,7,3,45,0,0,0,0,0,0,0,0.0,0.0,0.0,0.0,0.0,0.0
199,Eze,7,3,70,148,8,8,10,2588,15,605,685.0,849.2,691.0,222.4,8.8,21.1
200,Guéhi,7,2,47,116,3,2,11,3059,11,492,827.0,237.6,247.0,131.0,2.2,24.7
201,Henderson,7,1,46,135,0,0,11,3420,8,466,853.6,30.0,4.0,88.6,3.0,29.3
202,Holding,7,2,42,0,0,0,0,0,0,0,0.0,0.0,0.0,0.0,0.0,0.0
203,Hughes,7,3,49,67,0,4,10,2100,3,278,335.2,462.6,90.0,87.5,2.0,13.7
205,Kamada,7,3,51,45,0,0,3,1545,0,246,219.2,314.1,145.0,68.2,1.2,8.8
206,Lerma,7,3,48,58,0,1,6,2270,2,326,401.4,190.2,197.0,78.7,1.8,12.1
207,Mateta,7,4,75,150,14,2,9,2642,27,576,671.6,405.4,800.0,187.3,1.5,20.0
208,M.França,7,3,44,9,1,0,0,52,0,34,48.4,1.2,66.0,11.5,0.5,2.0
209,Matthews,7,1,39,0,0,0,0,0,0,0,0.0,0.0,0.0,0.0,0.0,0.0
210,Mitchell,7,2,48,123,0,6,12,3090,4,455,630.8,559.1,170.0,136.2,4.0,25.6
211,Muñoz,7,2,52,142,4,6,11,3229,9,480,816.6,634.2,524.0,197.6,3.8,27.3
212,Ozoh,7,3,45,0,0,0,0,0,0,0,0.0,0.0,0.0,0.0,0.0,0.0
213,Rak-Sakyi,7,3,45,0,0,0,0,0,0,0,0.0,0.0,0.0,0.0,0.0,0.0
214,Schlupp,7,3,46,12,0,0,0,95,0,43,22.8,42.9,46.0,11.0,0.0,2.6
215,Ward,7,2,43,1,0,0,0,71,0,-3,5.8,10.3,0.0,1.6,0.0,0.2
216,Wharton,7,3,47,42,0,2,4,1314,0,244,261.2,381.4,69.0,71.2,0.8,8.9
445,Turner,7,1,39,0,0,0,0,0,0,0,0.0,0.0,0.0,0.0,0.0,0.0
585,I.Sarr,7,3,55,149,8,7,10,2708,14,542,675.0,618.0,866.0,215.9,5.5,27.1
644,Umeh-Chibueze,7,3,44,0,0,0,0,0,0,0,0.0,0.0,0.0,0.0,0.0,0.0
645,Devenny,7,3,45,34,1,1,0,494,1,129,138.8,101.8,90.0,33.2,1.5,7.6
646,Agbinone,7,3,45,2,0,0,0,4,0,4,4.0,10.6,1.0,1.5,0.0,0.4
647,Rodney,7,3,45,0,0,0,0,0,0,0,0.0,0.0,0.0,0.0,0.0,0.0
650,Lacroix,7,2,45,114,1,2,11,3116,9,463,723.8,113.7,277.0,111.4,2.8,25.3
666,Kporha,7,2,40,2,0,0,0,11,0,1,8.0,4.6,0.0,1.3,0.0,0.5
676,Marsh,7,4,45,0,0,0,0,0,0,0,0.0,0.0,0.0,0.0,0.0,0.0
730,Esse,7,3,47,22,1,2,0,138,3,72,74.8,38.4,51.0,16.4,2.8,4.7
741,Glasner,7,5,8,128,0,0,0,0,0,0,0.0,0.0,0.0,0.0,9.5,160.0
156,Broja,8,4,53,12,0,0,2,327,0,23,20.2,53.8,43.0,10.9,0.0,2.3
217,A.Doucoure,8,3,51,94,3,2,11,2563,5,333,352.6,379.4,348.0,107.6,2.2,18.4
218,Beto,8,4,48,87,8,0,4,1521,11,295,373.2,163.9,666.0,119.5,4.5,18.1
219,Branthwaite,8,2,49,88,0,1,9,2509,3,420,624.6,57.7,130.0,81.3,2.2,18.0
220,Calvert-Lewin,8,4,54,63,3,2,8,1602,3,157,200.2,126.1,573.0,89.2,1.0,11.7
221,Coleman,8,2,43,5,0,0,0,214,0,17,42.4,3.8,23.0,7.1,0.5,1.2
222,Gana,8,3,48,89,0,3,12,3063,5,505,522.0,327.2,117.0,96.6,2.2,18.5
223,Garner,8,3,49,42,0,1,5,1590,0,244,264.8,248.2,93.0,60.4,2.0,8.6
224,Harrison,8,3,52,81,1,3,7,2068,4,291,277.0,527.7,288.0,108.6,1.8,15.6
225,Holgate,8,2,40,1,0,0,0,5,0,-1,0.0,0.0,0.0,0.0,0.0,0.2
226,Iroegbunam,8,3,43,22,0,1,0,562,0,82,122.2,40.9,32.0,19.6,0.5,5.1
227,J.Virginia,8,1,38,0,0,0,0,0,0,0,0.0,0.0,0.0,0.0,0.0,0.0
228,Keane,8,2,38,48,3,0,3,1046,4,139,306.6,23.2,123.0,45.4,4.0,12.6
229,Maupay,8,4,49,0,0,0,0,0,0,0,0.0,0.0,0.0,0.0,0.0,0.0
230,McNeil,8,3,51,93,4,8,5,1366,9,401,392.0,631.8,207.0,123.3,5.2,18.2
231,Mykolenko,8,2,44,121,1,3,11,3082,9,467,621.4,428.5,100.0,115.2,6.2,27.5
232,Ndiaye,8,4,52,114,9,0,15,2426,21,552,598.0,326.4,493.0,142.0,4.5,21.9
234,Patterson,8,2,44,14,0,1,0,342,0,47,71.6,70.3,12.0,15.5,0.8,3.2
235,Pickford,8,1,52,158,0,1,12,3420,15,593,1052.0,20.3,0.0,107.0,5.5,30.4
236,Tarkowski,8,2,47,105,1,1,10,2922,8,468,859.0,188.8,217.0,126.9,0.0,22.3
237,Y. Chermiti,8,4,49,3,0,0,0,42,0,9,2.4,0.6,27.0,3.0,0.2,0.6
238,Young,8,2,42,98,1,4,9,1864,9,354,431.2,388.2,46.0,86.8,3.8,23.3
450,Alcaraz,8,3,47,44,2,3,1,766,5,191,219.4,205.7,227.0,65.4,5.0,9.4
577,Lindstrøm,8,3,50,44,0,1,6,1229,0,167,214.2,309.6,237.0,76.0,0.0,8.8
582,O'Brien,8,2,45,65,2,0,5,1568,5,233,341.4,108.9,109.0,56.0,3.2,14.4
603,Armstrong,8,3,44,2,0,0,0,47,0,1,1.8,10.9,9.0,2.2,0.0,0.5
614,Metcalfe,8,3,45,0,0,0,0,0,0,0,0.0,0.0,0.0,0.0,0.0,0.0
624,Begovic,8,1,40,0,0,0,0,0,0,0,0.0,0.0,0.0,0.0,0.0,0.0
627,Dixon,8,2,39,0,0,0,0,90,0,0,15.4,0.3,0.0,1.6,0.0,0.0
651,Mangala,8,3,50,39,1,0,5,1257,0,175,172.8,133.5,106.0,41.4,0.0,7.8
678,Bates,8,3,45,0,0,0,0,0,0,0,0.0,0.0,0.0,0.0,0.0,0.0
724,Sherif,8,4,45,0,0,0,0,0,0,0,0.0,0.0,0.0,0.0,0.0,0.0
742,Moyes,8,5,5,137,0,0,0,0,0,0,0.0,0.0,0.0,0.0,10.8,274.0
773,Heath,8,3,45,0,0,0,0,0,0,0,0.0,0.0,0.0,0.0,0.0,0.0
775,Coby Ebere,8,3,45,0,0,0,0,0,0,0,0.0,0.0,0.0,0.0,0.0,0.0
803,Welch,8,2,40,0,0,0,0,0,0,0,0.0,0.0,0.0,0.0,0.0,0.0
10,Nelson,9,3,50,27,1,1,1,483,2,143,131.6,223.9,195.0,55.1,0.0,5.4
19,Smith Rowe,9,3,50,114,6,3,7,2036,15,449,433.8,422.3,386.0,124.4,2.0,22.8
191,Andersen,9,2,42,51,0,0,4,2673,3,306,687.6,99.0,162.0,95.0,1.0,12.1
239,Adama,9,3,45,95,2,8,3,1756,8,384,385.4,632.1,426.0,144.6,3.0,21.1
240,Andreas,9,3,49,81,2,6,5,2004,2,355,326.6,868.3,300.0,149.0,1.0,16.5
241,Bassey,9,2,45,75,1,0,5,3074,0,390,587.2,96.7,157.0,84.1,0.8,16.7
242,Benda,9,1,39,0,0,0,0,0,0,0,0.0,0.0,0.0,0.0,0.0,0.0
243,Cairney,9,3,48,33,2,0,1,610,0,192,163.8,213.8,94.0,47.2,2.2,6.9
244,Castagne,9,2,42,46,0,1,3,1642,0,205,360.4,163.6,123.0,64.9,0.2,11.0
245,Diop,9,2,43,31,0,0,1,1334,0,146,257.6,44.7,83.0,38.3,0.0,7.2
246,Harris,9,3,45,0,0,0,0,0,0,0,0.0,0.0,0.0,0.0,0.0,0.0
247,Iwobi,9,3,54,156,9,6,6,2981,16,704,806.8,922.4,699.0,243.0,1.8,28.9
248,Leno,9,1,50,115,0,2,5,3420,5,475,967.0,20.0,0.0,98.6,3.0,23.0
249,Lukić,9,3,48,56,0,2,4,2348,1,354,335.6,455.1,119.0,91.0,1.5,11.7
250,Mbabu,9,2,40,0,0,0,0,0,0,0,0.0,0.0,0.0,0.0,0.0,0.0
251,Muniz,9,4,55,86,8,1,2,943,14,349,352.4,95.3,508.0,95.4,0.0,15.6
252,Raúl,9,4,53,147,12,3,7,2486,26,539,612.8,372.2,1018.0,199.7,5.5,27.7
253,Ream,9,2,45,0,0,0,0,0,0,0,0.0,0.0,0.0,0.0,0.0,0.0
254,Reed,9,3,47,10,0,0,0,100,0,36,18.6,20.6,33.0,7.1,0.2,2.1
255,Robinson,9,2,47,106,0,10,5,3166,8,507,922.2,723.4,206.0,185.5,1.0,22.6
256,Stansfield,9,4,50,1,0,0,0,1,0,2,0.0,0.0,0.0,0.0,0.0,0.2
257,Tete,9,2,44,49,0,2,3,1773,0,207,381.2,192.2,158.0,73.1,0.8,11.1
258,Vinicius,9,4,50,3,0,0,0,13,0,14,4.0,0.0,19.0,2.3,0.0,0.6
259,Wilson,9,3,52,78,6,2,2,1148,6,329,334.6,310.2,440.0,107.8,3.0,15.0
579,Sessegnon,9,2,42,57,4,2,1,574,5,137,284.0,158.8,227.0,67.1,0.8,13.6
586,J.Cuenca,9,2,44,9,0,0,0,349,0,38,81.2,2.3,4.0,8.6,0.5,2.0
604,King,9,3,44,10,0,0,1,126,0,30,26.2,45.7,38.0,11.2,0.8,2.3
605,Godo,9,3,44,2,0,0,0,21,0,4,3.4,12.0,14.0,3.0,0.2,0.5
622,Berge,9,3,50,53,0,0,4,2221,2,334,314.4,285.7,51.0,65.1,1.0,10.6
690,Amissah,9,2,40,0,0,0,0,0,0,0,0.0,0.0,0.0,0.0,0.0,0.0
753,Silva,9,5,11,94,0,0,0,0,0,0,0.0,0.0,0.0,0.0,2.5,85.5
772,Willian,9,3,50,13,0,0,1,251,0,54,36.2,133.3,25.0,19.5,0.5,2.6
121,Enciso,10,3,54,59,2,3,2,1155,5,224,250.8,268.9,362.0,87.7,3.2,10.9
260,Al-Hamadi,10,4,47,8,0,0,0,125,0,15,5.6,25.7,32.0,6.0,0.0,1.7
261,Baggott,10,2,40,0,0,0,0,0,0,0,0.0,0.0,0.0,0.0,0.0,0.0
262,Broadhead,10,3,49,37,2,0,2,690,1,137,148.2,111.0,155.0,41.4,2.2,7.6
263,Burgess,10,2,38,26,0,2,0,1540,0,122,422.0,87.2,103.0,61.4,1.5,6.8
264,Burns,10,3,47,30,0,1,1,922,0,144,111.6,148.5,66.0,31.8,0.0,6.4
265,Chaplin,10,3,51,41,1,2,1,845,0,139,106.6,152.1,108.0,36.1,1.2,8.0
266,H.Clarke,10,2,40,1,0,0,0,377,0,-5,48.2,24.4,35.0,10.5,0.0,0.2
267,Davis,10,2,42,52,1,2,2,2742,5,174,486.8,865.4,145.0,149.6,0.5,12.4
268,Delap,10,4,56,132,12,2,3,2587,22,472,513.0,290.5,783.0,157.5,1.0,23.6
269,Edmundson,10,2,40,1,0,0,0,1,0,3,0.0,0.0,0.0,0.0,0.0,0.2
270,Greaves,10,2,38,37,1,0,2,2205,0,171,592.8,77.2,157.0,82.7,1.2,9.7
271,Harness,10,3,49,2,0,0,0,43,0,4,9.4,1.9,6.0,1.7,0.0,0.4
272,Hirst,10,4,54,46,3,1,0,645,3,157,146.4,64.5,207.0,41.2,2.2,8.5
273,Humphreys,10,3,45,0,0,0,0,0,0,0,0.0,0.0,0.0,0.0,0.0,0.0
274,Hutchinson,10,3,52,88,3,3,3,2585,6,352,383.2,487.5,443.0,131.5,2.8,16.9
275,Johnson,10,2,38,30,1,2,0,1346,2,23,276.6,177.2,92.0,54.6,0.2,7.9
276,Ladapo,10,4,45,0,0,0,0,0,0,0,0.0,0.0,0.0,0.0,0.0,0.0
277,Luongo,10,3,43,13,0,0,0,195,0,47,34.4,6.6,4.0,4.6,0.5,3.0
278,Morsy,10,3,48,67,1,1,2,2749,5,421,417.0,374.0,47.0,83.7,1.8,14.0
279,Ndaba,10,2,40,0,0,0,0,0,0,0,0.0,0.0,0.0,0.0,0.0,0.0
280,Slicker,10,1,39,0,0,0,0,0,0,0,0.0,0.0,0.0,0.0,0.0,0.0
281,Taylor,10,3,48,38,1,0,0,837,1,144,142.0,100.5,84.0,32.4,1.2,7.9
282,Tuanzebe,10,2,39,27,0,1,1,1710,0,80,284.4,93.4,25.0,40.1,1.2,6.9
283,Walton,10,1,43,16,0,0,1,630,2,42,163.2,10.0,0.0,17.3,0.5,3.7
284,Woolfenden,10,2,39,18,0,0,1,1187,0,93,258.4,6.7,8.0,27.5,0.2,4.6
359,Phillips,10,3,48,27,0,0,1,1231,0,167,181.8,116.2,41.0,33.8,0.2,5.6
568,Muric,10,1,44,49,0,0,1,1620,5,186,531.2,0.0,0.0,53.1,0.0,11.1
569,Jaden,10,3,53,37,2,0,2,796,3,116,159.0,98.2,190.0,43.9,0.0,7.0
583,Townsend,10,2,39,11,0,1,0,334,0,43,110.2,56.0,13.0,18.0,0.0,2.8
611,Szmodics,10,3,57,54,4,0,2,988,2,167,216.0,93.0,263.0,56.7,0.2,9.5
619,Cajuste,10,3,45,63,1,1,1,1960,2,309,284.0,209.2,59.0,54.9,2.2,14.0
630,O'Shea,10,2,38,49,0,2,2,3122,1,231,862.8,59.9,195.0,111.6,1.2,12.9
631,J.Clarke,10,3,54,53,0,4,1,1161,0,221,230.8,341.7,151.0,72.2,1.2,9.8
632,Ogbene,10,3,48,7,0,0,0,237,0,29,22.8,30.2,12.0,6.4,0.0,1.5
715,Godfrey,10,2,40,-1,0,0,0,158,0,-27,15.0,2.3,2.0,1.9,0.0,-0.2
743,McKenna,10,5,5,51,0,0,0,0,0,0,0.0,0.0,0.0,0.0,1.5,102.0
764,Palmer,10,1,45,22,0,0,0,1170,0,94,356.8,10.0,0.0,36.6,1.2,4.9
799,Boniface,10,2,40,0,0,0,0,0,0,0,0.0,0.0,0.0,0.0,0.0,0.0
800,Tom Taylor,10,3,45,0,0,0,0,0,0,0,0.0,0.0,0.0,0.0,0.0,0.0
117,Buonanotte,11,3,45,75,5,2,2,1508,6,299,415.8,415.8,318.0,114.7,2.0,16.7
192,J.Ayew,11,3,51,75,5,0,4,1649,3,279,304.4,316.9,311.0,93.4,3.8,14.7
198,Edouard,11,4,51,7,0,0,0,141,0,14,5.0,25.0,50.0,8.0,0.0,1.4
285,B.Soumaré,11,3,44,48,0,0,1,2165,0,327,294.2,261.8,47.0,60.4,1.8,10.9
286,Cannon,11,4,45,0,0,0,0,0,0,0,0.0,0.0,0.0,0.0,0.0,0.0
287,Choudhury,11,3,44,4,0,0,0,129,0,29,33.8,30.4,6.0,7.0,0.0,0.9
288,Coady,11,2,40,39,1,0,2,1712,3,144,378.8,33.0,62.0,47.5,5.5,9.8
289,Daka,11,4,48,34,1,0,1,717,2,108,86.0,41.7,148.0,27.0,1.0,7.1
290,De Cordova-Reid,11,3,52,48,1,4,1,734,2,145,102.2,84.4,72.0,26.0,0.0,9.2
291,Faes,11,2,38,55,1,0,3,2812,2,241,678.0,68.5,121.0,86.9,4.0,14.5
292,Golding,11,3,44,1,0,0,0,1,0,3,0.0,0.0,0.0,0.0,0.2,0.2
293,Hermansen,11,1,44,63,0,0,1,2385,1,231,827.0,0.2,0.0,82.8,0.0,14.3
294,Iversen,11,1,39,0,0,0,0,0,0,0,0.0,0.0,0.0,0.0,0.0,0.0
295,Justin,11,2,41,70,2,2,3,2912,6,218,615.2,258.5,202.0,107.8,5.0,17.1
296,Kristiansen,11,2,44,34,0,1,1,2481,0,153,519.4,358.6,40.0,91.6,0.5,7.7
297,Marcal,11,3,45,0,0,0,0,0,0,0,0.0,0.0,0.0,0.0,0.0,0.0
298,Mavididi,11,3,50,72,4,1,1,1606,5,270,339.2,375.3,302.0,101.5,0.0,14.4
299,McAteer,11,3,47,35,1,1,3,846,0,125,147.2,132.5,184.0,46.3,3.5,7.4
300,Ndidi,11,3,49,64,0,5,3,2325,1,375,546.4,302.2,280.0,112.8,2.8,13.1
301,Okoli,11,2,40,27,1,0,1,1122,1,106,318.6,15.2,73.0,40.7,0.2,6.8
302,Ricardo,11,2,41,10,0,0,0,382,0,46,67.8,18.7,19.0,10.5,0.2,2.4
303,Souttar,11,2,40,0,0,0,0,0,0,0,0.0,0.0,0.0,0.0,0.0,0.0
304,Stolarczyk,11,1,40,25,0,0,2,900,0,104,228.4,0.0,0.0,22.8,3.8,6.2
305,Thomas,11,2,39,27,0,0,3,1109,0,144,226.4,144.5,34.0,40.4,4.2,6.9
306,Vardy,11,4,54,128,9,5,4,2825,18,464,490.8,270.8,742.0,150.0,5.5,23.7
307,Vestergaard,11,2,39,11,0,0,0,1390,0,86,321.0,46.6,53.0,42.4,0.0,2.8
308,Ward,11,1,39,2,0,0,0,135,0,-5,35.4,0.0,0.0,3.6,0.0,0.5
309,Winks,11,3,43,40,0,2,0,1536,0,282,272.8,319.6,37.0,63.2,0.0,9.3
501,Skipp,11,3,47,27,0,0,3,1118,0,121,119.4,146.0,35.0,29.9,1.8,5.7
570,A.Fatawu,11,3,51,26,0,2,0,576,3,125,147.6,104.3,148.0,40.1,0.0,5.1
606,Alves,11,3,44,1,0,0,0,1,0,3,0.0,0.3,0.0,0.0,0.0,0.2
616,Nelson,11,2,40,0,0,0,0,0,0,0,0.0,0.0,0.0,0.0,0.0,0.0
635,El Khannouss,11,3,48,83,2,4,3,2179,6,376,381.6,634.1,191.0,120.5,3.5,17.3
694,Cartwright,11,3,45,0,0,0,0,0,0,0,0.0,0.0,0.0,0.0,0.0,0.0
708,Wilson-Brown,11,2,40,0,0,0,0,0,0,0,0.0,0.0,0.0,0.0,0.0,0.0
726,Coulibaly,11,2,40,1,0,0,0,107,0,-4,24.4,3.4,24.0,5.2,0.0,0.2
754,Van Nistelrooy,11,5,5,48,0,0,0,0,0,0,0.0,0.0,0.0,0.0,7.5,96.0
792,Monga,11,3,45,7,0,0,0,105,0,29,20.6,12.6,19.0,5.1,1.0,1.6
796,Olabade Aluko,11,2,40,1,0,0,0,1,0,3,2.0,0.2,0.0,0.2,0.2,0.2
797,Jake Evans,11,3,45,4,0,0,0,21,0,13,3.2,0.2,0.0,0.3,0.8,0.9
802,Braybrooke,11,3,45,0,0,0,0,0,0,0,0.0,0.0,0.0,0.0,0.0,0.0
310,A.Becker,12,1,55,112,0,0,10,2508,9,451,628.8,13.0,0.0,64.0,2.8,20.4
311,Alexander-Arnold,12,2,72,148,3,7,12,2362,13,603,723.8,833.7,268.0,182.4,0.5,20.6
312,Bajcetic,12,3,45,0,0,0,0,0,0,0,0.0,0.0,0.0,0.0,0.0,0.0
313,Bradley,12,2,47,41,0,2,3,744,3,160,156.2,110.5,162.0,42.8,1.8,8.7
315,Clark,12,3,45,0,0,0,0,0,0,0,0.0,0.0,0.0,0.0,0.0,0.0
316,Darwin,12,4,70,66,5,3,2,1113,6,244,263.8,151.6,404.0,81.2,1.0,9.4
317,Diogo J.,12,3,72,87,6,4,7,1182,4,225,300.6,169.5,537.0,99.0,0.8,12.1
318,Doak,12,3,45,0,0,0,0,0,0,0,0.0,0.0,0.0,0.0,0.0,0.0
319,Elliott,12,3,52,33,1,2,0,359,3,120,118.6,145.8,143.0,40.4,4.2,6.3
320,Endo,12,3,46,21,0,0,0,259,0,82,57.6,38.2,6.0,10.0,1.0,4.6
321,Gakpo,12,4,72,127,10,5,5,1921,22,572,597.0,517.7,686.0,180.3,5.0,17.6
322,Gomez,12,2,47,14,0,0,1,517,0,83,130.4,38.5,58.0,22.8,0.0,3.0
323,Gravenberch,12,3,50,92,0,4,14,3160,1,568,550.6,473.9,121.0,114.7,0.8,18.4
324,Jones,12,3,53,87,3,5,6,1702,4,396,397.2,343.7,400.0,113.6,1.8,16.4
325,Kelleher,12,1,39,45,0,0,4,900,1,156,224.2,0.0,0.0,22.4,0.0,11.5
326,Konaté,12,2,53,106,1,2,11,2561,4,487,578.0,161.4,133.0,87.6,1.0,20.0
327,Luis Díaz,12,3,75,183,13,7,15,2393,21,634,770.8,748.0,946.0,246.4,2.8,24.4
328,M.Salah,12,3,136,344,29,18,15,3374,55,1133,1577.0,1199.2,1985.0,476.0,4.0,25.3
329,Mac Allister,12,3,62,122,5,6,14,2597,8,578,653.4,731.3,357.0,174.1,1.2,19.7
330,McConnell,12,3,43,0,0,0,0,0,0,0,0.0,0.0,0.0,0.0,0.0,0.0
331,Morton,12,3,44,0,0,0,0,0,0,0,0.0,0.0,0.0,0.0,0.0,0.0
332,N.Phillips,12,2,40,0,0,0,0,0,0,0,0.0,0.0,0.0,0.0,0.0,0.0
333,Quansah,12,2,39,9,0,0,0,488,0,38,119.4,29.1,15.0,16.5,-0.2,2.3
334,R.Williams,12,2,40,0,0,0,0,0,0,0,0.0,0.0,0.0,0.0,0.0,0.0
335,Robertson,12,2,58,91,0,1,10,2479,4,397,395.4,668.7,182.0,124.4,1.5,15.7
336,Szoboszlai,12,3,61,143,6,10,12,2485,14,605,589.8,794.8,601.0,198.1,3.8,23.4
337,Tsimikas,12,2,46,43,0,1,4,829,3,217,202.0,260.7,60.0,52.5,0.5,9.3
339,Virgil,12,2,67,143,3,1,14,3330,8,631,932.6,206.6,299.0,143.7,2.0,21.3
636,Chiesa,12,3,68,7,0,0,0,103,0,16,9.0,23.5,36.0,6.7,0.8,1.0
660,Jaros,12,1,40,1,0,0,0,11,0,6,8.8,0.0,0.0,0.9,0.0,0.2
669,Davies,12,1,40,0,0,0,0,0,0,0,0.0,0.0,0.0,0.0,0.0,0.0
688,Nyoni,12,3,45,0,0,0,0,0,0,0,0.0,0.0,0.0,0.0,0.0,0.0
692,Nallo,12,2,40,0,0,0,0,0,0,0,0.0,0.0,0.0,0.0,0.0,0.0
709,Danns,12,4,45,1,0,0,0,10,0,2,0.0,0.3,0.0,0.0,0.0,0.2
744,Slot,12,5,15,118,0,0,0,0,0,0,0.0,0.0,0.0,0.0,3.0,78.7
340,Akanji,13,2,53,61,0,0,6,2012,1,307,339.8,249.8,100.0,68.9,3.8,11.5
341,Aké,13,2,53,25,0,0,3,677,0,121,104.6,33.7,20.0,15.9,0.0,4.7
342,Bernardo,13,3,61,110,4,4,10,2667,13,568,603.0,800.4,532.0,193.6,5.0,18.0
343,Bobb,13,3,47,3,0,0,0,14,0,13,4.4,12.6,0.0,1.6,0.2,0.6
344,Carson,13,1,39,0,0,0,0,0,0,0,0.0,0.0,0.0,0.0,0.0,0.0
345,De Bruyne,13,3,95,114,4,9,10,1694,12,462,466.6,920.0,411.0,179.5,4.5,12.0
346,Doku,13,3,62,88,3,6,8,1506,3,425,453.8,515.9,528.0,150.0,2.8,14.2
347,Ederson M.,13,1,53,111,0,4,10,2320,9,400,567.0,43.0,0.0,60.9,5.0,20.9
348,Foden,13,3,91,105,7,3,6,1771,10,454,448.0,749.0,449.0,164.2,1.2,11.5
349,Grealish,13,3,64,38,1,1,2,710,4,187,157.2,321.4,234.0,71.3,0.2,5.9
350,Gvardiol,13,2,65,153,5,0,13,3278,15,623,847.0,501.7,497.0,185.0,6.0,23.5
351,Haaland,13,4,149,181,22,3,10,2736,26,795,946.0,359.4,1511.0,281.8,2.5,12.1
352,J.Alvarez,13,4,70,0,0,0,0,0,0,0,0.0,0.0,0.0,0.0,0.0,0.0
353,João Cancelo,13,2,53,0,0,0,0,0,0,0,0.0,0.0,0.0,0.0,0.0,0.0
354,Kovačić,13,3,54,109,6,3,10,2194,13,542,606.4,579.3,204.0,139.1,2.0,20.2
355,Lewis,13,2,43,66,1,2,5,1888,1,285,293.8,218.6,139.0,65.0,1.8,15.3
356,Matheus N.,13,3,49,81,1,7,9,1670,6,373,370.4,422.4,206.0,99.9,3.5,16.5
357,McAtee,13,3,46,31,3,0,0,340,0,102,113.0,64.6,136.0,30.7,0.5,6.7
358,Ortega Moreno,13,1,52,35,0,0,3,1099,0,144,292.6,0.0,0.0,29.4,0.0,6.7
360,Rodrigo,13,3,62,3,0,0,0,72,0,21,12.2,17.5,0.0,3.0,0.2,0.5
361,Rúben,13,2,55,90,0,0,11,2269,7,410,478.2,173.8,150.0,80.2,6.2,16.4
362,Stones,13,2,53,29,2,0,1,544,2,92,155.6,49.8,70.0,27.4,0.0,5.5
363,Walker,13,2,51,13,0,0,0,966,0,63,157.4,147.7,29.0,33.5,0.0,2.5
571,Savinho,13,3,60,106,1,11,8,1760,15,442,415.2,682.9,671.0,177.3,0.5,17.7
607,O’Reilly,13,3,49,31,2,0,3,525,4,118,133.4,76.2,112.0,32.2,0.5,6.3
625,Gündogan,13,3,63,97,1,7,10,2218,5,460,387.0,781.3,273.0,144.2,5.8,15.4
626,Kaboré,13,2,45,0,0,0,0,0,0,0,0.0,0.0,0.0,0.0,0.0,0.0
671,Wright,13,3,45,0,0,0,0,0,0,0,0.0,0.0,0.0,0.0,0.0,0.0
672,Simpson-Pusey,13,2,40,1,0,0,0,95,0,7,19.6,2.2,2.0,2.4,0.0,0.2
675,Wilson-Esbrand,13,2,40,0,0,0,0,0,0,0,0.0,0.0,0.0,0.0,0.0,0.0
698,Mubama,13,4,45,1,0,0,0,27,0,2,0.2,0.1,5.0,0.5,0.0,0.2
703,Alleyne,13,2,40,0,0,0,0,0,0,0,0.0,0.0,0.0,0.0,0.0,0.0
704,Brits,13,1,40,0,0,0,0,0,0,0,0.0,0.0,0.0,0.0,0.0,0.0
732,Khusanov,13,2,50,14,0,0,2,503,0,78,102.0,33.9,4.0,14.1,0.0,2.8
733,Vitor Reis,13,2,45,1,0,0,0,1,0,4,3.2,0.0,0.0,0.3,0.0,0.2
736,Guardiola,13,5,15,113,0,0,0,0,0,0,0.0,0.0,0.0,0.0,8.2,75.3
755,Marmoush,13,4,74,73,7,1,8,1174,12,326,318.0,246.7,410.0,97.3,3.2,9.9
765,N.Gonzalez,13,3,60,31,1,1,6,760,0,123,137.2,78.7,62.0,27.5,2.5,5.2
785,Echeverri,13,3,58,1,0,0,0,5,0,2,2.2,0.4,0.0,0.3,0.2,0.2
364,Amad,14,3,53,129,8,8,7,1898,17,569,634.0,687.2,615.0,193.8,5.5,24.3
365,Antony,14,3,57,8,0,0,0,135,0,37,35.0,50.7,74.0,15.8,0.0,1.4
366,B.Fernandes,14,3,84,174,8,12,10,3017,28,810,1017.8,1407.7,587.0,300.8,2.5,20.7
367,Bayindir,14,1,43,8,0,0,1,360,0,22,80.0,0.0,0.0,7.9,2.0,1.9
368,Casemiro,14,3,46,48,1,0,6,1489,3,300,433.2,348.2,265.0,104.8,1.0,10.4
369,Dalot,14,2,50,95,0,4,8,2812,9,352,493.2,434.2,258.0,118.2,0.2,19.0
370,Eriksen,14,3,52,45,1,2,4,1052,0,228,235.8,474.3,79.0,78.9,2.8,8.7
371,Evans,14,2,44,15,0,0,1,312,3,71,66.6,5.3,23.0,9.5,0.2,3.4
372,Garnacho,14,3,59,106,6,4,5,2188,7,370,454.0,532.2,904.0,188.3,3.5,18.0
373,Hannibal,14,3,45,0,0,0,0,0,0,0,0.0,0.0,0.0,0.0,0.0,0.0
374,Heaton,14,1,39,0,0,0,0,0,0,0,0.0,0.0,0.0,0.0,0.0,0.0
375,Højlund,14,4,69,78,4,1,6,1998,8,246,187.0,254.7,432.0,86.3,1.5,11.3
376,Lindelof,14,2,43,27,0,0,2,695,0,100,125.4,48.5,8.0,18.3,2.5,6.3
377,Maguire,14,2,49,48,1,0,3,1751,3,217,409.4,101.2,233.0,74.5,2.2,9.8
378,Mainoo,14,3,52,42,0,0,5,1646,0,229,196.6,250.8,137.0,58.8,1.5,8.1
379,Malacia,14,2,44,2,0,0,0,99,0,2,5.2,13.9,0.0,1.7,0.0,0.5
380,Martinez,14,2,43,68,2,1,6,1751,5,293,426.6,153.9,158.0,73.8,0.0,15.8
381,McTominay,14,3,49,2,0,0,0,17,0,4,3.2,0.3,5.0,0.9,0.0,0.4
382,Mount,14,3,63,25,1,0,3,613,0,74,104.0,140.0,218.0,45.6,3.2,4.0
383,Onana,14,1,49,120,0,0,9,3060,8,443,733.0,13.0,0.0,74.7,0.5,24.5
384,Pellistri,14,3,50,0,0,0,0,0,0,0,0.0,0.0,0.0,0.0,0.0,0.0
387,Shaw,14,2,49,5,0,0,0,346,0,38,48.2,68.2,11.0,12.7,0.2,1.0
389,Zirkzee,14,4,65,64,3,2,3,1385,6,216,222.6,212.0,351.0,78.0,0.0,9.8
572,Yoro,14,2,43,22,0,0,1,1160,0,90,207.4,55.8,54.0,31.8,0.2,5.1
593,De Ligt,14,2,48,68,2,0,4,2119,3,312,518.4,88.7,303.0,91.5,0.0,14.2
594,Mazraoui,14,2,42,88,0,1,7,2836,5,410,619.4,332.7,123.0,107.5,0.8,21.0
613,Collyer,14,3,45,6,0,0,0,174,0,40,40.4,29.9,8.0,7.9,0.0,1.3
648,Wheatley,14,4,45,0,0,0,0,0,0,0,0.0,0.0,0.0,0.0,0.0,0.0
652,Ugarte,14,3,49,49,1,2,4,1777,1,318,313.6,195.9,113.0,62.1,1.2,10.0
658,Heaven,14,2,40,10,0,0,1,169,2,47,43.4,12.9,10.0,6.6,2.0,2.5
667,Fletcher,14,3,45,0,0,0,0,0,0,0,0.0,0.0,0.0,0.0,0.0,0.0
670,Amass,14,2,40,4,0,0,0,345,0,1,40.0,26.5,15.0,8.2,0.2,1.0
673,Fitzgerald,14,3,45,0,0,0,0,0,0,0,0.0,0.0,0.0,0.0,0.0,0.0
691,Kukonki,14,2,40,0,0,0,0,0,0,0,0.0,0.0,0.0,0.0,0.0,0.0
745,Amorim,14,5,8,86,0,0,0,0,0,0,0.0,0.0,0.0,0.0,5.8,107.5
761,Harrison,14,1,40,0,0,0,0,0,0,0,0.0,0.0,0.0,0.0,0.0,0.0
766,Dorgu,14,2,45,18,0,0,2,840,1,108,106.4,175.3,112.0,39.4,2.5,4.0
776,Obi,14,4,45,7,0,0,0,160,0,21,8.2,5.1,46.0,5.4,0.8,1.6
777,Fredricson,14,2,40,2,0,0,0,166,0,16,37.4,4.9,2.0,4.4,0.0,0.5
778,Moorhouse,14,3,45,0,0,0,0,0,0,0,0.0,0.0,0.0,0.0,0.0,0.0
779,Koné,14,3,45,0,0,0,0,0,0,0,0.0,0.0,0.0,0.0,0.0,0.0
783,Graczyk,14,1,40,0,0,0,0,0,0,0,0.0,0.0,0.0,0.0,0.0,0.0
788,Dermot Mee,14,1,40,0,0,0,0,0,0,0,0.0,0.0,0.0,0.0,0.0,0.0
390,A.Murphy,15,2,40,0,0,0,0,0,0,0,0.0,0.0,0.0,0.0,0.0,0.0
391,Almirón,15,3,54,10,0,0,0,150,0,36,15.2,40.9,57.0,11.3,0.0,1.9
392,Barnes,15,3,59,130,9,5,6,1746,13,442,522.2,407.1,701.0,163.1,2.2,22.0
393,Botman,15,2,44,18,0,0,2,412,0,95,110.4,28.4,96.0,23.6,2.5,4.1
394,Bruno G.,15,3,62,135,5,6,13,3273,10,661,723.0,796.0,454.0,197.5,3.2,21.8
395,Burn,15,2,46,115,1,1,13,3330,9,476,736.6,123.6,297.0,115.8,4.0,25.0
396,Dúbravka,15,1,40,44,0,0,5,900,2,160,220.2,0.0,0.0,22.0,0.0,11.0
398,Gordon,15,3,74,124,6,6,10,2428,9,476,537.0,777.3,655.0,196.8,1.8,16.8
399,Hall,15,2,47,102,0,7,8,2188,11,443,561.6,561.2,128.0,125.3,0.0,21.7
400,Hayden,15,3,44,0,0,0,0,0,0,0,0.0,0.0,0.0,0.0,0.0,0.0
401,Isak,15,4,94,211,23,6,12,2758,36,848,1043.0,573.1,1320.0,292.7,3.2,22.4
402,J.Murphy,15,3,52,159,8,13,11,2356,11,601,713.4,625.2,519.0,185.6,2.5,30.6
403,Joelinton,15,3,60,99,4,4,10,2394,11,374,469.8,389.3,465.0,132.7,0.0,16.5
404,Kelly,15,2,42,12,0,1,0,299,0,40,80.6,29.0,20.0,12.6,0.0,2.9
405,Krafth,15,2,43,17,0,0,1,334,0,55,59.2,19.7,13.0,9.3,0.2,4.0
406,Kuol,15,3,44,0,0,0,0,0,0,0,0.0,0.0,0.0,0.0,0.0,0.0
407,Lascelles,15,2,45,0,0,0,0,0,0,0,0.0,0.0,0.0,0.0,0.0,0.0
408,Lewis,15,2,40,0,0,0,0,0,0,0,0.0,0.0,0.0,0.0,0.0,0.0
409,Livramento,15,2,46,105,0,1,10,2835,6,476,567.4,406.2,127.0,110.1,3.2,22.8
410,Longstaff,15,3,44,34,0,1,2,783,0,131,117.2,78.4,76.0,27.3,0.2,7.7
411,Miley,15,3,50,21,1,0,0,304,1,88,87.4,33.5,45.0,16.7,0.5,4.2
412,Odysseas,15,1,42,0,0,0,0,0,0,0,0.0,0.0,0.0,0.0,0.0,0.0
413,Pope,15,1,50,102,0,0,8,2520,2,384,666.0,10.0,0.0,67.4,3.8,20.4
414,Ruddy,15,1,39,0,0,0,0,0,0,0,0.0,0.0,0.0,0.0,0.0,0.0
415,Schär,15,2,55,118,4,2,11,2935,4,440,743.2,111.5,346.0,119.6,3.5,21.5
416,Targett,15,2,39,2,0,0,0,20,0,7,5.0,5.6,0.0,1.0,0.0,0.5
417,Tonali,15,3,55,106,4,2,11,2625,10,536,539.4,496.3,299.0,133.5,4.2,19.3
418,Trippier,15,2,56,72,0,3,6,1299,8,287,319.4,406.8,33.0,76.1,0.8,12.9
419,White,15,3,45,0,0,0,0,0,0,0,0.0,0.0,0.0,0.0,0.0,0.0
420,Willock,15,3,47,46,0,2,4,1065,0,139,172.8,273.8,197.0,63.9,0.5,9.8
421,Wilson,15,4,69,19,0,0,0,355,0,42,13.0,42.2,71.0,12.1,1.2,2.8
574,Pivas,15,2,40,0,0,0,0,0,0,0,0.0,0.0,0.0,0.0,0.0,0.0
590,Osula,15,4,49,19,1,0,0,124,1,59,42.4,25.1,37.0,10.5,0.5,3.9
746,Howe,15,5,15,97,0,0,0,0,0,0,0.0,0.0,0.0,0.0,3.5,64.7
789,Neave,15,4,45,0,0,0,0,0,0,0,0.0,0.0,0.0,0.0,0.0,0.0
26,Alex Moreno,16,2,42,34,0,1,3,952,1,126,200.8,134.5,29.0,36.4,0.0,8.1
422,Aina,16,2,53,128,2,1,12,2996,15,483,578.2,282.3,80.0,94.1,1.0,24.2
423,Anderson,16,3,50,107,2,6,13,2726,8,526,638.8,605.2,308.0,155.6,1.4,21.4
424,Awoniyi,16,4,55,32,1,0,1,398,0,89,67.0,40.9,118.0,21.9,0.4,5.8
425,Boly,16,2,42,6,0,0,0,146,0,26,51.0,0.4,17.0,6.8,0.0,1.4
426,Bowler,16,3,45,0,0,0,0,0,0,0,0.0,0.0,0.0,0.0,0.0,0.0
427,C.Miguel,16,1,41,0,0,0,0,0,0,0,0.0,0.0,0.0,0.0,0.0,0.0
428,Da Silva Moreira,16,3,43,2,0,0,0,28,0,9,5.2,0.3,0.0,0.6,0.0,0.5
429,Danilo,16,3,47,11,0,0,1,270,0,43,34.6,5.0,0.0,3.9,0.2,2.3
430,Dennis,16,4,49,0,0,0,0,0,0,0,0.0,0.0,0.0,0.0,0.0,0.0
431,Dominguez,16,3,48,54,0,1,7,1954,0,292,410.2,247.2,237.0,89.4,1.6,11.2
432,Elanga,16,3,55,153,6,11,12,2496,15,535,627.0,785.4,582.0,199.8,3.6,27.8
433,Gibbs-White,16,3,65,154,7,11,13,2806,18,594,680.4,793.7,632.0,210.6,5.6,23.7
434,Hudson-Odoi,16,3,51,103,5,3,11,2190,7,454,445.6,663.9,405.0,151.0,0.6,20.2
435,Mighten,16,3,45,0,0,0,0,0,0,0,0.0,0.0,0.0,0.0,0.0,0.0
436,Murillo,16,2,47,130,2,0,12,3188,18,541,927.2,211.2,201.0,134.0,2.8,27.7
437,N.Williams,16,2,45,109,1,3,10,2588,8,435,628.4,305.3,244.0,118.0,2.4,24.2
438,O.Richards,16,2,45,0,0,0,0,0,0,0,0.0,0.0,0.0,0.0,0.0,0.0
439,O'Brien,16,3,50,0,0,0,0,0,0,0,0.0,0.0,0.0,0.0,0.0,0.0
440,Omobamidele,16,2,42,0,0,0,0,0,0,0,0.0,0.0,0.0,0.0,0.0,0.0
441,Panzo,16,2,40,0,0,0,0,0,0,0,0.0,0.0,0.0,0.0,0.0,0.0
442,Sangaré,16,3,43,20,0,1,2,584,0,107,130.6,80.3,21.0,23.2,1.6,4.7
443,Sels,16,1,52,150,0,1,13,3420,11,521,942.2,20.2,0.0,96.7,1.8,28.8
444,Toffolo,16,2,42,4,0,0,0,135,0,18,40.2,4.1,6.0,5.1,0.0,1.0
446,Ui-jo,16,4,45,0,0,0,0,0,0,0,0.0,0.0,0.0,0.0,0.0,0.0
447,Wood,16,4,72,200,20,3,15,2958,41,744,838.4,320.0,900.0,205.6,3.2,27.8
448,Worrall,16,2,45,0,0,0,0,0,0,0,0.0,0.0,0.0,0.0,0.0,0.0
449,Yates,16,3,48,67,2,2,6,1901,3,306,344.4,241.1,265.0,85.4,1.0,14.0
573,Milenković,16,2,52,145,5,2,13,3330,2,499,805.2,107.9,361.0,127.2,2.8,27.9
596,Jota Silva,16,3,59,52,3,2,1,835,0,212,221.8,182.9,239.0,64.6,0.8,8.8
620,Sosa,16,3,55,25,1,0,1,280,0,101,87.4,103.0,104.0,29.2,0.4,4.5
653,Morato,16,2,45,36,0,0,3,891,2,125,205.2,10.8,22.0,24.0,0.0,8.0
706,Abbott,16,2,40,0,0,0,0,0,0,0,0.0,0.0,0.0,0.0,0.0,0.0
721,Hennessey,16,1,40,0,0,0,0,0,0,0,0.0,0.0,0.0,0.0,0.0,0.0
747,Nuno,16,5,11,78,0,0,0,0,0,0,0.0,0.0,0.0,0.0,3.4,70.9
14,Ramsdale,17,1,44,97,0,0,3,2700,11,315,980.6,0.1,0.0,98.3,3.8,22.0
27,Archer,17,4,48,57,2,0,2,1421,4,145,125.2,102.5,376.0,60.0,1.0,11.9
188,Ugochukwu,17,3,44,47,1,1,1,1652,3,209,265.0,211.9,84.0,55.9,0.8,10.7
397,Fraser,17,3,48,7,0,0,0,303,0,31,35.8,26.8,13.0,6.7,0.0,1.5
451,Amo-Ameyaw,17,3,44,1,0,0,0,26,0,1,4.0,16.1,6.0,2.6,0.0,0.2
452,Aribo,17,3,49,72,3,0,1,2007,7,394,386.2,293.0,242.0,92.3,0.5,14.7
453,Armstrong,17,4,51,45,2,3,2,1246,2,145,154.4,143.7,262.0,56.0,0.0,8.8
454,Bazunu,17,1,43,0,0,0,0,0,0,0,0.0,0.0,0.0,0.0,0.0,0.0
455,Bednarek,17,2,40,60,2,0,3,2531,3,283,770.6,78.3,71.0,91.9,2.0,15.0
456,Bella-Kotchap,17,2,39,2,0,0,0,329,0,7,64.6,2.3,4.0,7.0,0.0,0.5
457,Bree,17,2,39,23,0,1,1,1070,0,95,187.4,159.4,43.0,39.0,1.8,5.9
458,Charles,17,3,45,0,0,0,0,0,0,0,0.0,0.0,0.0,0.0,0.0,0.0
459,Edozie,17,3,49,1,0,0,0,64,0,6,9.8,19.0,22.0,5.1,0.0,0.2
460,Edwards,17,2,39,1,0,0,0,12,0,-1,5.0,0.1,0.0,0.5,0.0,0.3
461,Harwood-Bellis,17,2,39,55,1,0,3,2824,2,268,727.0,218.3,252.0,119.9,1.8,14.1
462,Kamaldeen,17,3,50,53,1,2,3,1394,2,163,187.2,182.4,290.0,65.7,1.5,10.6
463,Lallana,17,3,50,17,0,2,0,352,1,74,81.2,82.4,21.0,18.4,0.0,3.4
464,Larios,17,2,39,0,0,0,0,0,0,0,0.0,0.0,0.0,0.0,0.0,0.0
465,Lis,17,1,40,0,0,0,0,0,0,0,0.0,0.0,0.0,0.0,0.0,0.0
466,Lumley,17,1,40,8,0,0,0,270,0,22,102.2,0.0,0.0,10.2,0.0,2.0
467,Manning,17,2,43,34,0,2,1,1458,0,162,307.4,498.3,71.0,87.6,0.5,7.9
468,Mara,17,4,50,0,0,0,0,0,0,0,0.0,0.0,0.0,0.0,0.0,0.0
469,McCarthy,17,1,42,12,0,0,0,450,0,32,166.4,0.0,0.0,16.7,0.0,2.9
470,Onuachu,17,4,49,51,4,1,1,1038,4,151,219.8,127.3,479.0,81.7,0.5,10.4
471,Smallbone,17,3,50,26,1,0,0,679,0,119,112.6,163.3,64.0,33.9,1.0,5.2
472,Stephens,17,2,40,31,1,0,2,1389,2,112,291.8,71.6,51.0,41.5,1.8,7.8
473,Stewart,17,4,44,20,1,0,1,382,3,59,54.4,15.4,96.0,16.3,3.0,4.5
474,Sugawara,17,2,42,43,1,1,2,1548,0,116,315.4,291.3,137.0,74.2,0.2,10.2
475,Taylor,17,2,39,6,0,0,0,353,0,26,102.0,27.8,4.0,13.5,0.2,1.5
476,Walker-Peters,17,2,42,54,0,3,2,2918,3,240,503.8,406.8,237.0,114.4,0.2,12.9
477,Wood,17,2,39,14,0,0,1,771,2,54,137.8,20.3,16.0,17.6,0.2,3.6
515,Cornet,17,3,47,1,0,0,0,71,0,12,11.6,3.5,7.0,2.2,0.0,0.2
518,Downes,17,3,47,48,1,0,4,2149,0,312,297.6,292.2,118.0,71.0,1.8,10.2
584,Brereton Díaz,17,3,48,13,0,0,0,446,0,43,21.8,63.6,81.0,16.8,0.0,2.7
608,Dibling,17,3,43,68,2,2,3,1863,4,247,261.0,344.5,264.0,87.0,1.5,15.8
623,M.Fernandes,17,3,50,95,2,4,5,2911,8,513,553.4,649.5,372.0,157.8,3.0,19.0
693,O'Brien-Whitmarsh,17,3,45,0,0,0,0,0,0,0,0.0,0.0,0.0,0.0,0.0,0.0
718,Welington,17,2,40,14,0,0,1,478,0,53,120.2,58.4,11.0,19.0,2.0,3.5
719,Kayi Sanda,17,2,40,2,0,0,0,12,0,3,3.2,0.3,2.0,0.6,0.5,0.5
734,Grønbæk,17,3,49,6,0,0,0,141,0,13,15.8,11.4,9.0,3.7,0.0,1.2
748,Rusk,17,5,5,38,0,0,0,0,0,0,0.0,0.0,0.0,0.0,2.8,76.0
798,Jay Robinson,17,4,44,5,0,0,0,134,0,19,21.8,34.4,29.0,8.6,1.0,1.1
804,Moore,17,2,40,0,0,0,0,0,0,0,0.0,0.0,0.0,0.0,0.0,0.0
82,Solanke,18,4,73,108,9,5,4,2199,7,404,505.8,199.8,729.0,142.1,2.0,14.8
478,A.Phillips,18,2,40,0,0,0,0,0,0,0,0.0,0.0,0.0,0.0,0.0,0.0
479,Austin,18,1,40,1,0,0,0,90,0,7,20.0,0.0,0.0,2.0,0.0,0.2
480,Bentancur,18,3,49,49,2,0,3,1640,1,293,324.6,208.5,165.0,70.2,0.5,10.0
481,Bergvall,18,3,44,44,0,2,3,1200,0,216,237.2,218.7,97.0,55.0,0.0,10.0
482,Bissouma,18,3,48,50,2,0,3,1396,4,258,283.8,133.8,59.0,48.0,1.2,10.4
483,Bryan,18,3,50,0,0,0,0,0,0,0,0.0,0.0,0.0,0.0,0.0,0.0
484,Davies,18,2,43,28,0,0,3,1329,0,154,343.6,42.1,49.0,43.7,0.5,6.5
485,Devine,18,3,45,0,0,0,0,0,0,0,0.0,0.0,0.0,0.0,0.0,0.0
486,Dragusin,18,2,43,24,0,0,2,1250,0,96,256.4,58.1,47.0,36.2,0.0,5.6
487,E.Royal,18,2,45,0,0,0,0,0,0,0,0.0,0.0,0.0,0.0,0.0,0.0
488,Forster,18,1,43,19,0,0,1,630,0,64,221.0,0.0,0.0,22.2,0.0,4.4
489,Gray,18,3,46,45,0,0,2,1750,0,253,254.6,71.4,15.0,34.3,1.8,9.8
490,Højbjerg,18,3,50,0,0,0,0,0,0,0,0.0,0.0,0.0,0.0,0.0,0.0
491,Johnson,18,3,62,137,11,6,2,2171,13,461,559.6,295.0,761.0,161.0,0.8,22.1
492,Kulusevski,18,3,62,117,7,4,6,2386,9,426,613.6,843.8,733.0,218.7,0.8,18.9
493,Lo Celso,18,3,49,0,0,0,0,0,0,0,0.0,0.0,0.0,0.0,0.0,0.0
494,Maddison,18,3,74,133,9,8,6,1799,15,592,683.4,702.3,495.0,187.8,0.0,18.0
495,Pedro Porro,18,2,52,98,2,6,6,2606,6,456,778.4,932.9,200.0,191.2,-0.2,18.8
496,Reguilón,18,2,41,2,0,0,0,194,0,20,33.4,25.2,13.0,7.2,0.2,0.5
497,Richarlison,18,4,68,35,4,1,1,497,0,138,180.8,57.1,243.0,47.4,1.0,5.1
498,Romero,18,2,49,49,1,1,3,1416,3,245,343.2,113.1,232.0,69.0,0.0,10.0
499,P.M.Sarr,18,3,47,71,3,2,2,1901,4,365,398.4,257.2,220.0,87.2,1.5,15.1
500,Scarlett,18,4,44,6,0,1,0,31,0,20,24.4,11.0,17.0,5.2,0.0,1.4
502,Solomon,18,3,54,0,0,0,0,0,0,0,0.0,0.0,0.0,0.0,0.0,0.0
503,Son,18,3,97,129,7,10,4,2106,12,543,629.6,734.9,707.0,207.2,0.8,13.3
504,Spence,18,2,44,51,1,2,3,1790,6,216,433.0,226.6,100.0,76.1,1.0,11.6
505,Udogie,18,2,48,43,0,1,2,1923,0,233,354.8,256.5,132.0,74.5,0.0,9.0
506,Van de Ven,18,2,45,32,0,2,2,1014,2,139,212.0,39.4,57.0,30.9,0.2,7.1
507,Veliz,18,4,50,0,0,0,0,0,0,0,0.0,0.0,0.0,0.0,0.0,0.0
508,Vicario,18,1,48,66,0,0,4,2160,2,293,587.8,0.0,0.0,58.5,0.8,13.8
509,Werner,18,3,62,34,0,3,1,504,2,120,114.6,148.0,113.0,37.1,0.0,5.5
510,Whiteman,18,1,39,0,0,0,0,0,0,0,0.0,0.0,0.0,0.0,0.0,0.0
609,Lankshear,18,4,45,3,0,0,0,10,0,7,0.0,0.0,0.0,0.0,0.0,0.7
610,Moore,18,3,45,19,0,2,0,359,0,51,33.2,45.2,34.0,11.0,1.2,4.2
612,Odobert,18,3,53,34,1,0,1,843,3,92,101.2,108.6,156.0,36.7,3.8,6.4
683,Olusesi,18,3,45,0,0,0,0,0,0,0,0.0,0.0,0.0,0.0,0.0,0.0
684,Hardy,18,2,40,0,0,0,0,0,0,0,0.0,0.0,0.0,0.0,0.0,0.0
689,Williams-Barnett,18,3,45,0,0,0,0,0,0,0,0.0,0.0,0.0,0.0,0.0,0.0
699,Dorrington,18,2,40,1,0,0,0,13,0,4,1.0,0.2,0.0,0.1,0.0,0.2
700,King,18,2,40,0,0,0,0,0,0,0,0.0,0.0,0.0,0.0,0.0,0.0
716,Kinsky,18,1,41,17,0,0,1,540,0,86,208.2,10.1,0.0,21.7,1.2,4.1
717,Yang,18,3,45,0,0,0,0,0,0,0,0.0,0.0,0.0,0.0,0.0,0.0
729,Ajayi,18,3,45,0,0,0,0,0,0,0,0.0,0.0,0.0,0.0,0.0,0.0
749,Postecoglou,18,5,11,58,0,0,0,0,0,0,0.0,0.0,0.0,0.0,1.2,52.7
760,Cassanova,18,2,40,0,0,0,0,0,0,0,0.0,0.0,0.0,0.0,0.0,0.0
767,Danso,18,2,44,16,0,0,1,842,0,104,242.0,34.4,72.0,34.9,1.0,3.6
768,Tel,18,3,58,42,2,2,2,908,2,151,183.8,208.3,236.0,62.3,3.0,7.2
123,Ferguson,19,4,55,28,1,0,1,385,2,97,80.0,68.5,104.0,25.0,0.2,5.1
388,Wan-Bissaka,19,2,45,118,2,6,6,3154,15,496,807.4,531.5,188.0,152.7,6.2,26.2
511,Álvarez,19,3,50,40,0,1,3,1769,0,221,281.8,213.9,51.0,54.7,0.8,8.0
512,Antonio,19,4,52,42,1,4,4,834,3,111,72.0,139.5,194.0,39.5,0.0,8.1
513,Areola,19,1,42,69,0,0,4,2259,1,261,619.8,0.0,0.0,62.1,3.0,16.4
514,Bowen,19,3,79,193,13,11,8,2974,21,678,903.0,737.8,1081.0,271.9,9.5,24.4
516,Coufal,19,2,41,27,0,0,2,1056,1,89,204.0,142.0,70.0,41.3,2.0,6.6
517,Cresswell,19,2,39,36,0,0,3,818,3,159,148.4,152.3,14.0,31.4,2.2,9.2
519,Earthy,19,3,45,0,0,0,0,0,0,0,0.0,0.0,0.0,0.0,0.0,0.0
520,Emerson,19,2,44,76,2,1,5,2108,4,219,420.4,310.9,173.0,90.4,0.8,17.3
521,Fabianski,19,1,39,39,0,0,2,1160,2,143,387.8,0.3,0.0,38.7,0.8,10.0
522,Foderingham,19,1,42,0,0,0,0,0,0,0,0.0,0.0,0.0,0.0,0.0,0.0
523,Ings,19,4,48,32,1,3,0,270,4,110,97.0,76.5,159.0,33.4,0.0,6.7
524,Kilman,19,2,43,82,0,1,6,3348,5,395,832.6,203.3,149.0,118.8,2.5,19.1
525,Kudus,19,3,62,106,5,4,7,2589,5,373,471.6,552.5,752.0,177.5,4.0,17.1
526,L.Guilherme,19,3,46,12,0,0,0,139,0,47,27.6,49.1,32.0,10.8,0.2,2.6
527,L.Paquetá,19,3,57,80,4,1,4,2374,5,375,433.2,627.7,267.0,132.6,0.5,14.0
528,Mavropanos,19,2,43,45,0,0,2,2035,4,234,497.0,74.9,160.0,73.2,1.0,10.5
529,N.Aguerd,19,2,44,0,0,0,0,0,0,0,0.0,0.0,0.0,0.0,0.0,0.0
530,Souček,19,3,48,126,9,2,7,2563,15,442,672.6,231.8,643.0,154.0,3.8,26.2
531,Ward-Prowse,19,3,61,51,1,2,5,1433,2,293,282.4,378.3,138.0,80.0,3.5,8.4
532,Zouma,19,2,44,0,0,0,0,0,0,0,0.0,0.0,0.0,0.0,0.0,0.0
576,Irving,19,3,47,9,0,0,0,161,0,38,37.6,26.5,17.0,8.1,0.0,1.9
587,Summerville,19,3,55,33,1,1,2,776,2,129,156.4,246.1,186.0,58.7,0.0,6.0
588,G.Rodríguez,19,3,48,36,0,1,4,1147,0,193,205.4,79.7,29.0,31.5,1.8,7.5
589,Füllkrug,19,4,67,42,3,2,2,783,3,152,187.2,173.3,221.0,56.8,1.5,6.3
591,Todibo,19,2,42,54,0,0,5,1824,1,233,373.0,37.1,35.0,44.5,2.5,12.9
643,Casey,19,2,40,1,0,0,0,1,0,3,2.0,0.0,0.0,0.2,0.0,0.2
654,C.Soler,19,3,50,47,1,1,2,1394,2,216,189.0,295.8,186.0,67.2,0.5,9.4
677,Scarles,19,2,40,29,0,0,2,659,2,98,106.4,54.3,24.0,18.6,0.5,7.2
686,Mayers,19,2,40,0,0,0,0,0,0,0,0.0,0.0,0.0,0.0,0.0,0.0
701,Orford,19,3,45,2,0,0,0,47,0,13,6.4,27.6,6.0,4.0,0.0,0.4
750,Potter,19,5,5,84,0,0,0,0,0,0,0.0,0.0,0.0,0.0,6.0,168.0
204,Johnstone,20,1,41,12,0,0,0,630,0,42,193.8,10.0,0.0,20.4,0.0,2.9
533,Aït-Nouri,20,2,51,125,4,7,7,3112,13,447,778.4,694.3,435.0,191.0,1.2,24.5
534,B.Traore,20,3,48,1,0,0,0,1,0,3,4.0,0.0,0.0,0.4,0.0,0.2
535,Bellegarde,20,3,49,90,2,7,6,1666,5,332,355.6,422.8,200.0,97.2,2.2,18.4
536,Bentley,20,1,39,9,0,0,1,180,1,29,60.0,0.0,0.0,6.0,0.5,2.3
537,Chiquinho,20,3,45,1,0,0,0,6,0,4,3.0,14.3,2.0,1.9,0.0,0.2
538,Chirewa,20,3,45,0,0,0,0,0,0,0,0.0,0.0,0.0,0.0,0.0,0.0
539,Chiwome,20,4,44,0,0,0,0,0,0,0,0.0,0.0,0.0,0.0,0.0,0.0
540,Cundle,20,3,45,0,0,0,0,0,0,0,0.0,0.0,0.0,0.0,0.0,0.0
541,Cunha,20,4,70,178,15,7,7,2596,41,838,936.2,847.8,940.0,272.2,1.2,25.4
542,Dawson,20,2,42,17,0,1,1,969,1,57,204.2,31.3,55.0,29.1,0.0,4.0
543,Doherty,20,2,43,75,2,1,6,2105,4,307,502.2,179.9,135.0,81.8,1.2,17.4
544,Doyle,20,3,47,28,0,1,0,474,0,128,114.6,101.7,34.0,25.3,0.0,6.0
545,Fábio Silva,20,4,50,0,0,0,0,0,0,0,0.0,0.0,0.0,0.0,0.0,0.0
546,Fraser,20,4,45,0,0,0,0,0,0,0,0.0,0.0,0.0,0.0,0.0,0.0
547,Gonzalez,20,3,44,0,0,0,0,0,0,0,0.0,0.0,0.0,0.0,0.0,0.0
548,Guedes,20,3,53,62,2,4,3,979,2,187,215.8,213.9,217.0,64.0,1.5,11.7
549,H.Bueno,20,2,45,0,0,0,0,0,0,0,0.0,0.0,0.0,0.0,0.0,0.0
550,Hee Chan,20,3,61,37,2,1,0,646,0,130,111.6,72.7,84.0,26.7,0.5,6.1
551,Hodge,20,3,45,0,0,0,0,0,0,0,0.0,0.0,0.0,0.0,0.0,0.0
552,Hoever,20,2,40,0,0,0,0,0,0,0,0.0,0.0,0.0,0.0,0.0,0.0
553,J.Gomes,20,3,49,87,3,1,6,2975,7,489,513.4,428.9,231.0,117.3,1.2,17.8
554,José Sá,20,1,44,93,0,0,7,2610,4,305,603.4,30.0,0.0,63.4,1.8,21.1
555,Kalajdžić,20,4,48,0,0,0,0,0,0,0,0.0,0.0,0.0,0.0,0.0,0.0
556,King,20,1,39,1,0,0,0,1,0,3,0.0,0.0,0.0,0.0,0.2,0.3
557,Mario Jr.,20,3,48,47,1,3,1,1363,5,252,356.8,166.7,120.0,64.4,0.0,9.8
558,Mosquera,20,2,38,3,0,0,0,441,0,24,110.2,27.3,21.0,16.0,0.0,0.8
559,N.Semedo,20,2,45,84,0,4,8,2889,0,302,504.6,404.9,149.0,106.0,1.0,18.7
561,Pedro Lima,20,2,39,2,0,0,0,69,0,9,23.4,34.8,11.0,6.9,0.0,0.5
562,Podence,20,3,55,2,0,0,0,46,0,9,3.0,1.1,1.0,0.4,0.0,0.4
563,R.Gomes,20,3,51,42,2,0,1,794,0,183,186.6,180.2,113.0,47.6,1.2,8.2
564,S.Bueno,20,2,43,52,0,0,5,1678,2,174,345.4,15.8,80.0,44.2,0.5,12.1
565,Sarabia,20,3,50,50,3,2,1,800,3,175,217.6,245.9,177.0,63.8,1.0,10.0
566,Strand Larsen,20,4,52,145,14,4,7,2587,17,570,646.8,303.4,848.0,179.5,4.0,27.9
567,Toti,20,2,43,79,0,1,8,2613,8,370,617.2,144.2,102.0,86.5,1.0,18.4
637,Meupiyou,20,2,39,0,0,0,0,0,0,0,0.0,0.0,0.0,0.0,0.0,0.0
642,André,20,3,50,61,0,0,7,2472,1,436,383.2,285.5,30.0,69.7,1.8,12.2
655,Forbs,20,3,54,9,0,0,0,236,0,35,25.8,24.2,35.0,8.3,0.0,1.7
664,Pond,20,2,39,1,0,0,0,1,0,3,0.0,0.0,0.0,0.0,0.0,0.3
682,Edozie,20,3,45,0,0,0,0,0,0,0,0.0,0.0,0.0,0.0,0.0,0.0
711,Okoduwa,20,2,40,0,0,0,0,0,0,0,0.0,0.0,0.0,0.0,0.0,0.0
720,Agbadou,20,2,40,45,1,0,4,1410,1,223,395.2,57.3,67.0,52.0,2.5,11.2
751,Pereira,20,5,8,111,0,0,0,0,0,0,0.0,0.0,0.0,0.0,2.8,138.8
769,Djiga,20,2,45,4,0,0,0,65,0,11,5.6,2.1,0.0,0.8,0.0,0.9
770,Munetsi,20,3,50,50,2,2,5,1077,4,134,176.8,132.9,212.0,52.3,3.5,10.0
784,Mané,20,4,45,1,0,0,0,1,0,3,0.0,0.3,0.0,0.0,0.2,0.2
