id,web_name,team,element_type,form,points_per_game,total_points,minutes,selected_by_percent,transfers_in_event,transfers_out_event
1,Fábio Vieira,1,3,0.0,0.0,0,0,0.0,0,0
2,G.Jesus,1,4,0.0,2.5,42,600,1.0,0,0
3,Gabriel,1,2,0.0,4.2,117,2363,12.2,0,0
4,Havertz,1,4,0.2,4.2,97,1872,6.2,0,0
5,Hein,1,1,0.0,0.0,0,0,0.0,0,0
6,J.Timber,1,2,0.0,3.8,114,2415,4.3,0,0
7,Jorginho,1,3,0.2,1.3,20,701,0.2,0,0
8,Kiwior,1,2,2.8,2.5,43,1117,3.8,0,0
9,Martinelli,1,3,3.5,3.8,125,2284,3.1,0,0
12,Nwaneri,1,3,0.8,2.5,66,882,1.5,0,0
13,Ødegaard,1,3,6.5,3.9,116,2321,5.7,0,0
15,Raya,1,1,3.0,3.7,142,3420,32.6,0,0
16,Rice,1,3,5.5,3.6,127,2823,4.2,0,0
17,Saka,1,3,2.0,5.1,127,1724,20.2,0,0
18,Saliba,1,2,0.8,3.7,130,3039,25.8,0,0
20,Thomas,1,3,2.2,3.1,108,2793,0.7,0,0
21,Tierney,1,2,3.0,2.1,27,250,0.1,0,0
22,Tomiyasu,1,2,0.0,1.0,1,6,0.0,0,0
23,Trossard,1,3,4.0,4.0,152,2546,4.5,0,0
24,White,1,2,3.2,2.9,50,1195,4.4,0,0
25,Zinchenko,1,2,1.0,2.7,40,518,0.9,0,0
73,Neto,1,1,0.0,3.5,7,180,0.7,0,0
186,Sterling,1,3,0.8,1.5,26,490,0.8,0,0
578,Calafiori,1,2,0.5,2.1,39,978,1.5,0,0
597,Lewis-Skelly,1,3,1.8,1.6,37,1362,0.4,0,0
633,Merino,1,3,1.8,3.3,92,1575,1.5,0,0
638,Oulad M'hand,1,3,0.0,0.0,0,0,0.0,0,0
639,Setford,1,1,0.0,0.0,0,0,0.1,0,0
657,Kacurri,1,2,0.0,0.0,0,0,0.0,0,0
659,Kabia,1,3,0.0,0.0,0,0,0.0,0,0
662,Nichols,1,2,0.0,0.0,0,0,0.1,0,0
665,Butler-Oyedeji,1,4,0.0,1.0,1,6,0.2,0,0
735,Arteta,1,5,5.8,0.0,104,0,9.0,0,0
756,Porter,1,1,0.0,0.0,0,0,0.0,0,0
790,Gower,1,3,0.0,0.0,0,0,0.0,0,0
793,Jack Henry-Francis,1,3,0.0,0.0,0,0,0.0,0,0
801,Clarke,1,2,0.0,0.0,0,0,0.0,0,0
28,Bailey,2,3,0.2,2.0,47,1132,0.8,0,0
29,Barkley,2,3,0.8,2.2,44,567,0.2,0,0
30,Barrenechea,2,3,0.0,0.0,0,0,0.0,0,0
31,Buendia,2,3,0.0,0.9,11,89,0.1,0,0
32,Cash,2,2,4.8,2.8,76,2069,1.6,0,0
33,Dendoncker,2,3,0.0,0.0,0,0,0.2,0,0
34,Diaby,2,3,0.0,0.0,0,0,0.0,0,0
35,Diego Carlos,2,2,0.0,2.1,21,828,0.3,0,0
36,Digne,2,2,2.0,2.8,89,2348,5.6,0,0
37,Dobbin,2,3,0.0,0.0,0,0,0.0,0,0
38,Duran,2,4,0.0,2.6,53,622,1.6,0,0
39,Gauci,2,1,0.0,0.0,0,0,0.5,0,0
40,Hause,2,2,0.0,0.0,0,0,0.5,0,0
41,Iling Jr,2,3,0.0,0.0,0,0,0.0,0,0
42,Kamara,2,3,4.5,2.2,57,1720,0.1,0,0
43,Kesler-Hayden,2,2,0.0,0.0,0,0,0.0,0,0
44,Konsa,2,2,6.8,3.0,103,2936,9.5,0,0
45,Maatsen,2,2,3.5,2.0,57,1125,1.6,0,0
46,Marschall,2,1,0.0,0.0,0,0,0.0,0,0
47,Martinez,2,1,5.2,3.0,111,3195,13.3,0,0
48,McGinn,2,3,3.2,2.3,78,2217,0.7,0,0
49,Mings,2,2,1.5,3.4,47,1119,0.2,0,0
50,Nedeljkovic,2,2,0.0,1.0,5,121,0.5,0,0
51,Olsen,2,1,0.2,2.2,9,225,0.1,0,0
52,Pau,2,2,3.5,2.3,55,2019,0.8,0,0
53,Ramsey,2,3,0.5,2.3,66,1616,0.3,0,0
54,Rogers,2,3,4.0,4.4,161,3115,25.8,0,0
55,Sinisalo,2,1,0.0,0.0,0,0,0.0,0,0
56,Sousa,2,2,0.0,0.0,0,0,0.0,0,0
57,Tielemans,2,3,3.0,3.4,121,3025,1.1,0,0
58,Watkins,2,4,4.5,4.9,186,2593,29.0,0,0
167,Disasi,2,2,0.0,2.5,33,851,0.4,0,0
233,Onana,2,3,2.5,2.5,65,1613,2.1,0,0
385,Rashford,2,3,0.0,3.8,95,1414,3.7,0,0
598,Bogarde,2,2,0.0,0.8,6,473,0.2,0,0
640,Swinkels,2,2,0.0,0.0,0,0,0.1,0,0
641,Zych,2,1,0.0,0.0,0,0,0.5,0,0
656,Young,2,3,0.0,0.0,0,0,0.2,0,0
679,Broggio,2,3,0.0,0.0,0,0,0.0,0,0
710,Jimoh,2,3,0.0,0.0,0,0,0.0,0,0
725,Malen,2,3,0.8,2.4,34,296,0.2,0,0
731,A. Garcia,2,2,0.0,1.1,8,316,0.1,0,0
737,Emery,2,5,7.0,0.0,105,0,7.7,0,0
762,M.Asensio,2,3,1.8,3.4,44,740,2.4,0,0
59,Aarons,3,2,0.0,2.7,8,84,0.1,0,0
60,Adams,3,3,2.2,2.1,58,1959,0.1,0,0
61,Anthony,3,3,0.0,0.0,0,0,0.1,0,0
62,Brooks,3,3,1.5,1.8,52,941,0.0,0,0
63,Christie,3,3,0.0,2.6,76,2114,0.1,0,0
64,Cook,3,3,0.8,2.3,82,2976,0.1,0,0
65,Enes Ünal,3,4,0.0,1.9,32,330,0.1,0,0
66,Faivre,3,3,0.0,0.0,0,0,0.0,0,0
67,H.Traorè,3,3,0.0,0.0,0,0,0.0,0,0
68,Hill,3,2,0.0,1.7,17,443,0.5,0,0
69,Jebbison,3,4,2.2,1.2,20,105,1.1,0,0
70,Kerkez,3,2,2.8,3.5,134,3336,20.0,0,0
71,Kluivert,3,3,1.8,4.6,158,2339,11.0,0,0
72,Mepham,3,2,0.0,0.0,0,0,0.0,0,0
74,O.Dango,3,3,0.2,3.5,111,1998,0.9,0,0
75,Paulsen,3,1,0.0,0.0,0,0,0.0,0,0
76,Philip,3,3,0.0,1.0,10,176,0.0,0,0
77,Scott,3,3,0.5,1.3,26,745,0.0,0,0
78,Semenyo,3,3,6.0,4.5,165,3202,8.0,0,0
79,Senesi,3,2,1.8,1.8,31,1103,0.3,0,0
80,Sinisterra,3,3,0.0,1.9,23,229,0.1,0,0
81,Smith,3,2,2.0,2.3,57,1586,0.1,0,0
83,Tavernier,3,3,3.0,3.0,87,1932,0.2,0,0
84,Travers,3,1,0.0,3.8,19,450,0.1,0,0
85,Zabarnyi,3,2,3.8,2.6,94,3109,0.5,0,0
152,Arrizabalaga,3,1,3.0,3.4,106,2790,3.7,0,0
580,Huijsen,3,2,3.2,3.2,104,2422,5.0,0,0
592,J.Araujo,3,2,0.8,1.0,12,492,0.1,0,0
599,Dennis,3,1,0.0,0.0,0,0,0.3,0,0
617,Evanilson,3,4,3.0,4.1,128,2317,8.5,0,0
680,Kinsey,3,2,0.0,0.0,0,0,0.0,0,0
687,Winterburn,3,3,0.2,1.0,4,22,0.0,0,0
702,Harris,3,2,0.0,0.0,0,0,0.0,0,0
707,Rees-Dottin,3,4,0.0,1.0,1,1,0.1,0,0
712,Akinmboni,3,2,0.0,0.0,0,0,0.0,0,0
713,Soler,3,2,0.5,1.0,3,9,0.0,0,0
722,Adu-Adjei,3,4,0.0,0.0,0,0,0.0,0,0
723,Sadi,3,3,0.0,0.0,0,0,0.0,0,0
727,McKenna,3,1,0.0,0.0,0,0,0.0,0,0
728,Silcott-Duberry,3,3,0.0,1.0,1,1,0.0,0,0
738,Iraola,3,5,7.2,0.0,82,0,4.8,0,0
86,Ajer,4,2,0.2,1.6,39,1433,0.2,0,0
87,Brierley,4,3,0.0,0.0,0,0,0.1,0,0
88,Collins,4,2,4.6,3.3,127,3420,4.5,0,0
89,Damsgaard,4,3,3.0,3.4,131,2911,1.2,0,0
90,Dasilva,4,3,0.0,0.0,0,0,0.0,0,0
91,Flekken,4,1,5.6,3.7,138,3275,10.0,0,0
92,Henry,4,2,0.4,0.8,4,94,0.0,0,0
93,Hickey,4,2,0.0,0.0,0,0,0.0,0,0
94,Janelt,4,3,0.0,2.3,73,2251,0.2,0,0
95,Jensen,4,3,1.0,1.6,38,846,0.1,0,0
96,Ji-soo,4,2,0.0,1.0,3,28,0.3,0,0
97,Konak,4,3,0.4,1.0,10,53,0.1,0,0
98,Lewis-Potter,4,3,1.6,2.5,94,3092,0.1,0,0
99,Mbeumo,4,3,5.2,6.2,236,3415,46.7,0,0
100,Mee,4,2,0.0,1.3,9,180,0.3,0,0
101,Nørgaard,4,3,4.2,3.1,107,2820,0.2,0,0
102,Onyeka,4,3,0.0,1.0,2,23,0.0,0,0
103,Peart-Harris,4,3,0.0,0.0,0,0,0.0,0,0
104,Pinnock,4,2,0.0,2.1,47,1912,0.3,0,0
105,Roerslev,4,2,0.0,1.9,36,1100,0.1,0,0
106,Schade,4,3,7.4,3.9,149,2281,3.3,0,0
107,Thiago,4,4,0.8,1.1,9,167,0.0,0,0
108,Toney,4,4,0.0,0.0,0,0,1.1,0,0
109,Valdimarsson,4,1,0.0,1.0,2,144,2.9,0,0
110,Wissa,4,4,5.2,5.3,185,2921,24.2,0,0
111,Yarmoliuk,4,3,2.0,1.4,43,1435,2.3,0,0
112,Zanka,4,2,0.0,0.0,0,0,0.0,0,0
314,Carvalho,4,3,0.0,1.8,35,443,0.4,0,0
338,Van den Berg,4,2,3.0,2.0,62,2584,1.5,0,0
602,Trevitt,4,3,0.0,1.0,1,3,0.0,0,0
634,G.Nunes,4,3,0.2,1.0,3,11,0.0,0,0
649,Meghoma,4,2,0.0,1.0,1,4,0.0,0,0
661,Yogane,4,3,0.0,0.0,0,0,0.0,0,0
674,Maghoma,4,3,0.0,1.0,8,112,0.0,0,0
705,Arthur,4,2,0.0,0.0,0,0,0.0,0,0
752,Frank,4,5,9.0,0.0,116,0,15.1,0,0
757,Kayode,4,2,4.0,2.2,27,523,0.1,0,0
759,Eyestone,4,1,0.0,0.0,0,0,0.0,0,0
780,Morgan,4,4,0.0,0.0,0,0,0.0,0,0
786,Benjamin Fredrick,4,2,0.0,0.0,0,0,0.0,0,0
113,Adingra,5,3,2.5,2.1,60,1081,0.3,0,0
114,Baker-Boaitey,5,3,0.0,0.0,0,0,0.0,0,0
115,Baleba,5,3,2.2,2.6,87,2660,0.2,0,0
116,Barco,5,2,0.0,0.0,0,0,1.9,0,0
118,Cozier-Duberry,5,3,0.0,0.0,0,0,0.0,0,0
119,Dahoud,5,3,0.0,0.0,0,0,0.0,0,0
120,Dunk,5,2,0.5,1.8,44,2081,2.3,0,0
122,Estupiñan,5,2,2.5,2.1,63,2399,1.3,0,0
124,Gilmour,5,3,0.0,1.5,3,97,0.0,0,0
125,Gross,5,3,0.0,0.0,0,0,0.0,0,0
126,Hinshelwood,5,3,6.2,3.4,89,1839,0.1,0,0
127,I.Osman,5,3,0.0,0.0,0,0,0.0,0,0
128,Igor,5,2,0.2,1.4,18,959,0.1,0,0
129,João Pedro,5,4,0.0,4.7,126,1946,8.5,0,0
130,Kozlowski,5,3,0.0,0.0,0,0,0.0,0,0
131,Lamptey,5,2,0.5,2.8,42,856,0.2,0,0
132,March,5,3,0.0,0.9,7,161,0.0,0,0
133,Mazilu,5,3,0.0,0.0,0,0,0.0,0,0
134,Milner,5,3,0.2,1.5,6,170,0.0,0,0
135,Minteh,5,3,4.0,3.2,102,1831,1.0,0,0
136,Mitoma,5,3,2.8,4.0,145,2597,6.3,0,0
137,Moder,5,3,0.0,1.0,4,9,0.4,0,0
138,O’Mahony,5,4,0.0,0.0,0,0,0.2,0,0
139,Offiah,5,2,0.0,0.0,0,0,0.1,0,0
140,Peupion,5,3,0.0,0.0,0,0,0.0,0,0
141,Sarmiento,5,3,0.0,1.0,1,8,0.0,0,0
142,Steele,5,1,0.0,4.5,9,180,0.7,0,0
143,Undav,5,4,0.0,0.0,0,0,0.0,0,0
144,Van Hecke,5,2,3.0,2.6,87,2960,0.7,0,0
145,Veltman,5,2,0.2,2.8,59,1694,1.1,0,0
146,Verbruggen,5,1,3.8,2.9,103,3240,2.5,0,0
147,Webster,5,2,3.2,2.8,39,885,0.1,0,0
148,Welbeck,5,4,3.8,4.2,125,2109,6.9,0,0
149,Wieffer,5,3,3.0,2.1,52,1003,0.1,0,0
595,Gruda,5,3,3.8,2.1,45,676,0.1,0,0
600,Ayari,5,3,3.5,2.2,74,1958,0.1,0,0
601,Moran,5,3,0.0,0.0,0,0,0.0,0,0
615,Rushworth,5,1,0.0,0.0,0,0,0.1,0,0
618,Georginio,5,3,0.0,3.4,95,1651,0.3,0,0
628,F.Kadıoğlu,5,2,0.0,3.2,19,385,0.1,0,0
629,O'Riley,5,3,3.2,2.4,50,929,0.0,0,0
663,Samuels,5,2,0.0,0.0,0,0,0.0,0,0
668,Cahill,5,1,0.0,0.0,0,0,0.9,0,0
681,McConville,5,2,0.0,0.0,0,0,0.0,0,0
685,Slater,5,2,0.0,0.0,0,0,0.0,0,0
714,Gómez,5,3,3.5,1.9,30,507,0.0,0,0
739,Hürzeler,5,5,12.0,0.0,119,0,2.3,0,0
758,Knight,5,3,0.0,0.0,0,0,0.0,0,0
763,Cashin,5,2,0.0,0.5,1,19,0.0,0,0
791,Charlie Tasker,5,2,0.0,0.0,0,0,0.0,0,0
794,Freddie Simmonds,5,2,0.0,0.0,0,0,0.0,0,0
795,Harry Howell,5,3,0.2,1.0,1,6,0.0,0,0
150,Andrey Santos,6,3,0.0,0.0,0,0,0.0,0,0
151,Ângelo,6,3,0.0,0.0,0,0,0.1,0,0
153,B.Badiashile,6,2,0.0,1.4,7,332,0.1,0,0
154,Bergström,6,1,0.0,0.0,0,0,0.2,0,0
155,Bettinelli,6,1,0.0,0.0,0,0,0.4,0,0
157,Caicedo,6,3,3.2,2.6,98,3351,1.0,0,0
158,Casadei,6,3,0.0,0.0,0,0,0.1,0,0
159,Chalobah,6,2,0.8,3.7,93,1969,0.7,0,0
161,Chukwuemeka,6,3,0.0,0.0,0,0,0.0,0,0
162,Colwill,6,2,5.8,3.1,109,3150,2.4,0,0
163,Cucurella,6,2,6.5,3.7,133,2988,11.8,0,0
164,D.D.Fofana,6,4,0.0,0.0,0,0,0.1,0,0
165,Deivid,6,4,0.0,0.0,0,0,0.1,0,0
166,Dewsbury-Hall,6,3,0.2,1.4,18,257,0.1,0,0
168,Enzo,6,3,4.0,3.8,135,2943,4.1,0,0
169,Gallagher,6,3,0.0,0.0,0,0,0.1,0,0
170,Gilchrist,6,2,0.0,0.0,0,0,0.0,0,0
171,Gusto,6,2,1.0,1.9,60,1853,1.4,0,0
172,James,6,2,4.5,2.8,54,1057,1.1,0,0
173,Kellyman,6,3,0.0,0.0,0,0,0.1,0,0
174,Lavia,6,3,1.8,1.6,26,792,0.4,0,0
175,Lukaku,6,4,0.0,0.0,0,0,0.2,0,0
176,M.Sarr,6,2,0.0,0.0,0,0,0.0,0,0
177,Madueke,6,3,2.2,3.8,120,2028,3.2,0,0
178,Marc Guiu,6,4,0.0,1.0,3,71,0.5,0,0
179,Mudryk,6,3,0.0,1.0,7,145,0.2,0,0
180,N.Jackson,6,4,0.0,4.0,121,2220,6.2,0,0
181,Nkunku,6,3,0.0,2.2,60,904,2.0,0,0
182,Palmer,6,3,4.2,5.8,214,3193,34.3,0,0
183,Petrović,6,1,0.0,0.0,0,0,0.1,0,0
184,Renato Veiga,6,3,0.0,1.0,7,176,0.1,0,0
185,Sánchez,6,1,4.0,3.9,126,2880,6.2,0,0
187,Tosin,6,2,3.5,3.2,71,1403,0.3,0,0
189,W.Fofana,6,2,0.0,1.9,26,1172,0.2,0,0
386,Sancho,6,3,1.0,2.8,86,1754,0.9,0,0
560,Neto,6,3,4.0,3.0,104,2262,1.4,0,0
575,Wiley,6,2,0.0,0.0,0,0,0.0,0,0
581,Jørgensen,6,1,0.0,3.0,18,540,0.4,0,0
621,João Félix,6,3,0.0,2.0,24,362,0.4,0,0
695,Rak-Sakyi,6,3,0.0,0.0,0,0,0.0,0,0
696,George,6,3,0.8,2.1,17,177,0.0,0,0
697,Acheampong,6,2,0.0,1.0,4,168,0.1,0,0
740,Maresca,6,5,6.8,0.0,94,0,1.7,0,0
771,Amougou,6,3,0.0,1.0,1,7,0.0,0,0
774,Anselmino,6,2,0.0,0.0,0,0,0.0,0,0
781,Mheuka,6,4,0.0,1.0,1,1,0.0,0,0
782,Samuels-Smith,6,2,0.0,0.0,0,0,0.0,0,0
787,Genesis Antwi,6,2,0.0,0.0,0,0,0.0,0,0
11,Nketiah,7,4,3.8,1.8,53,1018,0.7,0,0
160,Chilwell,7,2,2.0,1.6,13,254,0.5,0,0
190,Ahamada,7,3,0.0,0.0,0,0,0.1,0,0
193,C.Doucouré,7,3,0.0,1.5,19,443,0.0,0,0
194,C.Richards,7,2,2.8,2.8,68,1921,0.2,0,0
195,Chadi Riad,7,2,0.0,1.0,1,90,0.0,0,0
196,Clyne,7,2,0.0,1.4,18,477,0.1,0,0
197,Ebiowei,7,3,0.0,0.0,0,0,0.0,0,0
199,Eze,7,3,8.8,4.4,148,2588,14.6,0,0
200,Guéhi,7,2,2.2,3.4,116,3059,5.7,0,0
201,Henderson,7,1,3.0,3.6,135,3420,11.7,0,0
202,Holding,7,2,0.0,0.0,0,0,0.1,0,0
203,Hughes,7,3,2.0,2.0,67,2100,0.0,0,0
205,Kamada,7,3,1.2,1.3,45,1545,0.1,0,0
206,Lerma,7,3,1.8,1.8,58,2270,0.1,0,0
207,Mateta,7,4,1.5,4.1,150,2642,8.3,0,0
208,M.França,7,3,0.5,2.2,9,52,0.2,0,0
209,Matthews,7,1,0.0,0.0,0,0,0.4,0,0
210,Mitchell,7,2,4.0,3.3,123,3090,2.1,0,0
211,Muñoz,7,2,3.8,3.8,142,3229,19.3,0,0
212,Ozoh,7,3,0.0,0.0,0,0,0.0,0,0
213,Rak-Sakyi,7,3,0.0,0.0,0,0,0.0,0,0
214,Schlupp,7,3,0.0,1.0,12,95,0.0,0,0
215,Ward,7,2,0.0,0.5,1,71,0.1,0,0
216,Wharton,7,3,0.8,2.1,42,1314,0.1,0,0
445,Turner,7,1,0.0,0.0,0,0,7.2,0,0
585,I.Sarr,7,3,5.5,3.9,149,2708,5.3,0,0
644,Umeh-Chibueze,7,3,0.0,0.0,0,0,0.0,0,0
645,Devenny,7,3,1.5,1.5,34,494,0.1,0,0
646,Agbinone,7,3,0.0,1.0,2,4,0.0,0,0
647,Rodney,7,3,0.0,0.0,0,0,0.0,0,0
650,Lacroix,7,2,2.8,3.3,114,3116,0.9,0,0
666,Kporha,7,2,0.0,1.0,2,11,0.0,0,0
676,Marsh,7,4,0.0,0.0,0,0,0.2,0,0
730,Esse,7,3,2.8,3.1,22,138,0.1,0,0
741,Glasner,7,5,9.5,0.0,128,0,1.9,0,0
156,Broja,8,4,0.0,1.2,12,327,0.1,0,0
217,A.Doucoure,8,3,2.2,2.8,94,2563,0.5,0,0
218,Beto,8,4,4.5,2.9,87,1521,3.9,0,0
219,Branthwaite,8,2,2.2,2.9,88,2509,1.9,0,0
220,Calvert-Lewin,8,4,1.0,2.4,63,1602,1.0,0,0
221,Coleman,8,2,0.5,1.0,5,214,0.0,0,0
222,Gana,8,3,2.2,2.4,89,3063,0.2,0,0
223,Garner,8,3,2.0,2.0,42,1590,0.0,0,0
224,Harrison,8,3,1.8,2.4,81,2068,0.2,0,0
225,Holgate,8,2,0.0,1.0,1,5,0.1,0,0
226,Iroegbunam,8,3,0.5,1.2,22,562,0.6,0,0
227,J.Virginia,8,1,0.0,0.0,0,0,1.0,0,0
228,Keane,8,2,4.0,3.4,48,1046,4.3,0,0
229,Maupay,8,4,0.0,0.0,0,0,0.2,0,0
230,McNeil,8,3,5.2,4.4,93,1366,1.4,0,0
231,Mykolenko,8,2,6.2,3.5,121,3082,6.7,0,0
232,Ndiaye,8,4,4.5,3.5,114,2426,1.1,0,0
234,Patterson,8,2,0.8,1.4,14,342,0.0,0,0
235,Pickford,8,1,5.5,4.2,158,3420,15.9,0,0
236,Tarkowski,8,2,0.0,3.2,105,2922,1.6,0,0
237,Y. Chermiti,8,4,0.2,0.8,3,42,0.0,0,0
238,Young,8,2,3.8,3.1,98,1864,1.4,0,0
450,Alcaraz,8,3,5.0,2.8,44,766,0.1,0,0
577,Lindstrøm,8,3,0.0,1.8,44,1229,0.1,0,0
582,O'Brien,8,2,3.2,3.2,65,1568,0.9,0,0
603,Armstrong,8,3,0.0,0.7,2,47,0.1,0,0
614,Metcalfe,8,3,0.0,0.0,0,0,0.0,0,0
624,Begovic,8,1,0.0,0.0,0,0,0.2,0,0
627,Dixon,8,2,0.0,0.0,0,90,0.1,0,0
651,Mangala,8,3,0.0,2.1,39,1257,0.0,0,0
678,Bates,8,3,0.0,0.0,0,0,0.0,0,0
724,Sherif,8,4,0.0,0.0,0,0,0.1,0,0
742,Moyes,8,5,10.8,0.0,137,0,5.3,0,0
773,Heath,8,3,0.0,0.0,0,0,0.0,0,0
775,Coby Ebere,8,3,0.0,0.0,0,0,0.0,0,0
803,Welch,8,2,0.0,0.0,0,0,0.0,0,0
10,Nelson,9,3,0.0,2.2,27,483,0.0,0,0
19,Smith Rowe,9,3,2.0,3.4,114,2036,7.3,0,0
191,Andersen,9,2,1.0,1.7,51,2673,3.4,0,0
239,Adama,9,3,3.0,2.6,95,1756,1.4,0,0
240,Andreas,9,3,1.0,2.5,81,2004,0.8,0,0
241,Bassey,9,2,0.8,2.1,75,3074,0.6,0,0
242,Benda,9,1,0.0,0.0,0,0,0.3,0,0
243,Cairney,9,3,2.2,1.3,33,610,0.0,0,0
244,Castagne,9,2,0.2,1.9,46,1642,0.8,0,0
245,Diop,9,2,0.0,1.5,31,1334,0.2,0,0
246,Harris,9,3,0.0,0.0,0,0,0.0,0,0
247,Iwobi,9,3,1.8,4.1,156,2981,4.9,0,0
248,Leno,9,1,3.0,3.0,115,3420,2.9,0,0
249,Lukić,9,3,1.5,1.9,56,2348,0.0,0,0
250,Mbabu,9,2,0.0,0.0,0,0,0.1,0,0
251,Muniz,9,4,0.0,2.8,86,943,1.4,0,0
252,Raúl,9,4,5.5,3.9,147,2486,5.0,0,0
253,Ream,9,2,0.0,0.0,0,0,0.0,0,0
254,Reed,9,3,0.2,0.8,10,100,0.0,0,0
255,Robinson,9,2,1.0,2.9,106,3166,15.2,0,0
256,Stansfield,9,4,0.0,1.0,1,1,0.0,0,0
257,Tete,9,2,0.8,2.2,49,1773,0.2,0,0
258,Vinicius,9,4,0.0,1.0,3,13,0.3,0,0
259,Wilson,9,3,3.0,3.1,78,1148,0.2,0,0
579,Sessegnon,9,2,0.8,3.6,57,574,2.6,0,0
586,J.Cuenca,9,2,0.5,1.1,9,349,0.0,0,0
604,King,9,3,0.8,1.2,10,126,0.1,0,0
605,Godo,9,3,0.2,1.0,2,21,0.0,0,0
622,Berge,9,3,1.0,1.7,53,2221,0.0,0,0
690,Amissah,9,2,0.0,0.0,0,0,0.0,0,0
753,Silva,9,5,2.5,0.0,94,0,0.3,0,0
772,Willian,9,3,0.5,1.3,13,251,0.0,0,0
121,Enciso,10,3,3.2,2.4,59,1155,0.2,0,0
260,Al-Hamadi,10,4,0.0,0.7,8,125,0.2,0,0
261,Baggott,10,2,0.0,0.0,0,0,0.0,0,0
262,Broadhead,10,3,2.2,2.1,37,690,0.0,0,0
263,Burgess,10,2,1.5,1.4,26,1540,1.8,0,0
264,Burns,10,3,0.0,1.7,30,922,0.0,0,0
265,Chaplin,10,3,1.2,1.9,41,845,0.1,0,0
266,H.Clarke,10,2,0.0,0.1,1,377,0.0,0,0
267,Davis,10,2,0.5,1.6,52,2742,0.9,0,0
268,Delap,10,4,1.0,3.6,132,2587,3.3,0,0
269,Edmundson,10,2,0.0,1.0,1,1,0.1,0,0
270,Greaves,10,2,1.2,1.5,37,2205,2.3,0,0
271,Harness,10,3,0.0,1.0,2,43,0.0,0,0
272,Hirst,10,4,2.2,1.8,46,645,0.1,0,0
273,Humphreys,10,3,0.0,0.0,0,0,0.0,0,0
274,Hutchinson,10,3,2.8,2.8,88,2585,0.3,0,0
275,Johnson,10,2,0.2,1.3,30,1346,1.9,0,0
276,Ladapo,10,4,0.0,0.0,0,0,0.4,0,0
277,Luongo,10,3,0.5,1.2,13,195,0.2,0,0
278,Morsy,10,3,1.8,2.0,67,2749,0.1,0,0
279,Ndaba,10,2,0.0,0.0,0,0,0.0,0,0
280,Slicker,10,1,0.0,0.0,0,0,0.6,0,0
281,Taylor,10,3,1.2,1.2,38,837,0.0,0,0
282,Tuanzebe,10,2,1.2,1.2,27,1710,1.2,0,0
283,Walton,10,1,0.5,2.3,16,630,0.2,0,0
284,Woolfenden,10,2,0.2,1.2,18,1187,1.2,0,0
359,Phillips,10,3,0.2,1.4,27,1231,0.1,0,0
568,Muric,10,1,0.0,2.7,49,1620,0.4,0,0
569,Jaden,10,3,0.0,1.8,37,796,0.1,0,0
583,Townsend,10,2,0.0,1.8,11,334,0.5,0,0
611,Szmodics,10,3,0.2,2.7,54,988,0.1,0,0
619,Cajuste,10,3,2.2,2.1,63,1960,0.1,0,0
630,O'Shea,10,2,1.2,1.4,49,3122,1.2,0,0
631,J.Clarke,10,3,1.2,1.7,53,1161,0.0,0,0
632,Ogbene,10,3,0.0,1.4,7,237,0.0,0,0
715,Godfrey,10,2,0.0,-0.3,-1,158,0.0,0,0
743,McKenna,10,5,1.5,0.0,51,0,0.4,0,0
764,Palmer,10,1,1.2,1.7,22,1170,0.1,0,0
799,Boniface,10,2,0.0,0.0,0,0,0.0,0,0
800,Tom Taylor,10,3,0.0,0.0,0,0,0.0,0,0
117,Buonanotte,11,3,2.0,2.4,75,1508,0.4,0,0
192,J.Ayew,11,3,3.8,2.4,75,1649,0.2,0,0
198,Edouard,11,4,0.0,1.2,7,141,0.2,0,0
285,B.Soumaré,11,3,1.8,1.5,48,2165,0.3,0,0
286,Cannon,11,4,0.0,0.0,0,0,0.3,0,0
287,Choudhury,11,3,0.0,1.0,4,129,1.0,0,0
288,Coady,11,2,5.5,1.8,39,1712,0.5,0,0
289,Daka,11,4,1.0,1.5,34,717,0.5,0,0
290,De Cordova-Reid,11,3,0.0,2.1,48,734,0.1,0,0
291,Faes,11,2,4.0,1.6,55,2812,5.2,0,0
292,Golding,11,3,0.2,1.0,1,1,0.2,0,0
293,Hermansen,11,1,0.0,2.3,63,2385,0.4,0,0
294,Iversen,11,1,0.0,0.0,0,0,0.7,0,0
295,Justin,11,2,5.0,1.9,70,2912,1.2,0,0
296,Kristiansen,11,2,0.5,1.1,34,2481,0.1,0,0
297,Marcal,11,3,0.0,0.0,0,0,0.0,0,0
298,Mavididi,11,3,0.0,2.4,72,1606,0.3,0,0
299,McAteer,11,3,3.5,1.9,35,846,0.0,0,0
300,Ndidi,11,3,2.8,2.3,64,2325,0.2,0,0
301,Okoli,11,2,0.2,1.4,27,1122,0.4,0,0
302,Ricardo,11,2,0.2,1.0,10,382,0.1,0,0
303,Souttar,11,2,0.0,0.0,0,0,0.0,0,0
304,Stolarczyk,11,1,3.8,2.5,25,900,0.5,0,0
305,Thomas,11,2,4.2,1.9,27,1109,1.4,0,0
306,Vardy,11,4,5.5,3.7,128,2825,5.2,0,0
307,Vestergaard,11,2,0.0,0.6,11,1390,1.5,0,0
308,Ward,11,1,0.0,1.0,2,135,2.0,0,0
309,Winks,11,3,0.0,1.8,40,1536,4.7,0,0
501,Skipp,11,3,1.8,1.1,27,1118,0.0,0,0
570,A.Fatawu,11,3,0.0,2.4,26,576,0.2,0,0
606,Alves,11,3,0.0,1.0,1,1,0.1,0,0
616,Nelson,11,2,0.0,0.0,0,0,0.0,0,0
635,El Khannouss,11,3,3.5,2.6,83,2179,0.2,0,0
694,Cartwright,11,3,0.0,0.0,0,0,0.0,0,0
708,Wilson-Brown,11,2,0.0,0.0,0,0,0.0,0,0
726,Coulibaly,11,2,0.0,0.2,1,107,0.0,0,0
754,Van Nistelrooy,11,5,7.5,0.0,48,0,0.5,0,0
792,Monga,11,3,1.0,1.0,7,105,0.0,0,0
796,Olabade Aluko,11,2,0.2,1.0,1,1,0.0,0,0
797,Jake Evans,11,3,0.8,1.0,4,21,0.0,0,0
802,Braybrooke,11,3,0.0,0.0,0,0,0.0,0,0
310,A.Becker,12,1,2.8,4.0,112,2508,8.4,0,0
311,Alexander-Arnold,12,2,0.5,4.5,148,2362,16.7,0,0
312,Bajcetic,12,3,0.0,0.0,0,0,0.0,0,0
313,Bradley,12,2,1.8,2.2,41,744,1.2,0,0
315,Clark,12,3,0.0,0.0,0,0,0.0,0,0
316,Darwin,12,4,1.0,2.2,66,1113,1.9,0,0
317,Diogo J.,12,3,0.8,3.3,87,1182,2.6,0,0
318,Doak,12,3,0.0,0.0,0,0,0.0,0,0
319,Elliott,12,3,4.2,1.8,33,359,0.3,0,0
320,Endo,12,3,1.0,1.1,21,259,0.1,0,0
321,Gakpo,12,4,5.0,3.6,127,1921,5.4,0,0
322,Gomez,12,2,0.0,1.6,14,517,0.4,0,0
323,Gravenberch,12,3,0.8,2.5,92,3160,0.7,0,0
324,Jones,12,3,1.8,2.6,87,1702,0.2,0,0
325,Kelleher,12,1,0.0,4.5,45,900,1.2,0,0
326,Konaté,12,2,1.0,3.4,106,2561,7.0,0,0
327,Luis Díaz,12,3,2.8,5.1,183,2393,16.8,0,0
328,M.Salah,12,3,4.0,9.1,344,3374,66.3,0,0
329,Mac Allister,12,3,1.2,3.5,122,2597,1.7,0,0
330,McConnell,12,3,0.0,0.0,0,0,0.1,0,0
331,Morton,12,3,0.0,0.0,0,0,0.1,0,0
332,N.Phillips,12,2,0.0,0.0,0,0,0.1,0,0
333,Quansah,12,2,-0.2,0.7,9,488,1.0,0,0
334,R.Williams,12,2,0.0,0.0,0,0,0.0,0,0
335,Robertson,12,2,1.5,2.8,91,2479,4.0,0,0
336,Szoboszlai,12,3,3.8,4.0,143,2485,2.7,0,0
337,Tsimikas,12,2,0.5,2.4,43,829,0.2,0,0
339,Virgil,12,2,2.0,3.9,143,3330,25.6,0,0
636,Chiesa,12,3,0.8,1.2,7,103,0.2,0,0
660,Jaros,12,1,0.0,1.0,1,11,0.1,0,0
669,Davies,12,1,0.0,0.0,0,0,0.0,0,0
688,Nyoni,12,3,0.0,0.0,0,0,0.0,0,0
692,Nallo,12,2,0.0,0.0,0,0,0.0,0,0
709,Danns,12,4,0.0,1.0,1,10,0.0,0,0
744,Slot,12,5,3.0,0.0,118,0,6.3,0,0
340,Akanji,13,2,3.8,2.3,61,2012,2.3,0,0
341,Aké,13,2,0.0,2.5,25,677,0.8,0,0
342,Bernardo,13,3,5.0,3.3,110,2667,2.8,0,0
343,Bobb,13,3,0.2,1.0,3,14,0.1,0,0
344,Carson,13,1,0.0,0.0,0,0,0.2,0,0
345,De Bruyne,13,3,4.5,4.1,114,1694,11.6,0,0
346,Doku,13,3,2.8,3.0,88,1506,1.7,0,0
347,Ederson M.,13,1,5.0,4.3,111,2320,5.7,0,0
348,Foden,13,3,1.2,3.8,105,1771,4.6,0,0
349,Grealish,13,3,0.2,1.9,38,710,0.2,0,0
350,Gvardiol,13,2,6.0,4.1,153,3278,38.6,0,0
351,Haaland,13,4,2.5,5.8,181,2736,24.0,0,0
352,J.Alvarez,13,4,0.0,0.0,0,0,0.1,0,0
353,João Cancelo,13,2,0.0,0.0,0,0,0.2,0,0
354,Kovačić,13,3,2.0,3.5,109,2194,1.2,0,0
355,Lewis,13,2,1.8,2.4,66,1888,3.5,0,0
356,Matheus N.,13,3,3.5,3.1,81,1670,0.2,0,0
357,McAtee,13,3,0.5,2.1,31,340,0.1,0,0
358,Ortega Moreno,13,1,0.0,2.7,35,1099,0.7,0,0
360,Rodrigo,13,3,0.2,1.0,3,72,0.8,0,0
361,Rúben,13,2,6.2,3.3,90,2269,5.5,0,0
362,Stones,13,2,0.0,2.6,29,544,1.0,0,0
363,Walker,13,2,0.0,0.9,13,966,2.5,0,0
571,Savinho,13,3,0.5,3.7,106,1760,1.9,0,0
607,O’Reilly,13,3,0.5,3.4,31,525,0.2,0,0
625,Gündogan,13,3,5.8,2.9,97,2218,0.5,0,0
626,Kaboré,13,2,0.0,0.0,0,0,0.0,0,0
671,Wright,13,3,0.0,0.0,0,0,0.0,0,0
672,Simpson-Pusey,13,2,0.0,0.5,1,95,0.0,0,0
675,Wilson-Esbrand,13,2,0.0,0.0,0,0,0.0,0,0
698,Mubama,13,4,0.0,1.0,1,27,0.1,0,0
703,Alleyne,13,2,0.0,0.0,0,0,0.0,0,0
704,Brits,13,1,0.0,0.0,0,0,0.0,0,0
732,Khusanov,13,2,0.0,2.3,14,503,0.3,0,0
733,Vitor Reis,13,2,0.0,1.0,1,1,0.0,0,0
736,Guardiola,13,5,8.2,0.0,113,0,29.2,0,0
755,Marmoush,13,4,3.2,4.6,73,1174,22.6,0,0
765,N.Gonzalez,13,3,2.5,2.8,31,760,0.0,0,0
785,Echeverri,13,3,0.2,1.0,1,5,0.0,0,0
364,Amad,14,3,5.5,5.0,129,1898,4.1,0,0
365,Antony,14,3,0.0,1.0,8,135,0.2,0,0
366,B.Fernandes,14,3,2.5,4.8,174,3017,13.7,0,0
367,Bayindir,14,1,2.0,2.0,8,360,0.1,0,0
368,Casemiro,14,3,1.0,2.0,48,1489,0.4,0,0
369,Dalot,14,2,0.2,2.9,95,2812,4.7,0,0
370,Eriksen,14,3,2.8,2.0,45,1052,0.2,0,0
371,Evans,14,2,0.2,2.1,15,312,0.1,0,0
372,Garnacho,14,3,3.5,2.9,106,2188,4.7,0,0
373,Hannibal,14,3,0.0,0.0,0,0,0.0,0,0
374,Heaton,14,1,0.0,0.0,0,0,0.2,0,0
375,Højlund,14,4,1.5,2.4,78,1998,1.0,0,0
376,Lindelof,14,2,2.5,1.7,27,695,0.1,0,0
377,Maguire,14,2,2.2,1.8,48,1751,0.8,0,0
378,Mainoo,14,3,1.5,1.7,42,1646,1.7,0,0
379,Malacia,14,2,0.0,0.7,2,99,0.0,0,0
380,Martinez,14,2,0.0,3.4,68,1751,2.2,0,0
381,McTominay,14,3,0.0,1.0,2,17,0.1,0,0
382,Mount,14,3,3.2,1.5,25,613,0.2,0,0
383,Onana,14,1,0.5,3.5,120,3060,5.0,0,0
384,Pellistri,14,3,0.0,0.0,0,0,0.0,0,0
387,Shaw,14,2,0.2,0.7,5,346,0.2,0,0
389,Zirkzee,14,4,0.0,2.0,64,1385,1.5,0,0
572,Yoro,14,2,0.2,1.0,22,1160,0.2,0,0
593,De Ligt,14,2,0.0,2.3,68,2119,2.9,0,0
594,Mazraoui,14,2,0.8,2.4,88,2836,7.3,0,0
613,Collyer,14,3,0.0,1.0,6,174,0.0,0,0
648,Wheatley,14,4,0.0,0.0,0,0,1.0,0,0
652,Ugarte,14,3,1.2,1.7,49,1777,0.1,0,0
658,Heaven,14,2,2.0,2.5,10,169,0.1,0,0
667,Fletcher,14,3,0.0,0.0,0,0,0.0,0,0
670,Amass,14,2,0.2,0.8,4,345,0.1,0,0
673,Fitzgerald,14,3,0.0,0.0,0,0,0.0,0,0
691,Kukonki,14,2,0.0,0.0,0,0,0.0,0,0
745,Amorim,14,5,5.8,0.0,86,0,1.4,0,0
761,Harrison,14,1,0.0,0.0,0,0,0.0,0,0
766,Dorgu,14,2,2.5,1.5,18,840,0.2,0,0
776,Obi,14,4,0.8,1.0,7,160,0.2,0,0
777,Fredricson,14,2,0.0,1.0,2,166,0.0,0,0
778,Moorhouse,14,3,0.0,0.0,0,0,0.0,0,0
779,Koné,14,3,0.0,0.0,0,0,0.0,0,0
783,Graczyk,14,1,0.0,0.0,0,0,0.0,0,0
788,Dermot Mee,14,1,0.0,0.0,0,0,0.0,0,0
390,A.Murphy,15,2,0.0,0.0,0,0,0.5,0,0
391,Almirón,15,3,0.0,1.1,10,150,0.3,0,0
392,Barnes,15,3,2.2,3.9,130,1746,4.2,0,0
393,Botman,15,2,2.5,2.2,18,412,0.0,0,0
394,Bruno G.,15,3,3.2,3.6,135,3273,3.0,0,0
395,Burn,15,2,4.0,3.1,115,3330,12.6,0,0
396,Dúbravka,15,1,0.0,4.4,44,900,1.3,0,0
398,Gordon,15,3,1.8,3.6,124,2428,8.0,0,0
399,Hall,15,2,0.0,3.8,102,2188,4.4,0,0
400,Hayden,15,3,0.0,0.0,0,0,0.1,0,0
401,Isak,15,4,3.2,6.2,211,2758,49.4,0,0
402,J.Murphy,15,3,2.5,4.5,159,2356,14.3,0,0
403,Joelinton,15,3,0.0,3.4,99,2394,1.1,0,0
404,Kelly,15,2,0.0,1.2,12,299,0.1,0,0
405,Krafth,15,2,0.2,1.4,17,334,0.1,0,0
406,Kuol,15,3,0.0,0.0,0,0,0.1,0,0
407,Lascelles,15,2,0.0,0.0,0,0,0.0,0,0
408,Lewis,15,2,0.0,0.0,0,0,0.1,0,0
409,Livramento,15,2,3.2,2.8,105,2835,8.9,0,0
410,Longstaff,15,3,0.2,1.4,34,783,0.3,0,0
411,Miley,15,3,0.5,1.5,21,304,0.0,0,0
412,Odysseas,15,1,0.0,0.0,0,0,0.1,0,0
413,Pope,15,1,3.8,3.6,102,2520,6.1,0,0
414,Ruddy,15,1,0.0,0.0,0,0,0.3,0,0
415,Schär,15,2,3.5,3.5,118,2935,5.0,0,0
416,Targett,15,2,0.0,1.0,2,20,0.3,0,0
417,Tonali,15,3,4.2,2.9,106,2625,0.9,0,0
418,Trippier,15,2,0.8,2.9,72,1299,4.4,0,0
419,White,15,3,0.0,0.0,0,0,0.1,0,0
420,Willock,15,3,0.5,1.4,46,1065,0.1,0,0
421,Wilson,15,4,1.2,1.1,19,355,0.2,0,0
574,Pivas,15,2,0.0,0.0,0,0,0.1,0,0
590,Osula,15,4,0.5,1.4,19,124,0.2,0,0
746,Howe,15,5,3.5,0.0,97,0,2.8,0,0
789,Neave,15,4,0.0,0.0,0,0,0.0,0,0
26,Alex Moreno,16,2,0.0,2.3,34,952,0.4,0,0
422,Aina,16,2,1.0,3.7,128,2996,13.0,0,0
423,Anderson,16,3,1.4,2.9,107,2726,0.3,0,0
424,Awoniyi,16,4,0.4,1.2,32,398,0.3,0,0
425,Boly,16,2,0.0,1.0,6,146,0.1,0,0
426,Bowler,16,3,0.0,0.0,0,0,0.0,0,0
427,C.Miguel,16,1,0.0,0.0,0,0,0.1,0,0
428,Da Silva Moreira,16,3,0.0,1.0,2,28,0.1,0,0
429,Danilo,16,3,0.2,1.4,11,270,0.0,0,0
430,Dennis,16,4,0.0,0.0,0,0,0.2,0,0
431,Dominguez,16,3,1.6,1.6,54,1954,0.0,0,0
432,Elanga,16,3,3.6,4.0,153,2496,9.4,0,0
433,Gibbs-White,16,3,5.6,4.5,154,2806,7.4,0,0
434,Hudson-Odoi,16,3,0.6,3.3,103,2190,1.2,0,0
435,Mighten,16,3,0.0,0.0,0,0,0.0,0,0
436,Murillo,16,2,2.8,3.6,130,3188,4.1,0,0
437,N.Williams,16,2,2.4,3.1,109,2588,4.0,0,0
438,O.Richards,16,2,0.0,0.0,0,0,0.0,0,0
439,O'Brien,16,3,0.0,0.0,0,0,0.0,0,0
440,Omobamidele,16,2,0.0,0.0,0,0,0.0,0,0
441,Panzo,16,2,0.0,0.0,0,0,0.0,0,0
442,Sangaré,16,3,1.6,1.5,20,584,1.2,0,0
443,Sels,16,1,1.8,3.9,150,3420,19.9,0,0
444,Toffolo,16,2,0.0,1.0,4,135,0.1,0,0
446,Ui-jo,16,4,0.0,0.0,0,0,0.8,0,0
447,Wood,16,4,3.2,5.6,200,2958,30.8,0,0
448,Worrall,16,2,0.0,0.0,0,0,0.0,0,0
449,Yates,16,3,1.0,1.9,67,1901,0.1,0,0
573,Milenković,16,2,2.8,3.9,145,3330,18.0,0,0
596,Jota Silva,16,3,0.8,1.7,52,835,0.1,0,0
620,Sosa,16,3,0.4,1.3,25,280,0.1,0,0
653,Morato,16,2,0.0,1.4,36,891,0.1,0,0
706,Abbott,16,2,0.0,0.0,0,0,0.0,0,0
721,Hennessey,16,1,0.0,0.0,0,0,0.0,0,0
747,Nuno,16,5,3.4,0.0,78,0,5.0,0,0
14,Ramsdale,17,1,3.8,3.2,97,2700,1.3,0,0
27,Archer,17,4,1.0,1.6,57,1421,1.1,0,0
188,Ugochukwu,17,3,0.8,1.8,47,1652,0.3,0,0
397,Fraser,17,3,0.0,0.9,7,303,0.0,0,0
451,Amo-Ameyaw,17,3,0.0,0.5,1,26,0.1,0,0
452,Aribo,17,3,0.5,2.2,72,2007,0.1,0,0
453,Armstrong,17,4,0.0,2.2,45,1246,0.5,0,0
454,Bazunu,17,1,0.0,0.0,0,0,0.1,0,0
455,Bednarek,17,2,2.0,2.0,60,2531,1.9,0,0
456,Bella-Kotchap,17,2,0.0,0.5,2,329,0.4,0,0
457,Bree,17,2,1.8,1.4,23,1070,0.3,0,0
458,Charles,17,3,0.0,0.0,0,0,0.0,0,0
459,Edozie,17,3,0.0,0.5,1,64,0.0,0,0
460,Edwards,17,2,0.0,1.0,1,12,0.2,0,0
461,Harwood-Bellis,17,2,1.8,1.6,55,2824,4.1,0,0
462,Kamaldeen,17,3,1.5,2.0,53,1394,0.0,0,0
463,Lallana,17,3,0.0,1.2,17,352,0.0,0,0
464,Larios,17,2,0.0,0.0,0,0,0.1,0,0
465,Lis,17,1,0.0,0.0,0,0,0.1,0,0
466,Lumley,17,1,0.0,2.7,8,270,0.4,0,0
467,Manning,17,2,0.5,1.4,34,1458,0.1,0,0
468,Mara,17,4,0.0,0.0,0,0,0.0,0,0
469,McCarthy,17,1,0.0,2.4,12,450,0.1,0,0
470,Onuachu,17,4,0.5,2.0,51,1038,0.3,0,0
471,Smallbone,17,3,1.0,1.4,26,679,0.0,0,0
472,Stephens,17,2,1.8,1.6,31,1389,0.3,0,0
473,Stewart,17,4,3.0,1.7,20,382,1.7,0,0
474,Sugawara,17,2,0.2,1.4,43,1548,0.1,0,0
475,Taylor,17,2,0.2,0.8,6,353,3.0,0,0
476,Walker-Peters,17,2,0.2,1.6,54,2918,0.3,0,0
477,Wood,17,2,0.2,1.3,14,771,1.0,0,0
515,Cornet,17,3,0.0,0.5,1,71,0.0,0,0
518,Downes,17,3,1.8,1.8,48,2149,0.0,0,0
584,Brereton Díaz,17,3,0.0,1.3,13,446,0.1,0,0
608,Dibling,17,3,1.5,2.1,68,1863,1.4,0,0
623,M.Fernandes,17,3,3.0,2.6,95,2911,0.1,0,0
693,O'Brien-Whitmarsh,17,3,0.0,0.0,0,0,0.0,0,0
718,Welington,17,2,2.0,1.4,14,478,0.0,0,0
719,Kayi Sanda,17,2,0.5,1.0,2,12,0.0,0,0
734,Grønbæk,17,3,0.0,1.5,6,141,0.0,0,0
748,Rusk,17,5,2.8,0.0,38,0,0.1,0,0
798,Jay Robinson,17,4,1.0,1.2,5,134,0.0,0,0
804,Moore,17,2,0.0,0.0,0,0,0.0,0,0
82,Solanke,18,4,2.0,4.0,108,2199,4.7,0,0
478,A.Phillips,18,2,0.0,0.0,0,0,0.1,0,0
479,Austin,18,1,0.0,1.0,1,90,0.4,0,0
480,Bentancur,18,3,0.5,1.9,49,1640,0.1,0,0
481,Bergvall,18,3,0.0,1.6,44,1200,0.8,0,0
482,Bissouma,18,3,1.2,1.8,50,1396,0.2,0,0
483,Bryan,18,3,0.0,0.0,0,0,0.0,0,0
484,Davies,18,2,0.5,1.6,28,1329,0.2,0,0
485,Devine,18,3,0.0,0.0,0,0,0.0,0,0
486,Dragusin,18,2,0.0,1.5,24,1250,0.1,0,0
487,E.Royal,18,2,0.0,0.0,0,0,0.0,0,0
488,Forster,18,1,0.0,2.7,19,630,0.3,0,0
489,Gray,18,3,1.8,1.6,45,1750,0.2,0,0
490,Højbjerg,18,3,0.0,0.0,0,0,0.0,0,0
491,Johnson,18,3,0.8,4.2,137,2171,2.3,0,0
492,Kulusevski,18,3,0.8,3.7,117,2386,2.2,0,0
493,Lo Celso,18,3,0.0,0.0,0,0,0.0,0,0
494,Maddison,18,3,0.0,4.3,133,1799,3.8,0,0
495,Pedro Porro,18,2,-0.2,3.0,98,2606,16.5,0,0
496,Reguilón,18,2,0.2,0.5,2,194,0.2,0,0
497,Richarlison,18,4,1.0,2.3,35,497,0.4,0,0
498,Romero,18,2,0.0,2.7,49,1416,3.5,0,0
499,P.M.Sarr,18,3,1.5,2.0,71,1901,0.2,0,0
500,Scarlett,18,4,0.0,2.0,6,31,0.7,0,0
502,Solomon,18,3,0.0,0.0,0,0,0.0,0,0
503,Son,18,3,0.8,4.3,129,2106,4.1,0,0
504,Spence,18,2,1.0,2.0,51,1790,0.7,0,0
505,Udogie,18,2,0.0,1.7,43,1923,1.5,0,0
506,Van de Ven,18,2,0.2,2.5,32,1014,2.4,0,0
507,Veliz,18,4,0.0,0.0,0,0,0.0,0,0
508,Vicario,18,1,0.8,2.8,66,2160,1.8,0,0
509,Werner,18,3,0.0,1.9,34,504,0.1,0,0
510,Whiteman,18,1,0.0,0.0,0,0,1.7,0,0
609,Lankshear,18,4,0.0,1.0,3,10,1.0,0,0
610,Moore,18,3,1.2,1.9,19,359,0.2,0,0
612,Odobert,18,3,3.8,2.1,34,843,0.0,0,0
683,Olusesi,18,3,0.0,0.0,0,0,0.0,0,0
684,Hardy,18,2,0.0,0.0,0,0,0.0,0,0
689,Williams-Barnett,18,3,0.0,0.0,0,0,0.0,0,0
699,Dorrington,18,2,0.0,1.0,1,13,0.0,0,0
700,King,18,2,0.0,0.0,0,0,0.0,0,0
716,Kinsky,18,1,1.2,2.8,17,540,0.1,0,0
717,Yang,18,3,0.0,0.0,0,0,0.0,0,0
729,Ajayi,18,3,0.0,0.0,0,0,0.0,0,0
749,Postecoglou,18,5,1.2,0.0,58,0,1.3,0,0
760,Cassanova,18,2,0.0,0.0,0,0,0.0,0,0
767,Danso,18,2,1.0,1.6,16,842,0.0,0,0
768,Tel,18,3,3.0,3.2,42,908,0.1,0,0
123,Ferguson,19,4,0.2,1.3,28,385,0.3,0,0
388,Wan-Bissaka,19,2,6.2,3.3,118,3154,6.4,0,0
511,Álvarez,19,3,0.8,1.4,40,1769,0.1,0,0
512,Antonio,19,4,0.0,3.0,42,834,0.8,0,0
513,Areola,19,1,3.0,2.7,69,2259,7.2,0,0
514,Bowen,19,3,9.5,5.7,193,2974,18.0,0,0
516,Coufal,19,2,2.0,1.2,27,1056,0.4,0,0
517,Cresswell,19,2,2.2,2.0,36,818,1.7,0,0
519,Earthy,19,3,0.0,0.0,0,0,0.0,0,0
520,Emerson,19,2,0.8,2.5,76,2108,0.6,0,0
521,Fabianski,19,1,0.8,2.8,39,1160,10.0,0,0
522,Foderingham,19,1,0.0,0.0,0,0,0.1,0,0
523,Ings,19,4,0.0,2.1,32,270,1.2,0,0
524,Kilman,19,2,2.5,2.2,82,3348,1.3,0,0
525,Kudus,19,3,4.0,3.3,106,2589,2.6,0,0
526,L.Guilherme,19,3,0.2,1.0,12,139,0.0,0,0
527,L.Paquetá,19,3,0.5,2.4,80,2374,0.9,0,0
528,Mavropanos,19,2,1.0,1.4,45,2035,0.1,0,0
529,N.Aguerd,19,2,0.0,0.0,0,0,0.0,0,0
530,Souček,19,3,3.8,3.6,126,2563,1.5,0,0
531,Ward-Prowse,19,3,3.5,2.1,51,1433,0.5,0,0
532,Zouma,19,2,0.0,0.0,0,0,0.1,0,0
576,Irving,19,3,0.0,0.9,9,161,0.0,0,0
587,Summerville,19,3,0.0,1.7,33,776,0.3,0,0
588,G.Rodríguez,19,3,1.8,1.6,36,1147,0.1,0,0
589,Füllkrug,19,4,1.5,2.3,42,783,0.9,0,0
591,Todibo,19,2,2.5,2.0,54,1824,0.3,0,0
643,Casey,19,2,0.0,1.0,1,1,0.2,0,0
654,C.Soler,19,3,0.5,1.5,47,1394,0.0,0,0
677,Scarles,19,2,0.5,1.9,29,659,0.1,0,0
686,Mayers,19,2,0.0,0.0,0,0,0.0,0,0
701,Orford,19,3,0.0,1.0,2,47,0.0,0,0
750,Potter,19,5,6.0,0.0,84,0,2.6,0,0
204,Johnstone,20,1,0.0,1.7,12,630,0.2,0,0
533,Aït-Nouri,20,2,1.2,3.4,125,3112,15.0,0,0
534,B.Traore,20,3,0.0,1.0,1,1,0.0,0,0
535,Bellegarde,20,3,2.2,2.6,90,1666,0.2,0,0
536,Bentley,20,1,0.5,4.5,9,180,1.7,0,0
537,Chiquinho,20,3,0.0,1.0,1,6,0.1,0,0
538,Chirewa,20,3,0.0,0.0,0,0,0.0,0,0
539,Chiwome,20,4,0.0,0.0,0,0,1.1,0,0
540,Cundle,20,3,0.0,0.0,0,0,0.1,0,0
541,Cunha,20,4,1.2,5.4,178,2596,13.6,0,0
542,Dawson,20,2,0.0,1.1,17,969,0.1,0,0
543,Doherty,20,2,1.2,2.5,75,2105,0.3,0,0
544,Doyle,20,3,0.0,1.2,28,474,0.0,0,0
545,Fábio Silva,20,4,0.0,0.0,0,0,0.1,0,0
546,Fraser,20,4,0.0,0.0,0,0,1.0,0,0
547,Gonzalez,20,3,0.0,0.0,0,0,0.0,0,0
548,Guedes,20,3,1.5,2.1,62,979,0.1,0,0
549,H.Bueno,20,2,0.0,0.0,0,0,0.0,0,0
550,Hee Chan,20,3,0.5,1.8,37,646,0.2,0,0
551,Hodge,20,3,0.0,0.0,0,0,0.2,0,0
552,Hoever,20,2,0.0,0.0,0,0,0.1,0,0
553,J.Gomes,20,3,1.2,2.4,87,2975,0.2,0,0
554,José Sá,20,1,1.8,3.2,93,2610,2.8,0,0
555,Kalajdžić,20,4,0.0,0.0,0,0,0.0,0,0
556,King,20,1,0.2,1.0,1,1,1.2,0,0
557,Mario Jr.,20,3,0.0,2.8,47,1363,0.1,0,0
558,Mosquera,20,2,0.0,0.6,3,441,0.7,0,0
559,N.Semedo,20,2,1.0,2.5,84,2889,0.6,0,0
561,Pedro Lima,20,2,0.0,0.7,2,69,1.2,0,0
562,Podence,20,3,0.0,1.0,2,46,0.0,0,0
563,R.Gomes,20,3,1.2,1.7,42,794,0.1,0,0
564,S.Bueno,20,2,0.5,1.8,52,1678,0.1,0,0
565,Sarabia,20,3,1.0,2.2,50,800,0.1,0,0
566,Strand Larsen,20,4,4.0,4.1,145,2587,2.6,0,0
567,Toti,20,2,1.0,2.5,79,2613,0.3,0,0
637,Meupiyou,20,2,0.0,0.0,0,0,0.2,0,0
642,André,20,3,1.8,1.8,61,2472,0.0,0,0
655,Forbs,20,3,0.0,0.9,9,236,0.0,0,0
664,Pond,20,2,0.0,1.0,1,1,0.7,0,0
682,Edozie,20,3,0.0,0.0,0,0,0.0,0,0
711,Okoduwa,20,2,0.0,0.0,0,0,0.0,0,0
720,Agbadou,20,2,2.5,2.8,45,1410,0.4,0,0
751,Pereira,20,5,2.8,0.0,111,0,2.3,0,0
769,Djiga,20,2,0.0,0.8,4,65,0.0,0,0
770,Munetsi,20,3,3.5,3.6,50,1077,0.1,0,0
784,Mané,20,4,0.2,1.0,1,1,0.1,0,0
