id,web_name,team,element_type,now_cost,total_points,points_per_game,goals_scored,assists,clean_sheets,goals_conceded,own_goals,penalties_saved,penalties_missed,yellow_cards,red_cards,saves,bonus,bps,influence,creativity,threat,ict_index,minutes,form,selected_by_percent
1,Fábio Vieira,1,3,54,0,0.0,0,0,0,0,0,0,0,0,0,0,0,0,0.0,0.0,0.0,0.0,0,0.0,0.0
2,G.Jesus,1,4,65,42,2.5,3,2,2,5,0,0,0,4,0,0,6,152,154.4,119.5,255.0,52.6,600,0.0,1.0
3,Gabriel,1,2,61,117,4.2,3,2,10,22,0,0,0,4,0,0,9,459,584.6,208.8,287.0,108.2,2363,0.0,12.2
4,Havertz,1,4,77,97,4.2,9,3,7,20,0,0,0,5,0,0,14,343,467.6,269.0,711.0,144.8,1872,0.2,6.2
5,Hein,1,1,40,0,0.0,0,0,0,0,0,0,0,0,0,0,0,0,0.0,0.0,0.0,0.0,0,0.0,0.0
6,J.Timber,1,2,55,114,3.8,1,3,11,21,0,0,0,7,0,0,9,426,393.0,296.8,254.0,94.2,2415,0.0,4.3
7,Jorginho,1,3,46,20,1.3,0,0,2,7,0,0,0,5,0,0,0,112,44.8,88.8,8.0,14.2,701,0.2,0.2
8,Kiwior,1,2,49,43,2.5,1,0,3,15,0,0,0,1,0,0,2,178,267.2,91.3,32.0,39.2,1117,2.8,3.8
9,Martinelli,1,3,65,125,3.8,8,4,10,25,0,0,0,1,0,0,6,422,559.8,587.8,912.0,206.1,2284,3.5,3.1
12,Nwaneri,1,3,43,66,2.5,4,2,4,4,0,0,0,1,0,0,4,251,293.2,282.8,255.0,83.0,882,0.8,1.5
13,Ødegaard,1,3,82,116,3.9,3,9,11,21,0,0,0,4,0,0,11,529,524.6,968.7,493.0,198.8,2321,6.5,5.7
15,Raya,1,1,56,142,3.7,0,0,13,34,0,0,0,3,0,86,10,555,755.4,10.7,0.0,76.7,3420,3.0,32.6
16,Rice,1,3,63,127,3.6,4,7,11,29,0,0,0,5,1,0,17,627,733.0,959.6,399.0,208.8,2823,5.5,4.2
17,Saka,1,3,104,127,5.1,6,11,7,21,0,0,0,3,0,0,18,508,606.0,842.8,830.0,227.9,1724,2.0,20.2
18,Saliba,1,2,64,130,3.7,2,0,12,29,0,0,0,2,1,0,14,564,672.6,150.1,116.0,94.2,3039,0.8,25.8
20,Thomas,1,3,49,108,3.1,4,3,9,30,0,0,0,4,0,0,8,567,626.6,377.9,223.0,123.2,2793,2.2,0.7
21,Tierney,1,2,43,27,2.1,1,0,1,1,0,0,0,0,0,0,2,99,91.8,109.1,48.0,25.0,250,3.0,0.1
22,Tomiyasu,1,2,48,1,1.0,0,0,0,0,0,0,0,0,0,0,0,2,0.4,0.3,9.0,1.0,6,0.0,0.0
23,Trossard,1,3,67,152,4.0,8,8,11,27,0,0,0,2,1,0,18,561,609.0,617.6,798.0,202.1,2546,4.0,4.5
24,White,1,2,62,50,2.9,0,2,5,13,0,0,0,2,0,0,0,211,247.6,162.6,100.0,51.0,1195,3.2,4.4
25,Zinchenko,1,2,48,40,2.7,0,1,4,1,0,0,0,1,0,0,2,141,83.4,92.8,66.0,24.1,518,1.0,0.9
73,Neto,1,1,41,7,3.5,0,0,0,2,0,0,0,0,0,11,0,30,77.8,0.0,0.0,7.8,180,0.0,0.7
186,Sterling,1,3,67,26,1.5,0,2,1,4,0,0,0,1,0,0,0,64,67.2,125.5,122.0,31.3,490,0.8,0.8
578,Calafiori,1,2,58,39,2.1,2,1,1,12,0,0,0,4,0,0,1,142,252.6,118.2,176.0,54.6,978,0.5,1.5
597,Lewis-Skelly,1,3,45,37,1.6,1,0,5,16,0,0,0,3,2,0,0,237,176.0,170.7,57.0,40.0,1362,1.8,0.4
633,Merino,1,3,60,92,3.3,7,2,4,17,0,0,0,2,1,0,8,326,456.8,265.8,511.0,123.3,1575,1.8,1.5
638,Oulad M'hand,1,3,45,0,0.0,0,0,0,0,0,0,0,0,0,0,0,0,0.0,0.0,0.0,0.0,0,0.0,0.0
639,Setford,1,1,45,0,0.0,0,0,0,0,0,0,0,0,0,0,0,0,0.0,0.0,0.0,0.0,0,0.0,0.1
657,Kacurri,1,2,40,0,0.0,0,0,0,0,0,0,0,0,0,0,0,0,0.0,0.0,0.0,0.0,0,0.0,0.0
659,Kabia,1,3,45,0,0.0,0,0,0,0,0,0,0,0,0,0,0,0,0.0,0.0,0.0,0.0,0,0.0,0.0
662,Nichols,1,2,40,0,0.0,0,0,0,0,0,0,0,0,0,0,0,0,0.0,0.0,0.0,0.0,0,0.0,0.1
665,Butler-Oyedeji,1,4,45,1,1.0,0,0,0,0,0,0,0,0,0,0,0,5,3.0,0.0,17.0,2.0,6,0.0,0.2
735,Arteta,1,5,15,104,0.0,0,0,0,0,0,0,0,0,0,0,0,0,0.0,0.0,0.0,0.0,0,5.8,9.0
756,Porter,1,1,40,0,0.0,0,0,0,0,0,0,0,0,0,0,0,0,0.0,0.0,0.0,0.0,0,0.0,0.0
790,Gower,1,3,45,0,0.0,0,0,0,0,0,0,0,0,0,0,0,0,0.0,0.0,0.0,0.0,0,0.0,0.0
793,Jack Henry-Francis,1,3,45,0,0.0,0,0,0,0,0,0,0,0,0,0,0,0,0.0,0.0,0.0,0.0,0,0.0,0.0
801,Clarke,1,2,40,0,0.0,0,0,0,0,0,0,0,0,0,0,0,0,0.0,0.0,0.0,0.0,0,0.0,0.0
28,Bailey,2,3,62,47,2.0,1,2,2,19,0,0,0,3,0,0,2,174,146.4,235.8,325.0,70.3,1132,0.2,0.8
29,Barkley,2,3,52,44,2.2,3,1,1,10,0,0,0,3,0,0,5,166,215.4,128.1,206.0,54.8,567,0.8,0.2
30,Barrenechea,2,3,49,0,0.0,0,0,0,0,0,0,0,0,0,0,0,0,0.0,0.0,0.0,0.0,0,0.0,0.0
31,Buendia,2,3,51,11,0.9,0,0,0,2,0,0,0,1,0,0,0,37,16.4,23.2,16.0,5.2,89,0.0,0.1
32,Cash,2,2,44,76,2.8,1,1,7,22,0,0,0,7,0,0,2,286,359.2,181.0,171.0,71.3,2069,4.8,1.6
33,Dendoncker,2,3,45,0,0.0,0,0,0,0,0,0,0,0,0,0,0,0,0.0,0.0,0.0,0.0,0,0.0,0.2
34,Diaby,2,3,65,0,0.0,0,0,0,0,0,0,0,0,0,0,0,0,0.0,0.0,0.0,0.0,0,0.0,0.0
35,Diego Carlos,2,2,45,21,2.1,0,0,2,15,0,0,0,1,0,0,1,69,150.6,9.2,54.0,21.5,828,0.0,0.3
36,Digne,2,2,44,89,2.8,0,5,6,36,0,0,0,4,0,0,7,383,512.6,583.9,112.0,120.7,2348,2.0,5.6
37,Dobbin,2,3,50,0,0.0,0,0,0,0,0,0,0,0,0,0,0,0,0.0,0.0,0.0,0.0,0,0.0,0.0
38,Duran,2,4,57,53,2.6,7,0,2,14,0,0,0,3,1,0,9,222,273.8,68.9,334.0,67.5,622,0.0,1.6
39,Gauci,2,1,40,0,0.0,0,0,0,0,0,0,0,0,0,0,0,0,0.0,0.0,0.0,0.0,0,0.0,0.5
40,Hause,2,2,39,0,0.0,0,0,0,0,0,0,0,0,0,0,0,0,0.0,0.0,0.0,0.0,0,0.0,0.5
41,Iling Jr,2,3,54,0,0.0,0,0,0,0,0,0,0,0,0,0,0,0,0.0,0.0,0.0,0.0,0,0.0,0.0
42,Kamara,2,3,50,57,2.2,1,0,6,22,0,0,0,2,0,0,3,296,326.6,191.0,83.0,60.2,1720,4.5,0.1
43,Kesler-Hayden,2,2,40,0,0.0,0,0,0,0,0,0,0,0,0,0,0,0,0.0,0.0,0.0,0.0,0,0.0,0.0
44,Konsa,2,2,45,103,3.0,2,0,8,45,0,0,0,1,0,0,10,448,532.8,123.9,166.0,82.4,2936,6.8,9.5
45,Maatsen,2,2,45,57,2.0,1,2,3,16,0,0,0,2,0,0,0,204,252.0,293.4,197.0,74.3,1125,3.5,1.6
46,Marschall,2,1,40,0,0.0,0,0,0,0,0,0,0,0,0,0,0,0,0.0,0.0,0.0,0.0,0,0.0,0.0
47,Martinez,2,1,50,111,3.0,0,0,8,47,0,1,0,5,1,100,6,457,839.6,20.0,0.0,86.0,3195,5.2,13.3
48,McGinn,2,3,52,78,2.3,1,4,8,34,0,0,0,7,0,0,1,360,277.2,500.6,263.0,103.7,2217,3.2,0.7
49,Mings,2,2,44,47,3.4,0,1,4,11,0,0,0,1,0,0,5,207,220.4,49.2,74.0,34.6,1119,1.5,0.2
50,Nedeljkovic,2,2,39,5,1.0,0,0,0,4,0,0,0,0,0,0,0,11,22.8,7.2,0.0,3.0,121,0.0,0.5
51,Olsen,2,1,45,9,2.2,0,0,1,6,0,0,0,0,0,8,0,23,59.2,0.0,0.0,5.9,225,0.2,0.1
52,Pau,2,2,42,55,2.3,0,0,5,33,0,0,0,2,0,0,3,254,350.6,84.5,102.0,54.0,2019,3.5,0.8
53,Ramsey,2,3,54,66,2.3,1,4,5,26,0,0,0,2,1,0,3,265,235.4,307.9,245.0,78.7,1616,0.5,0.3
54,Rogers,2,3,58,161,4.4,8,11,10,40,0,0,0,10,0,0,15,534,730.6,722.7,689.0,214.2,3115,4.0,25.8
55,Sinisalo,2,1,40,0,0.0,0,0,0,0,0,0,0,0,0,0,0,0,0.0,0.0,0.0,0.0,0,0.0,0.0
56,Sousa,2,2,40,0,0.0,0,0,0,0,0,0,0,0,0,0,0,0,0.0,0.0,0.0,0.0,0,0.0,0.0
57,Tielemans,2,3,55,121,3.4,3,7,7,46,0,0,1,4,0,0,15,686,799.6,963.1,333.0,209.6,3025,3.0,1.1
58,Watkins,2,4,92,186,4.9,16,8,10,40,0,0,0,2,0,0,32,631,766.0,345.2,1148.0,223.8,2593,4.5,29.0
167,Disasi,2,2,42,33,2.5,1,0,3,12,0,0,0,3,0,0,0,133,169.6,75.6,51.0,29.7,851,0.0,0.4
233,Onana,2,3,48,65,2.5,3,0,6,23,0,0,0,4,0,0,5,324,358.0,194.8,215.0,77.0,1613,2.5,2.1
385,Rashford,2,3,66,95,3.8,6,4,7,15,0,0,0,2,0,0,9,333,398.4,451.1,369.0,122.1,1414,0.0,3.7
598,Bogarde,2,2,39,6,0.8,0,0,0,11,0,0,0,2,0,0,0,22,84.8,33.3,15.0,13.3,473,0.0,0.2
640,Swinkels,2,2,40,0,0.0,0,0,0,0,0,0,0,0,0,0,0,0,0.0,0.0,0.0,0.0,0,0.0,0.1
641,Zych,2,1,40,0,0.0,0,0,0,0,0,0,0,0,0,0,0,0,0.0,0.0,0.0,0.0,0,0.0,0.5
656,Young,2,3,44,0,0.0,0,0,0,0,0,0,0,0,0,0,0,0,0.0,0.0,0.0,0.0,0,0.0,0.2
679,Broggio,2,3,45,0,0.0,0,0,0,0,0,0,0,0,0,0,0,0,0.0,0.0,0.0,0.0,0,0.0,0.0
710,Jimoh,2,3,45,0,0.0,0,0,0,0,0,0,0,0,0,0,0,0,0.0,0.0,0.0,0.0,0,0.0,0.0
725,Malen,2,3,53,34,2.4,3,0,0,6,0,0,0,0,0,0,3,112,138.2,42.7,208.0,38.5,296,0.8,0.2
731,A. Garcia,2,2,45,8,1.1,0,0,0,5,0,0,0,0,0,0,0,26,45.6,68.4,7.0,12.0,316,0.0,0.1
737,Emery,2,5,8,105,0.0,0,0,0,0,0,0,0,0,0,0,0,0,0.0,0.0,0.0,0.0,0,7.0,7.7
762,M.Asensio,2,3,60,44,3.4,3,2,3,8,0,0,2,2,0,0,6,158,200.6,232.5,242.0,67.2,740,1.8,2.4
59,Aarons,3,2,43,8,2.7,0,0,1,0,0,0,0,0,0,0,0,31,13.2,3.2,0.0,1.7,84,0.0,0.1
60,Adams,3,3,49,58,2.1,0,3,6,30,0,0,0,7,0,0,1,315,411.8,261.2,83.0,75.9,1959,2.2,0.1
61,Anthony,3,3,45,0,0.0,0,0,0,0,0,0,0,0,0,0,0,0,0.0,0.0,0.0,0.0,0,0.0,0.1
62,Brooks,3,3,49,52,1.8,2,1,3,12,0,0,0,3,0,0,2,204,193.6,316.7,300.0,80.4,941,1.5,0.0
63,Christie,3,3,48,76,2.6,2,3,8,28,0,0,0,9,0,0,5,435,514.0,576.8,303.0,139.6,2114,0.0,0.1
64,Cook,3,3,50,82,2.3,1,4,5,44,0,0,0,8,1,0,3,500,607.0,727.1,114.0,144.9,2976,0.8,0.1
65,Enes Ünal,3,4,54,32,1.9,2,1,2,3,0,0,0,2,0,0,4,97,104.0,56.1,207.0,35.9,330,0.0,0.1
66,Faivre,3,3,50,0,0.0,0,0,0,0,0,0,0,0,0,0,0,0,0.0,0.0,0.0,0.0,0,0.0,0.0
67,H.Traorè,3,3,45,0,0.0,0,0,0,0,0,0,0,0,0,0,0,0,0.0,0.0,0.0,0.0,0,0.0,0.0
68,Hill,3,2,39,17,1.7,0,1,1,9,0,0,0,1,0,0,0,55,97.0,38.4,29.0,16.6,443,0.0,0.5
69,Jebbison,3,4,45,20,1.2,1,0,0,2,0,0,0,1,0,0,1,67,58.2,39.1,70.0,16.6,105,2.2,1.1
70,Kerkez,3,2,53,134,3.5,2,6,9,45,0,0,0,4,0,0,10,550,694.0,642.0,238.0,157.3,3336,2.8,20.0
71,Kluivert,3,3,59,158,4.6,12,6,13,29,0,0,0,8,0,0,14,532,700.0,654.1,771.0,212.0,2339,1.8,11.0
72,Mepham,3,2,44,0,0.0,0,0,0,0,0,0,0,0,0,0,0,0,0.0,0.0,0.0,0.0,0,0.0,0.0
74,O.Dango,3,3,45,111,3.5,7,4,7,23,0,0,0,3,0,0,7,432,624.6,496.8,754.0,187.2,1998,0.2,0.9
75,Paulsen,3,1,40,0,0.0,0,0,0,0,0,0,0,0,0,0,0,0,0.0,0.0,0.0,0.0,0,0.0,0.0
76,Philip,3,3,48,10,1.0,0,0,0,4,0,0,0,1,0,0,0,52,54.0,102.4,47.0,20.4,176,0.0,0.0
77,Scott,3,3,47,26,1.3,0,0,3,8,0,0,0,3,0,0,0,132,141.6,171.6,118.0,43.2,745,0.5,0.0
78,Semenyo,3,3,57,165,4.5,11,7,11,41,0,0,0,9,0,0,14,571,792.2,688.9,1204.0,267.8,3202,6.0,8.0
79,Senesi,3,2,46,31,1.8,0,0,2,17,0,0,0,5,0,0,3,114,271.6,84.2,39.0,39.6,1103,1.8,0.3
80,Sinisterra,3,3,48,23,1.9,1,1,0,4,0,0,0,0,0,0,2,90,112.0,115.3,195.0,42.3,229,0.0,0.1
81,Smith,3,2,44,57,2.3,0,0,6,18,0,0,0,7,0,0,0,161,181.8,147.2,24.0,35.0,1586,2.0,0.1
83,Tavernier,3,3,54,87,3.0,3,7,4,29,0,0,0,6,0,0,4,362,447.0,664.8,442.0,155.4,1932,3.0,0.2
84,Travers,3,1,44,19,3.8,0,0,1,5,0,0,0,0,0,20,1,76,146.4,0.0,0.0,14.6,450,0.0,0.1
85,Zabarnyi,3,2,44,94,2.6,0,1,8,42,0,0,0,4,1,0,8,429,651.4,177.0,88.0,92.0,3109,3.8,0.5
152,Arrizabalaga,3,1,46,106,3.4,0,0,8,39,0,0,0,3,0,97,7,406,744.4,10.4,4.0,75.8,2790,3.0,3.7
580,Huijsen,3,2,45,104,3.2,3,2,7,31,0,0,0,10,0,0,14,449,826.4,217.6,193.0,123.6,2422,3.2,5.0
592,J.Araujo,3,2,43,12,1.0,0,0,0,10,0,0,0,2,0,0,0,20,56.8,30.6,4.0,9.2,492,0.8,0.1
599,Dennis,3,1,39,0,0.0,0,0,0,0,0,0,0,0,0,0,0,0,0.0,0.0,0.0,0.0,0,0.0,0.3
617,Evanilson,3,4,59,128,4.1,10,5,11,30,0,0,1,1,1,0,20,487,456.0,331.9,966.0,174.8,2317,3.0,8.5
680,Kinsey,3,2,40,0,0.0,0,0,0,0,0,0,0,0,0,0,0,0,0.0,0.0,0.0,0.0,0,0.0,0.0
687,Winterburn,3,3,45,4,1.0,0,0,0,0,0,0,0,0,0,0,0,14,2.4,0.2,2.0,0.4,22,0.2,0.0
702,Harris,3,2,40,0,0.0,0,0,0,0,0,0,0,0,0,0,0,0,0.0,0.0,0.0,0.0,0,0.0,0.0
707,Rees-Dottin,3,4,45,1,1.0,0,0,0,0,0,0,0,0,0,0,0,3,0.0,0.0,0.0,0.0,1,0.0,0.1
712,Akinmboni,3,2,40,0,0.0,0,0,0,0,0,0,0,0,0,0,0,0,0.0,0.0,0.0,0.0,0,0.0,0.0
713,Soler,3,2,39,3,1.0,0,0,0,1,0,0,0,0,0,0,0,8,2.2,1.8,0.0,0.4,9,0.5,0.0
722,Adu-Adjei,3,4,45,0,0.0,0,0,0,0,0,0,0,0,0,0,0,0,0.0,0.0,0.0,0.0,0,0.0,0.0
723,Sadi,3,3,45,0,0.0,0,0,0,0,0,0,0,0,0,0,0,0,0.0,0.0,0.0,0.0,0,0.0,0.0
727,McKenna,3,1,40,0,0.0,0,0,0,0,0,0,0,0,0,0,0,0,0.0,0.0,0.0,0.0,0,0.0,0.0
728,Silcott-Duberry,3,3,45,1,1.0,0,0,0,0,0,0,0,0,0,0,0,5,2.0,1.0,0.0,0.3,1,0.0,0.0
738,Iraola,3,5,11,82,0.0,0,0,0,0,0,0,0,0,0,0,0,0,0.0,0.0,0.0,0.0,0,7.2,4.8
86,Ajer,4,2,44,39,1.6,0,0,3,25,0,0,0,5,0,0,0,120,199.0,128.1,158.0,48.5,1433,0.2,0.2
87,Brierley,4,3,44,0,0.0,0,0,0,0,0,0,0,0,0,0,0,0,0.0,0.0,0.0,0.0,0,0.0,0.1
88,Collins,4,2,46,127,3.3,2,7,8,57,0,0,0,5,0,0,11,549,1023.2,160.5,311.0,149.6,3420,4.6,4.5
89,Damsgaard,4,3,49,131,3.4,2,10,11,41,0,0,0,2,0,0,10,611,714.8,1006.4,338.0,205.9,2911,3.0,1.2
90,Dasilva,4,3,48,0,0.0,0,0,0,0,0,0,0,0,0,0,0,0,0.0,0.0,0.0,0.0,0,0.0,0.0
91,Flekken,4,1,45,138,3.7,0,2,7,55,0,0,0,1,0,153,12,584,1298.4,30.3,0.0,132.5,3275,5.6,10.0
92,Henry,4,2,43,4,0.8,0,0,0,3,0,0,0,0,0,0,0,5,13.6,2.1,2.0,1.7,94,0.4,0.0
93,Hickey,4,2,43,0,0.0,0,0,0,0,0,0,0,0,0,0,0,0,0.0,0.0,0.0,0.0,0,0.0,0.0
94,Janelt,4,3,48,73,2.3,1,3,6,38,2,0,0,3,0,0,2,384,356.6,284.2,131.0,77.2,2251,0.0,0.2
95,Jensen,4,3,53,38,1.6,0,2,2,17,0,0,0,2,0,0,1,179,157.0,249.5,32.0,43.8,846,1.0,0.1
96,Ji-soo,4,2,39,3,1.0,0,0,0,0,0,0,0,0,0,0,0,8,5.0,0.8,0.0,0.6,28,0.0,0.3
97,Konak,4,3,44,10,1.0,0,0,0,2,0,0,0,0,0,0,0,30,8.0,4.5,3.0,1.2,53,0.4,0.1
98,Lewis-Potter,4,3,50,94,2.5,1,5,8,49,0,0,0,7,0,0,0,460,542.0,462.2,391.0,139.9,3092,1.6,0.1
99,Mbeumo,4,3,83,236,6.2,20,9,9,55,0,0,1,3,0,0,29,948,1236.8,1107.5,1060.0,340.8,3415,5.2,46.7
100,Mee,4,2,42,9,1.3,0,0,1,4,0,0,0,2,0,0,0,30,36.8,3.0,6.0,4.6,180,0.0,0.3
101,Nørgaard,4,3,48,107,3.1,5,5,6,45,0,0,0,8,1,0,7,580,735.4,333.0,409.0,147.9,2820,4.2,0.2
102,Onyeka,4,3,49,2,1.0,0,0,0,0,0,0,0,0,0,0,0,3,0.0,0.5,0.0,0.0,23,0.0,0.0
103,Peart-Harris,4,3,45,0,0.0,0,0,0,0,0,0,0,0,0,0,0,0,0.0,0.0,0.0,0.0,0,0.0,0.0
104,Pinnock,4,2,44,47,2.1,2,0,2,35,1,0,0,2,0,0,0,233,540.2,101.2,193.0,83.6,1912,0.0,0.3
105,Roerslev,4,2,43,36,1.9,0,2,2,20,0,0,0,2,0,0,0,125,214.4,185.8,78.0,48.0,1100,0.0,0.1
106,Schade,4,3,53,149,3.9,11,4,10,34,0,0,0,3,0,0,12,498,630.8,312.7,892.0,183.3,2281,7.4,3.3
107,Thiago,4,4,59,9,1.1,0,0,0,4,0,0,0,0,0,0,0,32,18.2,30.6,12.0,5.8,167,0.8,0.0
108,Toney,4,4,73,0,0.0,0,0,0,0,0,0,0,0,0,0,0,0,0.0,0.0,0.0,0.0,0,0.0,1.1
109,Valdimarsson,4,1,39,2,1.0,0,0,0,2,0,0,0,0,0,3,0,14,21.4,0.1,0.0,2.1,144,0.0,2.9
110,Wissa,4,4,69,185,5.3,18,6,9,45,0,0,0,5,0,0,32,739,849.4,400.0,1181.0,242.4,2921,5.2,24.2
111,Yarmoliuk,4,3,43,43,1.4,0,0,3,25,0,0,0,6,0,0,0,255,259.6,196.1,89.0,54.4,1435,2.0,2.3
112,Zanka,4,2,45,0,0.0,0,0,0,0,0,0,0,0,0,0,0,0,0.0,0.0,0.0,0.0,0,0.0,0.0
314,Carvalho,4,3,45,35,1.8,2,1,0,14,0,0,0,1,0,0,1,127,142.2,71.5,154.0,36.3,443,0.0,0.4
338,Van den Berg,4,2,41,62,2.0,0,1,5,49,0,0,0,3,0,0,1,266,587.4,108.3,226.0,92.3,2584,3.0,1.5
602,Trevitt,4,3,44,1,1.0,0,0,0,0,0,0,0,0,0,0,0,5,2.6,0.1,0.0,0.3,3,0.0,0.0
634,G.Nunes,4,3,49,3,1.0,0,0,0,2,0,0,0,0,0,0,0,11,10.0,0.3,2.0,1.2,11,0.2,0.0
649,Meghoma,4,2,40,1,1.0,0,0,0,0,0,0,0,0,0,0,0,3,0.2,0.3,0.0,0.1,4,0.0,0.0
661,Yogane,4,3,45,0,0.0,0,0,0,0,0,0,0,0,0,0,0,0,0.0,0.0,0.0,0.0,0,0.0,0.0
674,Maghoma,4,3,45,8,1.0,0,0,0,1,0,0,0,0,0,0,0,32,27.8,15.8,10.0,5.4,112,0.0,0.0
705,Arthur,4,2,40,0,0.0,0,0,0,0,0,0,0,0,0,0,0,0,0.0,0.0,0.0,0.0,0,0.0,0.0
752,Frank,4,5,8,116,0.0,0,0,0,0,0,0,0,0,0,0,0,0,0.0,0.0,0.0,0.0,0,9.0,15.1
757,Kayode,4,2,45,27,2.2,0,1,2,5,0,0,0,2,0,0,0,115,105.2,105.2,30.0,24.2,523,4.0,0.1
759,Eyestone,4,1,40,0,0.0,0,0,0,0,0,0,0,0,0,0,0,0,0.0,0.0,0.0,0.0,0,0.0,0.0
780,Morgan,4,4,45,0,0.0,0,0,0,0,0,0,0,0,0,0,0,0,0.0,0.0,0.0,0.0,0,0.0,0.0
786,Benjamin Fredrick,4,2,40,0,0.0,0,0,0,0,0,0,0,0,0,0,0,0,0.0,0.0,0.0,0.0,0,0.0,0.0
113,Adingra,5,3,51,60,2.1,2,3,2,23,0,0,0,0,0,0,0,207,212.4,261.9,337.0,80.9,1081,2.5,0.3
114,Baker-Boaitey,5,3,45,0,0.0,0,0,0,0,0,0,0,0,0,0,0,0,0.0,0.0,0.0,0.0,0,0.0,0.0
115,Baleba,5,3,50,87,2.6,3,1,8,40,0,0,0,6,1,0,7,490,515.4,343.7,193.0,105.2,2660,2.2,0.2
116,Barco,5,2,40,0,0.0,0,0,0,0,0,0,0,0,0,0,0,0,0.0,0.0,0.0,0.0,0,0.0,1.9
118,Cozier-Duberry,5,3,45,0,0.0,0,0,0,0,0,0,0,0,0,0,0,0,0.0,0.0,0.0,0.0,0,0.0,0.0
119,Dahoud,5,3,49,0,0.0,0,0,0,0,0,0,0,0,0,0,0,0,0.0,0.0,0.0,0.0,0,0.0,0.0
120,Dunk,5,2,42,44,1.8,0,1,4,42,1,0,0,5,0,0,0,223,425.4,115.7,128.0,66.9,2081,0.5,2.3
122,Estupiñan,5,2,49,63,2.1,1,1,3,44,0,0,0,5,0,0,7,313,504.4,530.1,173.0,120.8,2399,2.5,1.3
124,Gilmour,5,3,50,3,1.5,0,0,0,1,0,0,0,0,0,0,0,21,11.4,11.9,2.0,2.5,97,0.0,0.0
125,Gross,5,3,65,0,0.0,0,0,0,0,0,0,0,0,0,0,0,0,0.0,0.0,0.0,0.0,0,0.0,0.0
126,Hinshelwood,5,3,49,89,3.4,5,3,6,30,0,0,0,5,0,0,8,404,394.6,268.1,304.0,97.0,1839,6.2,0.1
127,I.Osman,5,3,50,0,0.0,0,0,0,0,0,0,0,0,0,0,0,0,0.0,0.0,0.0,0.0,0,0.0,0.0
128,Igor,5,2,43,18,1.4,0,0,1,17,0,0,0,4,0,0,0,113,189.6,54.7,4.0,24.9,959,0.2,0.1
129,João Pedro,5,4,55,126,4.7,10,6,6,28,0,0,0,4,1,0,26,516,567.0,456.0,644.0,166.0,1946,0.0,8.5
130,Kozlowski,5,3,45,0,0.0,0,0,0,0,0,0,0,0,0,0,0,0,0.0,0.0,0.0,0.0,0,0.0,0.0
131,Lamptey,5,2,44,42,2.8,2,2,2,21,0,0,0,0,0,0,1,99,213.6,101.0,52.0,36.8,856,0.5,0.2
132,March,5,3,65,7,0.9,0,0,0,3,0,0,0,2,0,0,0,25,24.0,59.6,18.0,10.1,161,0.0,0.0
133,Mazilu,5,3,45,0,0.0,0,0,0,0,0,0,0,0,0,0,0,0,0.0,0.0,0.0,0.0,0,0.0,0.0
134,Milner,5,3,50,6,1.5,0,0,1,1,0,0,0,1,0,0,0,27,28.6,66.3,12.0,10.7,170,0.2,0.0
135,Minteh,5,3,48,102,3.2,6,5,4,33,0,0,0,6,0,0,8,398,523.8,448.9,615.0,159.1,1831,4.0,1.0
136,Mitoma,5,3,63,145,4.0,10,5,6,40,0,0,0,1,0,0,12,536,670.6,578.0,856.0,210.7,2597,2.8,6.3
137,Moder,5,3,44,4,1.0,0,0,0,0,0,0,0,0,0,0,0,17,15.8,36.0,2.0,5.4,9,0.0,0.4
138,O’Mahony,5,4,45,0,0.0,0,0,0,0,0,0,0,0,0,0,0,0,0.0,0.0,0.0,0.0,0,0.0,0.2
139,Offiah,5,2,40,0,0.0,0,0,0,0,0,0,0,0,0,0,0,0,0.0,0.0,0.0,0.0,0,0.0,0.1
140,Peupion,5,3,44,0,0.0,0,0,0,0,0,0,0,0,0,0,0,0,0.0,0.0,0.0,0.0,0,0.0,0.0
141,Sarmiento,5,3,49,1,1.0,0,0,0,0,0,0,0,0,0,0,0,3,0.2,0.8,0.0,0.1,8,0.0,0.0
142,Steele,5,1,40,9,4.5,0,0,1,1,0,0,0,0,0,3,1,46,40.4,0.0,0.0,4.1,180,0.0,0.7
143,Undav,5,4,55,0,0.0,0,0,0,0,0,0,0,0,0,0,0,0,0.0,0.0,0.0,0.0,0,0.0,0.0
144,Van Hecke,5,2,45,87,2.6,1,1,7,47,0,0,0,6,1,0,7,406,736.6,261.8,182.0,118.3,2960,3.0,0.7
145,Veltman,5,2,43,59,2.8,0,0,6,24,0,0,0,5,0,0,7,249,273.0,147.2,59.0,48.1,1694,0.2,1.1
146,Verbruggen,5,1,45,103,2.9,0,1,7,58,0,0,0,5,0,91,6,366,849.8,10.0,0.0,85.8,3240,3.8,2.5
147,Webster,5,2,43,39,2.8,0,1,4,11,0,0,0,1,0,0,2,167,198.4,49.7,55.0,30.2,885,3.2,0.1
148,Welbeck,5,4,55,125,4.2,10,5,7,37,0,0,0,5,0,0,21,484,550.2,331.3,676.0,155.8,2109,3.8,6.9
149,Wieffer,5,3,47,52,2.1,1,5,2,22,0,0,0,6,0,0,4,243,328.8,230.4,129.0,68.5,1003,3.0,0.1
595,Gruda,5,3,54,45,2.1,1,4,1,15,0,0,0,0,0,0,1,176,196.6,311.6,187.0,69.1,676,3.8,0.1
600,Ayari,5,3,50,74,2.2,2,1,7,28,0,0,0,4,0,0,3,358,363.2,507.5,247.0,111.7,1958,3.5,0.1
601,Moran,5,3,50,0,0.0,0,0,0,0,0,0,0,0,0,0,0,0,0.0,0.0,0.0,0.0,0,0.0,0.0
615,Rushworth,5,1,39,0,0.0,0,0,0,0,0,0,0,0,0,0,0,0,0.0,0.0,0.0,0.0,0,0.0,0.1
618,Georginio,5,3,50,95,3.4,5,6,6,29,0,0,0,2,0,0,1,288,355.4,281.8,404.0,103.0,1651,0.0,0.3
628,F.Kadıoğlu,5,2,44,19,3.2,1,0,2,8,0,0,0,1,0,0,0,59,116.4,83.7,40.0,24.0,385,0.0,0.1
629,O'Riley,5,3,55,50,2.4,2,3,2,20,1,0,0,1,0,0,2,209,211.4,322.5,219.0,75.3,929,3.2,0.0
663,Samuels,5,2,40,0,0.0,0,0,0,0,0,0,0,0,0,0,0,0,0.0,0.0,0.0,0.0,0,0.0,0.0
668,Cahill,5,1,39,0,0.0,0,0,0,0,0,0,0,0,0,0,0,0,0.0,0.0,0.0,0.0,0,0.0,0.9
681,McConville,5,2,40,0,0.0,0,0,0,0,0,0,0,0,0,0,0,0,0.0,0.0,0.0,0.0,0,0.0,0.0
685,Slater,5,2,40,0,0.0,0,0,0,0,0,0,0,0,0,0,0,0,0.0,0.0,0.0,0.0,0,0.0,0.0
714,Gómez,5,3,55,30,1.9,1,1,0,13,0,0,0,0,0,0,2,130,124.2,143.2,69.0,33.6,507,3.5,0.0
739,Hürzeler,5,5,11,119,0.0,0,0,0,0,0,0,0,0,0,0,0,0,0.0,0.0,0.0,0.0,0,12.0,2.3
758,Knight,5,3,45,0,0.0,0,0,0,0,0,0,0,0,0,0,0,0,0.0,0.0,0.0,0.0,0,0.0,0.0
763,Cashin,5,2,45,1,0.5,0,0,0,2,0,0,0,0,0,0,0,-2,7.0,0.6,0.0,0.7,19,0.0,0.0
791,Charlie Tasker,5,2,40,0,0.0,0,0,0,0,0,0,0,0,0,0,0,0,0.0,0.0,0.0,0.0,0,0.0,0.0
794,Freddie Simmonds,5,2,40,0,0.0,0,0,0,0,0,0,0,0,0,0,0,0,0.0,0.0,0.0,0.0,0,0.0,0.0
795,Harry Howell,5,3,45,1,1.0,0,0,0,0,0,0,0,0,0,0,0,5,2.0,0.9,6.0,0.9,6,0.2,0.0
150,Andrey Santos,6,3,45,0,0.0,0,0,0,0,0,0,0,0,0,0,0,0,0.0,0.0,0.0,0.0,0,0.0,0.0
151,Ângelo,6,3,45,0,0.0,0,0,0,0,0,0,0,0,0,0,0,0,0.0,0.0,0.0,0.0,0,0.0,0.1
153,B.Badiashile,6,2,42,7,1.4,0,0,0,5,0,0,0,0,0,0,0,35,66.0,12.6,0.0,7.9,332,0.0,0.1
154,Bergström,6,1,39,0,0.0,0,0,0,0,0,0,0,0,0,0,0,0,0.0,0.0,0.0,0.0,0,0.0,0.2
155,Bettinelli,6,1,39,0,0.0,0,0,0,0,0,0,0,0,0,0,0,0,0.0,0.0,0.0,0.0,0,0.0,0.4
157,Caicedo,6,3,49,98,2.6,1,4,12,42,0,0,0,11,0,0,4,650,627.6,568.8,95.0,129.2,3351,3.2,1.0
158,Casadei,6,3,44,0,0.0,0,0,0,0,0,0,0,0,0,0,0,0,0.0,0.0,0.0,0.0,0,0.0,0.1
159,Chalobah,6,2,44,93,3.7,3,1,6,25,0,0,0,3,0,0,11,379,496.4,124.2,222.0,84.6,1969,0.8,0.7
161,Chukwuemeka,6,3,47,0,0.0,0,0,0,0,0,0,0,0,0,0,0,0,0.0,0.0,0.0,0.0,0,0.0,0.0
162,Colwill,6,2,44,109,3.1,2,1,10,41,0,0,0,9,0,0,6,461,692.0,214.3,185.0,109.4,3150,5.8,2.4
163,Cucurella,6,2,54,133,3.7,5,2,9,38,0,0,0,8,1,0,14,533,668.6,350.6,358.0,137.9,2988,6.5,11.8
164,D.D.Fofana,6,4,54,0,0.0,0,0,0,0,0,0,0,0,0,0,0,0,0.0,0.0,0.0,0.0,0,0.0,0.1
165,Deivid,6,4,49,0,0.0,0,0,0,0,0,0,0,0,0,0,0,0,0.0,0.0,0.0,0.0,0,0.0,0.1
166,Dewsbury-Hall,6,3,55,18,1.4,0,1,0,3,0,0,0,0,0,0,1,71,57.4,47.4,21.0,12.6,257,0.2,0.1
168,Enzo,6,3,47,135,3.8,6,8,10,37,0,0,0,8,0,0,11,691,761.6,1131.6,517.0,241.3,2943,4.0,4.1
169,Gallagher,6,3,59,0,0.0,0,0,0,0,0,0,0,0,0,0,0,0,0.0,0.0,0.0,0.0,0,0.0,0.1
170,Gilchrist,6,2,40,0,0.0,0,0,0,0,0,0,0,0,0,0,0,0,0.0,0.0,0.0,0.0,0,0.0,0.0
171,Gusto,6,2,49,60,1.9,0,1,4,26,0,0,0,4,0,0,2,285,336.8,394.6,147.0,87.9,1853,1.0,1.4
172,James,6,2,48,54,2.8,1,2,3,14,0,0,0,1,0,0,5,223,207.6,202.1,56.0,46.7,1057,4.5,1.1
173,Kellyman,6,3,43,0,0.0,0,0,0,0,0,0,0,0,0,0,0,0,0.0,0.0,0.0,0.0,0,0.0,0.1
174,Lavia,6,3,45,26,1.6,0,1,3,11,0,0,0,4,0,0,0,125,113.2,121.7,7.0,24.4,792,1.8,0.4
175,Lukaku,6,4,63,0,0.0,0,0,0,0,0,0,0,0,0,0,0,0,0.0,0.0,0.0,0.0,0,0.0,0.2
176,M.Sarr,6,2,45,0,0.0,0,0,0,0,0,0,0,0,0,0,0,0,0.0,0.0,0.0,0.0,0,0.0,0.0
177,Madueke,6,3,60,120,3.8,7,5,6,28,0,0,0,3,0,0,12,425,479.2,475.1,998.0,195.3,2028,2.2,3.2
178,Marc Guiu,6,4,47,3,1.0,0,0,0,2,0,0,0,0,0,0,0,11,4.4,11.8,6.0,2.2,71,0.0,0.5
179,Mudryk,6,3,61,7,1.0,0,0,0,2,0,0,0,0,0,0,0,26,23.2,31.5,31.0,8.5,145,0.0,0.2
180,N.Jackson,6,4,77,121,4.0,10,6,11,24,0,0,0,7,1,0,17,417,546.4,368.3,976.0,187.4,2220,0.0,6.2
181,Nkunku,6,3,57,60,2.2,3,2,2,16,0,0,0,2,0,0,5,190,230.2,204.9,339.0,77.1,904,0.0,2.0
182,Palmer,6,3,105,214,5.8,15,10,10,41,0,0,1,7,0,0,35,952,1068.2,1259.2,1052.0,338.0,3193,4.2,34.3
183,Petrović,6,1,44,0,0.0,0,0,0,0,0,0,0,0,0,0,0,0,0.0,0.0,0.0,0.0,0,0.0,0.1
184,Renato Veiga,6,3,44,7,1.0,0,0,1,2,0,0,0,2,0,0,0,22,30.4,9.2,19.0,5.9,176,0.0,0.1
185,Sánchez,6,1,45,126,3.9,0,0,10,34,0,1,0,5,0,95,11,470,755.6,20.0,0.0,77.5,2880,4.0,6.2
187,Tosin,6,2,42,71,3.2,1,1,7,14,0,0,0,4,0,0,7,305,352.2,48.2,92.0,49.6,1403,3.5,0.3
189,W.Fofana,6,2,43,26,1.9,0,0,2,13,0,0,0,7,0,0,2,162,200.2,85.0,33.0,31.9,1172,0.0,0.2
386,Sancho,6,3,62,86,2.8,3,5,7,24,0,0,0,2,0,0,3,367,340.0,523.2,414.0,127.5,1754,1.0,0.9
560,Neto,6,3,61,104,3.0,4,6,8,25,0,0,0,8,0,0,9,434,492.0,762.7,545.0,180.0,2262,4.0,1.4
575,Wiley,6,2,40,0,0.0,0,0,0,0,0,0,0,0,0,0,0,0,0.0,0.0,0.0,0.0,0,0.0,0.0
581,Jørgensen,6,1,42,18,3.0,0,0,1,9,0,0,0,0,0,20,0,59,157.6,0.0,0.0,15.9,540,0.0,0.4
621,João Félix,6,3,59,24,2.0,1,2,1,4,0,0,0,2,0,0,0,90,88.0,95.4,141.0,32.3,362,0.0,0.4
695,Rak-Sakyi,6,3,45,0,0.0,0,0,0,0,0,0,0,0,0,0,0,0,0.0,0.0,0.0,0.0,0,0.0,0.0
696,George,6,3,45,17,2.1,1,1,1,0,0,0,0,1,0,0,0,55,67.4,72.7,32.0,17.1,177,0.8,0.0
697,Acheampong,6,2,40,4,1.0,0,0,0,3,0,0,0,1,0,0,0,8,13.6,2.5,13.0,2.9,168,0.0,0.1
740,Maresca,6,5,15,94,0.0,0,0,0,0,0,0,0,0,0,0,0,0,0.0,0.0,0.0,0.0,0,6.8,1.7
771,Amougou,6,3,45,1,1.0,0,0,0,0,0,0,0,0,0,0,0,2,1.0,0.9,0.0,0.2,7,0.0,0.0
774,Anselmino,6,2,40,0,0.0,0,0,0,0,0,0,0,0,0,0,0,0,0.0,0.0,0.0,0.0,0,0.0,0.0
781,Mheuka,6,4,45,1,1.0,0,0,0,0,0,0,0,0,0,0,0,5,3.0,0.0,17.0,2.0,1,0.0,0.0
782,Samuels-Smith,6,2,40,0,0.0,0,0,0,0,0,0,0,0,0,0,0,0,0.0,0.0,0.0,0.0,0,0.0,0.0
787,Genesis Antwi,6,2,40,0,0.0,0,0,0,0,0,0,0,0,0,0,0,0,0.0,0.0,0.0,0.0,0,0.0,0.0
11,Nketiah,7,4,59,53,1.8,3,2,2,17,0,0,0,4,1,0,4,186,192.2,163.7,475.0,82.5,1018,3.8,0.7
160,Chilwell,7,2,46,13,1.6,1,0,0,4,0,0,0,1,0,0,0,54,99.6,69.2,37.0,20.7,254,2.0,0.5
190,Ahamada,7,3,45,0,0.0,0,0,0,0,0,0,0,0,0,0,0,0,0.0,0.0,0.0,0.0,0,0.0,0.1
193,C.Doucouré,7,3,48,19,1.5,0,1,1,6,0,0,0,1,0,0,0,71,58.6,25.7,23.0,10.8,443,0.0,0.0
194,C.Richards,7,2,44,68,2.8,1,1,7,31,0,0,0,2,1,0,2,249,470.8,45.0,181.0,69.6,1921,2.8,0.2
195,Chadi Riad,7,2,43,1,1.0,0,0,0,2,0,0,0,0,0,0,0,3,18.2,1.3,0.0,2.0,90,0.0,0.0
196,Clyne,7,2,43,18,1.4,0,0,1,11,0,0,0,1,0,0,0,48,66.6,51.8,8.0,12.4,477,0.0,0.1
197,Ebiowei,7,3,45,0,0.0,0,0,0,0,0,0,0,0,0,0,0,0,0.0,0.0,0.0,0.0,0,0.0,0.0
199,Eze,7,3,70,148,4.4,8,8,10,34,0,0,1,1,0,0,15,605,685.0,849.2,691.0,222.4,2588,8.8,14.6
200,Guéhi,7,2,47,116,3.4,3,2,11,42,3,0,0,7,1,0,11,492,827.0,237.6,247.0,131.0,3059,2.2,5.7
201,Henderson,7,1,46,135,3.6,0,0,11,51,0,1,0,3,0,104,8,466,853.6,30.0,4.0,88.6,3420,3.0,11.7
202,Holding,7,2,42,0,0.0,0,0,0,0,0,0,0,0,0,0,0,0,0.0,0.0,0.0,0.0,0,0.0,0.1
203,Hughes,7,3,49,67,2.0,0,4,10,31,0,0,0,11,0,0,3,278,335.2,462.6,90.0,87.5,2100,2.0,0.0
205,Kamada,7,3,51,45,1.3,0,0,3,27,0,0,0,4,1,0,0,246,219.2,314.1,145.0,68.2,1545,1.2,0.1
206,Lerma,7,3,48,58,1.8,0,1,6,36,0,0,0,9,0,0,2,326,401.4,190.2,197.0,78.7,2270,1.8,0.1
207,Mateta,7,4,75,150,4.1,14,2,9,37,0,0,0,2,0,0,27,576,671.6,405.4,800.0,187.3,2642,1.5,8.3
208,M.França,7,3,44,9,2.2,1,0,0,0,0,0,0,0,0,0,0,34,48.4,1.2,66.0,11.5,52,0.5,0.2
209,Matthews,7,1,39,0,0.0,0,0,0,0,0,0,0,0,0,0,0,0,0.0,0.0,0.0,0.0,0,0.0,0.4
210,Mitchell,7,2,48,123,3.3,0,6,12,46,0,0,0,2,0,0,4,455,630.8,559.1,170.0,136.2,3090,4.0,2.1
211,Muñoz,7,2,52,142,3.8,4,6,11,46,0,0,0,10,0,0,9,480,816.6,634.2,524.0,197.6,3229,3.8,19.3
212,Ozoh,7,3,45,0,0.0,0,0,0,0,0,0,0,0,0,0,0,0,0.0,0.0,0.0,0.0,0,0.0,0.0
213,Rak-Sakyi,7,3,45,0,0.0,0,0,0,0,0,0,0,0,0,0,0,0,0.0,0.0,0.0,0.0,0,0.0,0.0
214,Schlupp,7,3,46,12,1.0,0,0,0,3,0,0,0,0,0,0,0,43,22.8,42.9,46.0,11.0,95,0.0,0.0
215,Ward,7,2,43,1,0.5,0,0,0,2,0,0,0,1,0,0,0,-3,5.8,10.3,0.0,1.6,71,0.0,0.1
216,Wharton,7,3,47,42,2.1,0,2,4,21,0,0,0,2,0,0,0,244,261.2,381.4,69.0,71.2,1314,0.8,0.1
445,Turner,7,1,39,0,0.0,0,0,0,0,0,0,0,0,0,0,0,0,0.0,0.0,0.0,0.0,0,0.0,7.2
585,I.Sarr,7,3,55,149,3.9,8,7,10,39,0,0,0,4,0,0,14,542,675.0,618.0,866.0,215.9,2708,5.5,5.3
644,Umeh-Chibueze,7,3,44,0,0.0,0,0,0,0,0,0,0,0,0,0,0,0,0.0,0.0,0.0,0.0,0,0.0,0.0
645,Devenny,7,3,45,34,1.5,1,1,0,8,0,0,0,1,0,0,1,129,138.8,101.8,90.0,33.2,494,1.5,0.1
646,Agbinone,7,3,45,2,1.0,0,0,0,0,0,0,0,0,0,0,0,4,4.0,10.6,1.0,1.5,4,0.0,0.0
647,Rodney,7,3,45,0,0.0,0,0,0,0,0,0,0,0,0,0,0,0,0.0,0.0,0.0,0.0,0,0.0,0.0
650,Lacroix,7,2,45,114,3.3,1,2,11,45,0,0,0,5,0,0,9,463,723.8,113.7,277.0,111.4,3116,2.8,0.9
666,Kporha,7,2,40,2,1.0,0,0,0,1,0,0,0,0,0,0,0,1,8.0,4.6,0.0,1.3,11,0.0,0.0
676,Marsh,7,4,45,0,0.0,0,0,0,0,0,0,0,0,0,0,0,0,0.0,0.0,0.0,0.0,0,0.0,0.2
730,Esse,7,3,47,22,3.1,1,2,0,3,0,0,0,0,0,0,3,72,74.8,38.4,51.0,16.4,138,2.8,0.1
741,Glasner,7,5,8,128,0.0,0,0,0,0,0,0,0,0,0,0,0,0,0.0,0.0,0.0,0.0,0,9.5,1.9
156,Broja,8,4,53,12,1.2,0,0,2,2,0,0,0,1,0,0,0,23,20.2,53.8,43.0,10.9,327,0.0,0.1
217,A.Doucoure,8,3,51,94,2.8,3,2,11,33,0,0,0,3,1,0,5,333,352.6,379.4,348.0,107.6,2563,2.2,0.5
218,Beto,8,4,48,87,2.9,8,0,4,24,0,0,0,2,0,0,11,295,373.2,163.9,666.0,119.5,1521,4.5,3.9
219,Branthwaite,8,2,49,88,2.9,0,1,9,28,0,0,0,4,0,0,3,420,624.6,57.7,130.0,81.3,2509,2.2,1.9
220,Calvert-Lewin,8,4,54,63,2.4,3,2,8,18,0,0,0,2,0,0,3,157,200.2,126.1,573.0,89.2,1602,1.0,1.0
221,Coleman,8,2,43,5,1.0,0,0,0,4,0,0,0,1,0,0,0,17,42.4,3.8,23.0,7.1,214,0.5,0.0
222,Gana,8,3,48,89,2.4,0,3,12,39,0,0,0,9,0,0,5,505,522.0,327.2,117.0,96.6,3063,2.2,0.2
223,Garner,8,3,49,42,2.0,0,1,5,19,0,0,0,5,0,0,0,244,264.8,248.2,93.0,60.4,1590,2.0,0.0
224,Harrison,8,3,52,81,2.4,1,3,7,27,0,0,0,0,0,0,4,291,277.0,527.7,288.0,108.6,2068,1.8,0.2
225,Holgate,8,2,40,1,1.0,0,0,0,1,0,0,0,0,0,0,0,-1,0.0,0.0,0.0,0.0,5,0.0,0.1
226,Iroegbunam,8,3,43,22,1.2,0,1,0,16,0,0,0,4,0,0,0,82,122.2,40.9,32.0,19.6,562,0.5,0.6
227,J.Virginia,8,1,38,0,0.0,0,0,0,0,0,0,0,0,0,0,0,0,0.0,0.0,0.0,0.0,0,0.0,1.0
228,Keane,8,2,38,48,3.4,3,0,3,20,0,0,0,5,0,0,4,139,306.6,23.2,123.0,45.4,1046,4.0,4.3
229,Maupay,8,4,49,0,0.0,0,0,0,0,0,0,0,0,0,0,0,0,0.0,0.0,0.0,0.0,0,0.0,0.2
230,McNeil,8,3,51,93,4.4,4,8,5,24,0,0,0,1,0,0,9,401,392.0,631.8,207.0,123.3,1366,5.2,1.4
231,Mykolenko,8,2,44,121,3.5,1,3,11,39,0,0,0,4,0,0,9,467,621.4,428.5,100.0,115.2,3082,6.2,6.7
232,Ndiaye,8,4,52,114,3.5,9,0,15,24,0,0,0,3,0,0,21,552,598.0,326.4,493.0,142.0,2426,4.5,1.1
234,Patterson,8,2,44,14,1.4,0,1,0,6,0,0,0,1,0,0,0,47,71.6,70.3,12.0,15.5,342,0.8,0.0
235,Pickford,8,1,52,158,4.2,0,1,12,44,0,2,0,7,0,122,15,593,1052.0,20.3,0.0,107.0,3420,5.5,15.9
236,Tarkowski,8,2,47,105,3.2,1,1,10,38,0,0,0,6,0,0,8,468,859.0,188.8,217.0,126.9,2922,0.0,1.6
237,Y. Chermiti,8,4,49,3,0.8,0,0,0,0,0,0,0,1,0,0,0,9,2.4,0.6,27.0,3.0,42,0.2,0.0
238,Young,8,2,42,98,3.1,1,4,9,23,0,0,0,7,1,0,9,354,431.2,388.2,46.0,86.8,1864,3.8,1.4
450,Alcaraz,8,3,47,44,2.8,2,3,1,9,0,0,0,4,0,0,5,191,219.4,205.7,227.0,65.4,766,5.0,0.1
577,Lindstrøm,8,3,50,44,1.8,0,1,6,14,0,0,0,2,0,0,0,167,214.2,309.6,237.0,76.0,1229,0.0,0.1
582,O'Brien,8,2,45,65,3.2,2,0,5,17,0,0,0,5,0,0,5,233,341.4,108.9,109.0,56.0,1568,3.2,0.9
603,Armstrong,8,3,44,2,0.7,0,0,0,1,0,0,0,1,0,0,0,1,1.8,10.9,9.0,2.2,47,0.0,0.1
614,Metcalfe,8,3,45,0,0.0,0,0,0,0,0,0,0,0,0,0,0,0,0.0,0.0,0.0,0.0,0,0.0,0.0
624,Begovic,8,1,40,0,0.0,0,0,0,0,0,0,0,0,0,0,0,0,0.0,0.0,0.0,0.0,0,0.0,0.2
627,Dixon,8,2,39,0,0.0,0,0,0,4,0,0,0,0,0,0,0,0,15.4,0.3,0.0,1.6,90,0.0,0.1
651,Mangala,8,3,50,39,2.1,1,0,5,10,0,0,0,2,0,0,0,175,172.8,133.5,106.0,41.4,1257,0.0,0.0
678,Bates,8,3,45,0,0.0,0,0,0,0,0,0,0,0,0,0,0,0,0.0,0.0,0.0,0.0,0,0.0,0.0
724,Sherif,8,4,45,0,0.0,0,0,0,0,0,0,0,0,0,0,0,0,0.0,0.0,0.0,0.0,0,0.0,0.1
742,Moyes,8,5,5,137,0.0,0,0,0,0,0,0,0,0,0,0,0,0,0.0,0.0,0.0,0.0,0,10.8,5.3
773,Heath,8,3,45,0,0.0,0,0,0,0,0,0,0,0,0,0,0,0,0.0,0.0,0.0,0.0,0,0.0,0.0
775,Coby Ebere,8,3,45,0,0.0,0,0,0,0,0,0,0,0,0,0,0,0,0.0,0.0,0.0,0.0,0,0.0,0.0
803,Welch,8,2,40,0,0.0,0,0,0,0,0,0,0,0,0,0,0,0,0.0,0.0,0.0,0.0,0,0.0,0.0
10,Nelson,9,3,50,27,2.2,1,1,1,9,0,0,0,1,0,0,2,143,131.6,223.9,195.0,55.1,483,0.0,0.0
19,Smith Rowe,9,3,50,114,3.4,6,3,7,28,0,0,0,3,0,0,15,449,433.8,422.3,386.0,124.4,2036,2.0,7.3
191,Andersen,9,2,42,51,1.7,0,0,4,47,1,0,0,7,1,0,3,306,687.6,99.0,162.0,95.0,2673,1.0,3.4
239,Adama,9,3,45,95,2.6,2,8,3,28,0,0,0,3,0,0,8,384,385.4,632.1,426.0,144.6,1756,3.0,1.4
240,Andreas,9,3,49,81,2.5,2,6,5,32,0,0,1,8,0,0,2,355,326.6,868.3,300.0,149.0,2004,1.0,0.8
241,Bassey,9,2,45,75,2.1,1,0,5,47,0,0,0,7,0,0,0,390,587.2,96.7,157.0,84.1,3074,0.8,0.6
242,Benda,9,1,39,0,0.0,0,0,0,0,0,0,0,0,0,0,0,0,0.0,0.0,0.0,0.0,0,0.0,0.3
243,Cairney,9,3,48,33,1.3,2,0,1,12,0,0,0,3,1,0,0,192,163.8,213.8,94.0,47.2,610,2.2,0.0
244,Castagne,9,2,42,46,1.9,0,1,3,28,0,0,0,1,0,0,0,205,360.4,163.6,123.0,64.9,1642,0.2,0.8
245,Diop,9,2,43,31,1.5,0,0,1,19,1,0,0,2,0,0,0,146,257.6,44.7,83.0,38.3,1334,0.0,0.2
246,Harris,9,3,45,0,0.0,0,0,0,0,0,0,0,0,0,0,0,0,0.0,0.0,0.0,0.0,0,0.0,0.0
247,Iwobi,9,3,54,156,4.1,9,6,6,45,0,0,0,1,0,0,16,704,806.8,922.4,699.0,243.0,2981,1.8,4.9
248,Leno,9,1,50,115,3.0,0,2,5,54,0,1,0,5,0,110,5,475,967.0,20.0,0.0,98.6,3420,3.0,2.9
249,Lukić,9,3,48,56,1.9,0,2,4,37,0,0,0,12,0,0,1,354,335.6,455.1,119.0,91.0,2348,1.5,0.0
250,Mbabu,9,2,40,0,0.0,0,0,0,0,0,0,0,0,0,0,0,0,0.0,0.0,0.0,0.0,0,0.0,0.1
251,Muniz,9,4,55,86,2.8,8,1,2,17,0,0,0,1,0,0,14,349,352.4,95.3,508.0,95.4,943,0.0,1.4
252,Raúl,9,4,53,147,3.9,12,3,7,37,0,0,0,4,0,0,26,539,612.8,372.2,1018.0,199.7,2486,5.5,5.0
253,Ream,9,2,45,0,0.0,0,0,0,0,0,0,0,0,0,0,0,0,0.0,0.0,0.0,0.0,0,0.0,0.0
254,Reed,9,3,47,10,0.8,0,0,0,3,0,0,0,2,0,0,0,36,18.6,20.6,33.0,7.1,100,0.2,0.0
255,Robinson,9,2,47,106,2.9,0,10,5,49,0,0,0,8,0,0,8,507,922.2,723.4,206.0,185.5,3166,1.0,15.2
256,Stansfield,9,4,50,1,1.0,0,0,0,0,0,0,0,0,0,0,0,2,0.0,0.0,0.0,0.0,1,0.0,0.0
257,Tete,9,2,44,49,2.2,0,2,3,26,0,0,0,5,0,0,0,207,381.2,192.2,158.0,73.1,1773,0.8,0.2
258,Vinicius,9,4,50,3,1.0,0,0,0,1,0,0,0,0,0,0,0,14,4.0,0.0,19.0,2.3,13,0.0,0.3
259,Wilson,9,3,52,78,3.1,6,2,2,21,0,0,0,2,0,0,6,329,334.6,310.2,440.0,107.8,1148,3.0,0.2
579,Sessegnon,9,2,42,57,3.6,4,2,1,10,0,0,0,1,0,0,5,137,284.0,158.8,227.0,67.1,574,0.8,2.6
586,J.Cuenca,9,2,44,9,1.1,0,0,0,8,0,0,0,0,0,0,0,38,81.2,2.3,4.0,8.6,349,0.5,0.0
604,King,9,3,44,10,1.2,0,0,1,0,0,0,0,0,0,0,0,30,26.2,45.7,38.0,11.2,126,0.8,0.1
605,Godo,9,3,44,2,1.0,0,0,0,0,0,0,0,0,0,0,0,4,3.4,12.0,14.0,3.0,21,0.2,0.0
622,Berge,9,3,50,53,1.7,0,0,4,35,0,0,0,6,0,0,2,334,314.4,285.7,51.0,65.1,2221,1.0,0.0
690,Amissah,9,2,40,0,0.0,0,0,0,0,0,0,0,0,0,0,0,0,0.0,0.0,0.0,0.0,0,0.0,0.0
753,Silva,9,5,11,94,0.0,0,0,0,0,0,0,0,0,0,0,0,0,0.0,0.0,0.0,0.0,0,2.5,0.3
772,Willian,9,3,50,13,1.3,0,0,1,3,0,0,0,0,0,0,0,54,36.2,133.3,25.0,19.5,251,0.5,0.0
121,Enciso,10,3,54,59,2.4,2,3,2,22,0,0,0,3,0,0,5,224,250.8,268.9,362.0,87.7,1155,3.2,0.2
260,Al-Hamadi,10,4,47,8,0.7,0,0,0,5,0,0,0,3,0,0,0,15,5.6,25.7,32.0,6.0,125,0.0,0.2
261,Baggott,10,2,40,0,0.0,0,0,0,0,0,0,0,0,0,0,0,0,0.0,0.0,0.0,0.0,0,0.0,0.0
262,Broadhead,10,3,49,37,2.1,2,0,2,12,0,0,0,1,0,0,1,137,148.2,111.0,155.0,41.4,690,2.2,0.0
263,Burgess,10,2,38,26,1.4,0,2,0,37,0,0,0,0,0,0,0,122,422.0,87.2,103.0,61.4,1540,1.5,1.8
264,Burns,10,3,47,30,1.7,0,1,1,23,0,0,0,1,0,0,0,144,111.6,148.5,66.0,31.8,922,0.0,0.0
265,Chaplin,10,3,51,41,1.9,1,2,1,19,0,0,0,2,0,0,0,139,106.6,152.1,108.0,36.1,845,1.2,0.1
266,H.Clarke,10,2,40,1,0.1,0,0,0,10,1,0,0,1,1,0,0,-5,48.2,24.4,35.0,10.5,377,0.0,0.0
267,Davis,10,2,42,52,1.6,1,2,2,71,0,0,0,5,1,0,5,174,486.8,865.4,145.0,149.6,2742,0.5,0.9
268,Delap,10,4,56,132,3.6,12,2,3,58,0,0,0,12,0,0,22,472,513.0,290.5,783.0,157.5,2587,1.0,3.3
269,Edmundson,10,2,40,1,1.0,0,0,0,0,0,0,0,0,0,0,0,3,0.0,0.0,0.0,0.0,1,0.0,0.1
270,Greaves,10,2,38,37,1.5,1,0,2,53,0,0,0,5,0,0,0,171,592.8,77.2,157.0,82.7,2205,1.2,2.3
271,Harness,10,3,49,2,1.0,0,0,0,2,0,0,0,0,0,0,0,4,9.4,1.9,6.0,1.7,43,0.0,0.0
272,Hirst,10,4,54,46,1.8,3,1,0,16,0,0,0,3,0,0,3,157,146.4,64.5,207.0,41.2,645,2.2,0.1
273,Humphreys,10,3,45,0,0.0,0,0,0,0,0,0,0,0,0,0,0,0,0.0,0.0,0.0,0.0,0,0.0,0.0
274,Hutchinson,10,3,52,88,2.8,3,3,3,61,0,0,0,5,0,0,6,352,383.2,487.5,443.0,131.5,2585,2.8,0.3
275,Johnson,10,2,38,30,1.3,1,2,0,39,0,0,0,3,1,0,2,23,276.6,177.2,92.0,54.6,1346,0.2,1.9
276,Ladapo,10,4,45,0,0.0,0,0,0,0,0,0,0,0,0,0,0,0,0.0,0.0,0.0,0.0,0,0.0,0.4
277,Luongo,10,3,43,13,1.2,0,0,0,6,0,0,0,0,0,0,0,47,34.4,6.6,4.0,4.6,195,0.5,0.2
278,Morsy,10,3,48,67,2.0,1,1,2,67,1,0,0,10,0,0,5,421,417.0,374.0,47.0,83.7,2749,1.8,0.1
279,Ndaba,10,2,40,0,0.0,0,0,0,0,0,0,0,0,0,0,0,0,0.0,0.0,0.0,0.0,0,0.0,0.0
280,Slicker,10,1,39,0,0.0,0,0,0,0,0,0,0,0,0,0,0,0,0.0,0.0,0.0,0.0,0,0.0,0.6
281,Taylor,10,3,48,38,1.2,1,0,0,21,0,0,0,4,0,0,1,144,142.0,100.5,84.0,32.4,837,1.2,0.0
282,Tuanzebe,10,2,39,27,1.2,0,1,1,38,1,0,0,3,1,0,0,80,284.4,93.4,25.0,40.1,1710,1.2,1.2
283,Walton,10,1,43,16,2.3,0,0,1,19,0,0,0,0,0,20,2,42,163.2,10.0,0.0,17.3,630,0.5,0.2
284,Woolfenden,10,2,39,18,1.2,0,0,1,28,0,0,0,2,0,0,0,93,258.4,6.7,8.0,27.5,1187,0.2,1.2
359,Phillips,10,3,48,27,1.4,0,0,1,30,0,0,0,4,1,0,0,167,181.8,116.2,41.0,33.8,1231,0.2,0.1
568,Muric,10,1,44,49,2.7,0,0,1,33,0,0,0,1,0,70,5,186,531.2,0.0,0.0,53.1,1620,0.0,0.4
569,Jaden,10,3,53,37,1.8,2,0,2,22,0,0,0,3,1,0,3,116,159.0,98.2,190.0,43.9,796,0.0,0.1
583,Townsend,10,2,39,11,1.8,0,1,0,6,0,0,0,1,0,0,0,43,110.2,56.0,13.0,18.0,334,0.0,0.5
611,Szmodics,10,3,57,54,2.7,4,0,2,18,0,0,0,2,0,0,2,167,216.0,93.0,263.0,56.7,988,0.2,0.1
619,Cajuste,10,3,45,63,2.1,1,1,1,46,0,0,0,2,0,0,2,309,284.0,209.2,59.0,54.9,1960,2.2,0.1
630,O'Shea,10,2,38,49,1.4,0,2,2,75,0,0,0,6,0,0,1,231,862.8,59.9,195.0,111.6,3122,1.2,1.2
631,J.Clarke,10,3,54,53,1.7,0,4,1,31,0,0,0,2,0,0,0,221,230.8,341.7,151.0,72.2,1161,1.2,0.0
632,Ogbene,10,3,48,7,1.4,0,0,0,3,0,0,0,0,0,0,0,29,22.8,30.2,12.0,6.4,237,0.0,0.0
715,Godfrey,10,2,40,-1,-0.3,0,0,0,10,0,0,0,1,0,0,0,-27,15.0,2.3,2.0,1.9,158,0.0,0.0
743,McKenna,10,5,5,51,0.0,0,0,0,0,0,0,0,0,0,0,0,0,0.0,0.0,0.0,0.0,0,1.5,0.4
764,Palmer,10,1,45,22,1.7,0,0,0,30,0,0,0,2,0,45,0,94,356.8,10.0,0.0,36.6,1170,1.2,0.1
799,Boniface,10,2,40,0,0.0,0,0,0,0,0,0,0,0,0,0,0,0,0.0,0.0,0.0,0.0,0,0.0,0.0
800,Tom Taylor,10,3,45,0,0.0,0,0,0,0,0,0,0,0,0,0,0,0,0.0,0.0,0.0,0.0,0,0.0,0.0
117,Buonanotte,11,3,45,75,2.4,5,2,2,33,0,0,0,8,0,0,6,299,415.8,415.8,318.0,114.7,1508,2.0,0.4
192,J.Ayew,11,3,51,75,2.4,5,0,4,42,0,0,0,6,0,0,3,279,304.4,316.9,311.0,93.4,1649,3.8,0.2
198,Edouard,11,4,51,7,1.2,0,0,0,3,0,0,0,0,0,0,0,14,5.0,25.0,50.0,8.0,141,0.0,0.2
285,B.Soumaré,11,3,44,48,1.5,0,0,1,52,0,0,0,8,0,0,0,327,294.2,261.8,47.0,60.4,2165,1.8,0.3
286,Cannon,11,4,45,0,0.0,0,0,0,0,0,0,0,0,0,0,0,0,0.0,0.0,0.0,0.0,0,0.0,0.3
287,Choudhury,11,3,44,4,1.0,0,0,0,5,0,0,0,0,0,0,0,29,33.8,30.4,6.0,7.0,129,0.0,1.0
288,Coady,11,2,40,39,1.8,1,0,2,42,0,0,0,3,0,0,3,144,378.8,33.0,62.0,47.5,1712,5.5,0.5
289,Daka,11,4,48,34,1.5,1,0,1,16,0,0,0,0,0,0,2,108,86.0,41.7,148.0,27.0,717,1.0,0.5
290,De Cordova-Reid,11,3,52,48,2.1,1,4,1,17,0,0,0,2,0,0,2,145,102.2,84.4,72.0,26.0,734,0.0,0.1
291,Faes,11,2,38,55,1.6,1,0,3,63,0,0,0,4,0,0,2,241,678.0,68.5,121.0,86.9,2812,4.0,5.2
292,Golding,11,3,44,1,1.0,0,0,0,0,0,0,0,0,0,0,0,3,0.0,0.0,0.0,0.0,1,0.2,0.2
293,Hermansen,11,1,44,63,2.3,0,0,1,58,0,1,0,1,0,103,1,231,827.0,0.2,0.0,82.8,2385,0.0,0.4
294,Iversen,11,1,39,0,0.0,0,0,0,0,0,0,0,0,0,0,0,0,0.0,0.0,0.0,0.0,0,0.0,0.7
295,Justin,11,2,41,70,1.9,2,2,3,68,0,0,0,6,0,0,6,218,615.2,258.5,202.0,107.8,2912,5.0,1.2
296,Kristiansen,11,2,44,34,1.1,0,1,1,62,1,0,0,1,0,0,0,153,519.4,358.6,40.0,91.6,2481,0.5,0.1
297,Marcal,11,3,45,0,0.0,0,0,0,0,0,0,0,0,0,0,0,0,0.0,0.0,0.0,0.0,0,0.0,0.0
298,Mavididi,11,3,50,72,2.4,4,1,1,38,0,0,0,2,0,0,5,270,339.2,375.3,302.0,101.5,1606,0.0,0.3
299,McAteer,11,3,47,35,1.9,1,1,3,16,0,0,0,3,0,0,0,125,147.2,132.5,184.0,46.3,846,3.5,0.0
300,Ndidi,11,3,49,64,2.3,0,5,3,48,1,0,0,8,0,0,1,375,546.4,302.2,280.0,112.8,2325,2.8,0.2
301,Okoli,11,2,40,27,1.4,1,0,1,26,0,0,0,4,0,0,1,106,318.6,15.2,73.0,40.7,1122,0.2,0.4
302,Ricardo,11,2,41,10,1.0,0,0,0,8,0,0,0,1,0,0,0,46,67.8,18.7,19.0,10.5,382,0.2,0.1
303,Souttar,11,2,40,0,0.0,0,0,0,0,0,0,0,0,0,0,0,0,0.0,0.0,0.0,0.0,0,0.0,0.0
304,Stolarczyk,11,1,40,25,2.5,0,0,2,16,0,0,0,1,0,28,0,104,228.4,0.0,0.0,22.8,900,3.8,0.5
305,Thomas,11,2,39,27,1.9,0,0,3,23,0,0,0,3,0,0,0,144,226.4,144.5,34.0,40.4,1109,4.2,1.4
306,Vardy,11,4,54,128,3.7,9,5,4,68,0,0,1,5,0,0,18,464,490.8,270.8,742.0,150.0,2825,5.5,5.2
307,Vestergaard,11,2,39,11,0.6,0,0,0,35,1,0,0,5,0,0,0,86,321.0,46.6,53.0,42.4,1390,0.0,1.5
308,Ward,11,1,39,2,1.0,0,0,0,6,0,0,0,0,0,4,0,-5,35.4,0.0,0.0,3.6,135,0.0,2.0
309,Winks,11,3,43,40,1.8,0,2,0,34,0,0,0,4,0,0,0,282,272.8,319.6,37.0,63.2,1536,0.0,4.7
501,Skipp,11,3,47,27,1.1,0,0,3,26,0,0,0,8,0,0,0,121,119.4,146.0,35.0,29.9,1118,1.8,0.0
570,A.Fatawu,11,3,51,26,2.4,0,2,0,14,0,0,0,0,0,0,3,125,147.6,104.3,148.0,40.1,576,0.0,0.2
606,Alves,11,3,44,1,1.0,0,0,0,0,0,0,0,0,0,0,0,3,0.0,0.3,0.0,0.0,1,0.0,0.1
616,Nelson,11,2,40,0,0.0,0,0,0,0,0,0,0,0,0,0,0,0,0.0,0.0,0.0,0.0,0,0.0,0.0
635,El Khannouss,11,3,48,83,2.6,2,4,3,54,0,0,0,4,0,0,6,376,381.6,634.1,191.0,120.5,2179,3.5,0.2
694,Cartwright,11,3,45,0,0.0,0,0,0,0,0,0,0,0,0,0,0,0,0.0,0.0,0.0,0.0,0,0.0,0.0
708,Wilson-Brown,11,2,40,0,0.0,0,0,0,0,0,0,0,0,0,0,0,0,0.0,0.0,0.0,0.0,0,0.0,0.0
726,Coulibaly,11,2,40,1,0.2,0,0,0,6,0,0,0,1,0,0,0,-4,24.4,3.4,24.0,5.2,107,0.0,0.0
754,Van Nistelrooy,11,5,5,48,0.0,0,0,0,0,0,0,0,0,0,0,0,0,0.0,0.0,0.0,0.0,0,7.5,0.5
792,Monga,11,3,45,7,1.0,0,0,0,3,0,0,0,0,0,0,0,29,20.6,12.6,19.0,5.1,105,1.0,0.0
796,Olabade Aluko,11,2,40,1,1.0,0,0,0,0,0,0,0,0,0,0,0,3,2.0,0.2,0.0,0.2,1,0.2,0.0
797,Jake Evans,11,3,45,4,1.0,0,0,0,1,0,0,0,0,0,0,0,13,3.2,0.2,0.0,0.3,21,0.8,0.0
802,Braybrooke,11,3,45,0,0.0,0,0,0,0,0,0,0,0,0,0,0,0,0.0,0.0,0.0,0.0,0,0.0,0.0
310,A.Becker,12,1,55,112,4.0,0,0,10,29,0,0,0,0,0,78,9,451,628.8,13.0,0.0,64.0,2508,2.8,8.4
311,Alexander-Arnold,12,2,72,148,4.5,3,7,12,25,0,0,0,5,0,0,13,603,723.8,833.7,268.0,182.4,2362,0.5,16.7
312,Bajcetic,12,3,45,0,0.0,0,0,0,0,0,0,0,0,0,0,0,0,0.0,0.0,0.0,0.0,0,0.0,0.0
313,Bradley,12,2,47,41,2.2,0,2,3,10,0,0,0,4,0,0,3,160,156.2,110.5,162.0,42.8,744,1.8,1.2
315,Clark,12,3,45,0,0.0,0,0,0,0,0,0,0,0,0,0,0,0,0.0,0.0,0.0,0.0,0,0.0,0.0
316,Darwin,12,4,70,66,2.2,5,3,2,21,0,0,0,8,0,0,6,244,263.8,151.6,404.0,81.2,1113,1.0,1.9
317,Diogo J.,12,3,72,87,3.3,6,4,7,12,0,0,0,2,0,0,4,225,300.6,169.5,537.0,99.0,1182,0.8,2.6
318,Doak,12,3,45,0,0.0,0,0,0,0,0,0,0,0,0,0,0,0,0.0,0.0,0.0,0.0,0,0.0,0.0
319,Elliott,12,3,52,33,1.8,1,2,0,6,0,0,0,1,0,0,3,120,118.6,145.8,143.0,40.4,359,4.2,0.3
320,Endo,12,3,46,21,1.1,0,0,0,5,0,0,0,0,0,0,0,82,57.6,38.2,6.0,10.0,259,1.0,0.1
321,Gakpo,12,4,72,127,3.6,10,5,5,25,0,0,0,5,0,0,22,572,597.0,517.7,686.0,180.3,1921,5.0,5.4
322,Gomez,12,2,47,14,1.6,0,0,1,8,0,0,0,1,0,0,0,83,130.4,38.5,58.0,22.8,517,0.0,0.4
323,Gravenberch,12,3,50,92,2.5,0,4,14,35,0,0,0,5,1,0,1,568,550.6,473.9,121.0,114.7,3160,0.8,0.7
324,Jones,12,3,53,87,2.6,3,5,6,27,0,0,0,1,1,0,4,396,397.2,343.7,400.0,113.6,1702,1.8,0.2
325,Kelleher,12,1,39,45,4.5,0,0,4,12,0,1,0,0,0,27,1,156,224.2,0.0,0.0,22.4,900,0.0,1.2
326,Konaté,12,2,53,106,3.4,1,2,11,28,0,0,0,5,0,0,4,487,578.0,161.4,133.0,87.6,2561,1.0,7.0
327,Luis Díaz,12,3,75,183,5.1,13,7,15,21,0,0,0,2,0,0,21,634,770.8,748.0,946.0,246.4,2393,2.8,16.8
328,M.Salah,12,3,136,344,9.1,29,18,15,40,0,0,0,1,0,0,55,1133,1577.0,1199.2,1985.0,476.0,3374,4.0,66.3
329,Mac Allister,12,3,62,122,3.5,5,6,14,24,0,0,0,6,0,0,8,578,653.4,731.3,357.0,174.1,2597,1.2,1.7
330,McConnell,12,3,43,0,0.0,0,0,0,0,0,0,0,0,0,0,0,0,0.0,0.0,0.0,0.0,0,0.0,0.1
331,Morton,12,3,44,0,0.0,0,0,0,0,0,0,0,0,0,0,0,0,0.0,0.0,0.0,0.0,0,0.0,0.1
332,N.Phillips,12,2,40,0,0.0,0,0,0,0,0,0,0,0,0,0,0,0,0.0,0.0,0.0,0.0,0,0.0,0.1
333,Quansah,12,2,39,9,0.7,0,0,0,12,1,0,0,2,0,0,0,38,119.4,29.1,15.0,16.5,488,-0.2,1.0
334,R.Williams,12,2,40,0,0.0,0,0,0,0,0,0,0,0,0,0,0,0,0.0,0.0,0.0,0.0,0,0.0,0.0
335,Robertson,12,2,58,91,2.8,0,1,10,32,1,0,0,3,1,0,4,397,395.4,668.7,182.0,124.4,2479,1.5,4.0
336,Szoboszlai,12,3,61,143,4.0,6,10,12,29,0,0,0,6,0,0,14,605,589.8,794.8,601.0,198.1,2485,3.8,2.7
337,Tsimikas,12,2,46,43,2.4,0,1,4,8,0,0,0,2,0,0,3,217,202.0,260.7,60.0,52.5,829,0.5,0.2
339,Virgil,12,2,67,143,3.9,3,1,14,38,0,0,0,5,0,0,8,631,932.6,206.6,299.0,143.7,3330,2.0,25.6
636,Chiesa,12,3,68,7,1.2,0,0,0,3,0,0,0,0,0,0,0,16,9.0,23.5,36.0,6.7,103,0.8,0.2
660,Jaros,12,1,40,1,1.0,0,0,0,0,0,0,0,0,0,1,0,6,8.8,0.0,0.0,0.9,11,0.0,0.1
669,Davies,12,1,40,0,0.0,0,0,0,0,0,0,0,0,0,0,0,0,0.0,0.0,0.0,0.0,0,0.0,0.0
688,Nyoni,12,3,45,0,0.0,0,0,0,0,0,0,0,0,0,0,0,0,0.0,0.0,0.0,0.0,0,0.0,0.0
692,Nallo,12,2,40,0,0.0,0,0,0,0,0,0,0,0,0,0,0,0,0.0,0.0,0.0,0.0,0,0.0,0.0
709,Danns,12,4,45,1,1.0,0,0,0,1,0,0,0,0,0,0,0,2,0.0,0.3,0.0,0.0,10,0.0,0.0
744,Slot,12,5,15,118,0.0,0,0,0,0,0,0,0,0,0,0,0,0,0.0,0.0,0.0,0.0,0,3.0,6.3
340,Akanji,13,2,53,61,2.3,0,0,6,28,0,0,0,3,0,0,1,307,339.8,249.8,100.0,68.9,2012,3.8,2.3
341,Aké,13,2,53,25,2.5,0,0,3,11,0,0,0,0,0,0,0,121,104.6,33.7,20.0,15.9,677,0.0,0.8
342,Bernardo,13,3,61,110,3.3,4,4,10,36,0,0,0,7,0,0,13,568,603.0,800.4,532.0,193.6,2667,5.0,2.8
343,Bobb,13,3,47,3,1.0,0,0,0,1,0,0,0,0,0,0,0,13,4.4,12.6,0.0,1.6,14,0.2,0.1
344,Carson,13,1,39,0,0.0,0,0,0,0,0,0,0,0,0,0,0,0,0.0,0.0,0.0,0.0,0,0.0,0.2
345,De Bruyne,13,3,95,114,4.1,4,9,10,19,0,0,0,2,0,0,12,462,466.6,920.0,411.0,179.5,1694,4.5,11.6
346,Doku,13,3,62,88,3.0,3,6,8,14,0,0,0,1,0,0,3,425,453.8,515.9,528.0,150.0,1506,2.8,1.7
347,Ederson M.,13,1,53,111,4.3,0,4,10,26,0,0,0,4,0,54,9,400,567.0,43.0,0.0,60.9,2320,5.0,5.7
348,Foden,13,3,91,105,3.8,7,3,6,24,0,0,0,2,0,0,10,454,448.0,749.0,449.0,164.2,1771,1.2,4.6
349,Grealish,13,3,64,38,1.9,1,1,2,10,0,0,0,3,0,0,4,187,157.2,321.4,234.0,71.3,710,0.2,0.2
350,Gvardiol,13,2,65,153,4.1,5,0,13,41,0,0,0,2,0,0,15,623,847.0,501.7,497.0,185.0,3278,6.0,38.6
351,Haaland,13,4,149,181,5.8,22,3,10,38,0,0,1,2,0,0,26,795,946.0,359.4,1511.0,281.8,2736,2.5,24.0
352,J.Alvarez,13,4,70,0,0.0,0,0,0,0,0,0,0,0,0,0,0,0,0.0,0.0,0.0,0.0,0,0.0,0.1
353,João Cancelo,13,2,53,0,0.0,0,0,0,0,0,0,0,0,0,0,0,0,0.0,0.0,0.0,0.0,0,0.0,0.2
354,Kovačić,13,3,54,109,3.5,6,3,10,29,0,0,0,5,1,0,13,542,606.4,579.3,204.0,139.1,2194,2.0,1.2
355,Lewis,13,2,43,66,2.4,1,2,5,27,0,0,0,3,1,0,1,285,293.8,218.6,139.0,65.0,1888,1.8,3.5
356,Matheus N.,13,3,49,81,3.1,1,7,9,19,0,0,0,4,0,0,6,373,370.4,422.4,206.0,99.9,1670,3.5,0.2
357,McAtee,13,3,46,31,2.1,3,0,0,6,0,0,0,1,0,0,0,102,113.0,64.6,136.0,30.7,340,0.5,0.1
358,Ortega Moreno,13,1,52,35,2.7,0,0,3,18,0,0,0,1,0,33,0,144,292.6,0.0,0.0,29.4,1099,0.0,0.7
360,Rodrigo,13,3,62,3,1.0,0,0,0,1,0,0,0,0,0,0,0,21,12.2,17.5,0.0,3.0,72,0.2,0.8
361,Rúben,13,2,55,90,3.3,0,0,11,21,1,0,0,4,0,0,7,410,478.2,173.8,150.0,80.2,2269,6.2,5.5
362,Stones,13,2,53,29,2.6,2,0,1,11,0,0,0,1,0,0,2,92,155.6,49.8,70.0,27.4,544,0.0,1.0
363,Walker,13,2,51,13,0.9,0,0,0,21,0,0,0,3,0,0,0,63,157.4,147.7,29.0,33.5,966,0.0,2.5
571,Savinho,13,3,60,106,3.7,1,11,8,25,0,0,0,3,0,0,15,442,415.2,682.9,671.0,177.3,1760,0.5,1.9
607,O’Reilly,13,3,49,31,3.4,2,0,3,3,0,0,0,0,0,0,4,118,133.4,76.2,112.0,32.2,525,0.5,0.2
625,Gündogan,13,3,63,97,2.9,1,7,10,28,0,0,0,1,0,0,5,460,387.0,781.3,273.0,144.2,2218,5.8,0.5
626,Kaboré,13,2,45,0,0.0,0,0,0,0,0,0,0,0,0,0,0,0,0.0,0.0,0.0,0.0,0,0.0,0.0
671,Wright,13,3,45,0,0.0,0,0,0,0,0,0,0,0,0,0,0,0,0.0,0.0,0.0,0.0,0,0.0,0.0
672,Simpson-Pusey,13,2,40,1,0.5,0,0,0,2,0,0,0,1,0,0,0,7,19.6,2.2,2.0,2.4,95,0.0,0.0
675,Wilson-Esbrand,13,2,40,0,0.0,0,0,0,0,0,0,0,0,0,0,0,0,0.0,0.0,0.0,0.0,0,0.0,0.0
698,Mubama,13,4,45,1,1.0,0,0,0,0,0,0,0,0,0,0,0,2,0.2,0.1,5.0,0.5,27,0.0,0.1
703,Alleyne,13,2,40,0,0.0,0,0,0,0,0,0,0,0,0,0,0,0,0.0,0.0,0.0,0.0,0,0.0,0.0
704,Brits,13,1,40,0,0.0,0,0,0,0,0,0,0,0,0,0,0,0,0.0,0.0,0.0,0.0,0,0.0,0.0
732,Khusanov,13,2,50,14,2.3,0,0,2,6,1,0,0,1,0,0,0,78,102.0,33.9,4.0,14.1,503,0.0,0.3
733,Vitor Reis,13,2,45,1,1.0,0,0,0,0,0,0,0,0,0,0,0,4,3.2,0.0,0.0,0.3,1,0.0,0.0
736,Guardiola,13,5,15,113,0.0,0,0,0,0,0,0,0,0,0,0,0,0,0.0,0.0,0.0,0.0,0,8.2,29.2
755,Marmoush,13,4,74,73,4.6,7,1,8,12,0,0,0,0,0,0,12,326,318.0,246.7,410.0,97.3,1174,3.2,22.6
765,N.Gonzalez,13,3,60,31,2.8,1,1,6,7,0,0,0,3,0,0,0,123,137.2,78.7,62.0,27.5,760,2.5,0.0
785,Echeverri,13,3,58,1,1.0,0,0,0,0,0,0,0,0,0,0,0,2,2.2,0.4,0.0,0.3,5,0.2,0.0
364,Amad,14,3,53,129,5.0,8,8,7,30,0,0,0,5,0,0,17,569,634.0,687.2,615.0,193.8,1898,5.5,4.1
365,Antony,14,3,57,8,1.0,0,0,0,2,0,0,0,0,0,0,0,37,35.0,50.7,74.0,15.8,135,0.0,0.2
366,B.Fernandes,14,3,84,174,4.8,8,12,10,47,0,0,0,3,2,0,28,810,1017.8,1407.7,587.0,300.8,3017,2.5,13.7
367,Bayindir,14,1,43,8,2.0,0,0,1,10,0,0,0,0,0,8,0,22,80.0,0.0,0.0,7.9,360,2.0,0.1
368,Casemiro,14,3,46,48,2.0,1,0,6,20,0,0,0,5,0,0,3,300,433.2,348.2,265.0,104.8,1489,1.0,0.4
369,Dalot,14,2,50,95,2.9,0,4,8,45,0,0,0,5,0,0,9,352,493.2,434.2,258.0,118.2,2812,0.2,4.7
370,Eriksen,14,3,52,45,2.0,1,2,4,16,0,0,0,4,0,0,0,228,235.8,474.3,79.0,78.9,1052,2.8,0.2
371,Evans,14,2,44,15,2.1,0,0,1,2,0,0,0,1,0,0,3,71,66.6,5.3,23.0,9.5,312,0.2,0.1
372,Garnacho,14,3,59,106,2.9,6,4,5,36,0,0,0,3,0,0,7,370,454.0,532.2,904.0,188.3,2188,3.5,4.7
373,Hannibal,14,3,45,0,0.0,0,0,0,0,0,0,0,0,0,0,0,0,0.0,0.0,0.0,0.0,0,0.0,0.0
374,Heaton,14,1,39,0,0.0,0,0,0,0,0,0,0,0,0,0,0,0,0.0,0.0,0.0,0.0,0,0.0,0.2
375,Højlund,14,4,69,78,2.4,4,1,6,31,0,0,0,2,0,0,8,246,187.0,254.7,432.0,86.3,1998,1.5,1.0
376,Lindelof,14,2,43,27,1.7,0,0,2,9,0,0,0,1,0,0,0,100,125.4,48.5,8.0,18.3,695,2.5,0.1
377,Maguire,14,2,49,48,1.8,1,0,3,27,0,0,0,7,0,0,3,217,409.4,101.2,233.0,74.5,1751,2.2,0.8
378,Mainoo,14,3,52,42,1.7,0,0,5,27,0,0,0,5,0,0,0,229,196.6,250.8,137.0,58.8,1646,1.5,1.7
379,Malacia,14,2,44,2,0.7,0,0,0,1,0,0,0,1,0,0,0,2,5.2,13.9,0.0,1.7,99,0.0,0.0
380,Martinez,14,2,43,68,3.4,2,1,6,27,0,0,0,7,0,0,5,293,426.6,153.9,158.0,73.8,1751,0.0,2.2
381,McTominay,14,3,49,2,1.0,0,0,0,1,0,0,0,0,0,0,0,4,3.2,0.3,5.0,0.9,17,0.0,0.1
382,Mount,14,3,63,25,1.5,1,0,3,11,0,0,0,3,0,0,0,74,104.0,140.0,218.0,45.6,613,3.2,0.2
383,Onana,14,1,49,120,3.5,0,0,9,44,0,1,0,0,0,90,8,443,733.0,13.0,0.0,74.7,3060,0.5,5.0
384,Pellistri,14,3,50,0,0.0,0,0,0,0,0,0,0,0,0,0,0,0,0.0,0.0,0.0,0.0,0,0.0,0.0
387,Shaw,14,2,49,5,0.7,0,0,0,5,1,0,0,1,0,0,0,38,48.2,68.2,11.0,12.7,346,0.2,0.2
389,Zirkzee,14,4,65,64,2.0,3,2,3,24,0,0,0,2,0,0,6,216,222.6,212.0,351.0,78.0,1385,0.0,1.5
572,Yoro,14,2,43,22,1.0,0,0,1,24,0,0,0,5,0,0,0,90,207.4,55.8,54.0,31.8,1160,0.2,0.2
593,De Ligt,14,2,48,68,2.3,2,0,4,36,0,0,0,3,0,0,3,312,518.4,88.7,303.0,91.5,2119,0.0,2.9
594,Mazraoui,14,2,42,88,2.4,0,1,7,43,0,0,0,3,0,0,5,410,619.4,332.7,123.0,107.5,2836,0.8,7.3
613,Collyer,14,3,45,6,1.0,0,0,0,2,0,0,0,0,0,0,0,40,40.4,29.9,8.0,7.9,174,0.0,0.0
648,Wheatley,14,4,45,0,0.0,0,0,0,0,0,0,0,0,0,0,0,0,0.0,0.0,0.0,0.0,0,0.0,1.0
652,Ugarte,14,3,49,49,1.7,1,2,4,33,1,0,0,11,0,0,1,318,313.6,195.9,113.0,62.1,1777,1.2,0.1
658,Heaven,14,2,40,10,2.5,0,0,1,1,0,0,0,1,0,0,2,47,43.4,12.9,10.0,6.6,169,2.0,0.1
667,Fletcher,14,3,45,0,0.0,0,0,0,0,0,0,0,0,0,0,0,0,0.0,0.0,0.0,0.0,0,0.0,0.0
670,Amass,14,2,40,4,0.8,0,0,0,9,0,0,0,0,0,0,0,1,40.0,26.5,15.0,8.2,345,0.2,0.1
673,Fitzgerald,14,3,45,0,0.0,0,0,0,0,0,0,0,0,0,0,0,0,0.0,0.0,0.0,0.0,0,0.0,0.0
691,Kukonki,14,2,40,0,0.0,0,0,0,0,0,0,0,0,0,0,0,0,0.0,0.0,0.0,0.0,0,0.0,0.0
745,Amorim,14,5,8,86,0.0,0,0,0,0,0,0,0,0,0,0,0,0,0.0,0.0,0.0,0.0,0,5.8,1.4
761,Harrison,14,1,40,0,0.0,0,0,0,0,0,0,0,0,0,0,0,0,0.0,0.0,0.0,0.0,0,0.0,0.0
766,Dorgu,14,2,45,18,1.5,0,0,2,12,0,0,0,3,1,0,1,108,106.4,175.3,112.0,39.4,840,2.5,0.2
776,Obi,14,4,45,7,1.0,0,0,0,5,0,0,0,1,0,0,0,21,8.2,5.1,46.0,5.4,160,0.8,0.2
777,Fredricson,14,2,40,2,1.0,0,0,0,5,0,0,0,0,0,0,0,16,37.4,4.9,2.0,4.4,166,0.0,0.0
778,Moorhouse,14,3,45,0,0.0,0,0,0,0,0,0,0,0,0,0,0,0,0.0,0.0,0.0,0.0,0,0.0,0.0
779,Koné,14,3,45,0,0.0,0,0,0,0,0,0,0,0,0,0,0,0,0.0,0.0,0.0,0.0,0,0.0,0.0
783,Graczyk,14,1,40,0,0.0,0,0,0,0,0,0,0,0,0,0,0,0,0.0,0.0,0.0,0.0,0,0.0,0.0
788,Dermot Mee,14,1,40,0,0.0,0,0,0,0,0,0,0,0,0,0,0,0,0.0,0.0,0.0,0.0,0,0.0,0.0
390,A.Murphy,15,2,40,0,0.0,0,0,0,0,0,0,0,0,0,0,0,0,0.0,0.0,0.0,0.0,0,0.0,0.5
391,Almirón,15,3,54,10,1.1,0,0,0,3,0,0,0,0,0,0,0,36,15.2,40.9,57.0,11.3,150,0.0,0.3
392,Barnes,15,3,59,130,3.9,9,5,6,23,0,0,0,0,0,0,13,442,522.2,407.1,701.0,163.1,1746,2.2,4.2
393,Botman,15,2,44,18,2.2,0,0,2,4,0,0,0,1,0,0,0,95,110.4,28.4,96.0,23.6,412,2.5,0.0
394,Bruno G.,15,3,62,135,3.6,5,6,13,44,0,0,0,7,0,0,10,661,723.0,796.0,454.0,197.5,3273,3.2,3.0
395,Burn,15,2,46,115,3.1,1,1,13,45,2,0,0,11,0,0,9,476,736.6,123.6,297.0,115.8,3330,4.0,12.6
396,Dúbravka,15,1,40,44,4.4,0,0,5,12,0,0,0,0,0,29,2,160,220.2,0.0,0.0,22.0,900,0.0,1.3
398,Gordon,15,3,74,124,3.6,6,6,10,33,0,0,1,2,0,0,9,476,537.0,777.3,655.0,196.8,2428,1.8,8.0
399,Hall,15,2,47,102,3.8,0,7,8,31,0,0,0,3,0,0,11,443,561.6,561.2,128.0,125.3,2188,0.0,4.4
400,Hayden,15,3,44,0,0.0,0,0,0,0,0,0,0,0,0,0,0,0,0.0,0.0,0.0,0.0,0,0.0,0.1
401,Isak,15,4,94,211,6.2,23,6,12,41,0,0,0,1,0,0,36,848,1043.0,573.1,1320.0,292.7,2758,3.2,49.4
402,J.Murphy,15,3,52,159,4.5,8,13,11,31,0,0,0,4,0,0,11,601,713.4,625.2,519.0,185.6,2356,2.5,14.3
403,Joelinton,15,3,60,99,3.4,4,4,10,32,0,0,0,10,0,0,11,374,469.8,389.3,465.0,132.7,2394,0.0,1.1
404,Kelly,15,2,42,12,1.2,0,1,0,6,0,0,0,2,0,0,0,40,80.6,29.0,20.0,12.6,299,0.0,0.1
405,Krafth,15,2,43,17,1.4,0,0,1,2,0,0,0,2,0,0,0,55,59.2,19.7,13.0,9.3,334,0.2,0.1
406,Kuol,15,3,44,0,0.0,0,0,0,0,0,0,0,0,0,0,0,0,0.0,0.0,0.0,0.0,0,0.0,0.1
407,Lascelles,15,2,45,0,0.0,0,0,0,0,0,0,0,0,0,0,0,0,0.0,0.0,0.0,0.0,0,0.0,0.0
408,Lewis,15,2,40,0,0.0,0,0,0,0,0,0,0,0,0,0,0,0,0.0,0.0,0.0,0.0,0,0.0,0.1
409,Livramento,15,2,46,105,2.8,0,1,10,40,0,0,0,1,0,0,6,476,567.4,406.2,127.0,110.1,2835,3.2,8.9
410,Longstaff,15,3,44,34,1.4,0,1,2,11,0,0,0,2,0,0,0,131,117.2,78.4,76.0,27.3,783,0.2,0.3
411,Miley,15,3,50,21,1.5,1,0,0,4,0,0,0,0,0,0,1,88,87.4,33.5,45.0,16.7,304,0.5,0.0
412,Odysseas,15,1,42,0,0.0,0,0,0,0,0,0,0,0,0,0,0,0,0.0,0.0,0.0,0.0,0,0.0,0.1
413,Pope,15,1,50,102,3.6,0,0,8,35,0,1,0,2,0,88,2,384,666.0,10.0,0.0,67.4,2520,3.8,6.1
414,Ruddy,15,1,39,0,0.0,0,0,0,0,0,0,0,0,0,0,0,0,0.0,0.0,0.0,0.0,0,0.0,0.3
415,Schär,15,2,55,118,3.5,4,2,11,42,0,0,0,9,1,0,4,440,743.2,111.5,346.0,119.6,2935,3.5,5.0
416,Targett,15,2,39,2,1.0,0,0,0,0,0,0,0,0,0,0,0,7,5.0,5.6,0.0,1.0,20,0.0,0.3
417,Tonali,15,3,55,106,2.9,4,2,11,34,0,0,0,5,0,0,10,536,539.4,496.3,299.0,133.5,2625,4.2,0.9
418,Trippier,15,2,56,72,2.9,0,3,6,18,0,0,0,1,0,0,8,287,319.4,406.8,33.0,76.1,1299,0.8,4.4
419,White,15,3,45,0,0.0,0,0,0,0,0,0,0,0,0,0,0,0,0.0,0.0,0.0,0.0,0,0.0,0.1
420,Willock,15,3,47,46,1.4,0,2,4,16,0,0,0,4,0,0,0,139,172.8,273.8,197.0,63.9,1065,0.5,0.1
421,Wilson,15,4,69,19,1.1,0,0,0,7,0,0,0,1,0,0,0,42,13.0,42.2,71.0,12.1,355,1.2,0.2
574,Pivas,15,2,40,0,0.0,0,0,0,0,0,0,0,0,0,0,0,0,0.0,0.0,0.0,0.0,0,0.0,0.1
590,Osula,15,4,49,19,1.4,1,0,0,3,0,0,0,0,0,0,1,59,42.4,25.1,37.0,10.5,124,0.5,0.2
746,Howe,15,5,15,97,0.0,0,0,0,0,0,0,0,0,0,0,0,0,0.0,0.0,0.0,0.0,0,3.5,2.8
789,Neave,15,4,45,0,0.0,0,0,0,0,0,0,0,0,0,0,0,0,0.0,0.0,0.0,0.0,0,0.0,0.0
26,Alex Moreno,16,2,42,34,2.3,0,1,3,16,0,0,0,2,0,0,1,126,200.8,134.5,29.0,36.4,952,0.0,0.4
422,Aina,16,2,53,128,3.7,2,1,12,39,0,0,0,5,0,0,15,483,578.2,282.3,80.0,94.1,2996,1.0,13.0
423,Anderson,16,3,50,107,2.9,2,6,13,37,0,0,0,10,0,0,8,526,638.8,605.2,308.0,155.6,2726,1.4,0.3
424,Awoniyi,16,4,55,32,1.2,1,0,1,10,0,0,0,0,0,0,0,89,67.0,40.9,118.0,21.9,398,0.4,0.3
425,Boly,16,2,42,6,1.0,0,0,0,1,0,0,0,1,0,0,0,26,51.0,0.4,17.0,6.8,146,0.0,0.1
426,Bowler,16,3,45,0,0.0,0,0,0,0,0,0,0,0,0,0,0,0,0.0,0.0,0.0,0.0,0,0.0,0.0
427,C.Miguel,16,1,41,0,0.0,0,0,0,0,0,0,0,0,0,0,0,0,0.0,0.0,0.0,0.0,0,0.0,0.1
428,Da Silva Moreira,16,3,43,2,1.0,0,0,0,0,0,0,0,0,0,0,0,9,5.2,0.3,0.0,0.6,28,0.0,0.1
429,Danilo,16,3,47,11,1.4,0,0,1,4,0,0,0,0,0,0,0,43,34.6,5.0,0.0,3.9,270,0.2,0.0
430,Dennis,16,4,49,0,0.0,0,0,0,0,0,0,0,0,0,0,0,0,0.0,0.0,0.0,0.0,0,0.0,0.2
431,Dominguez,16,3,48,54,1.6,0,1,7,27,0,0,0,9,0,0,0,292,410.2,247.2,237.0,89.4,1954,1.6,0.0
432,Elanga,16,3,55,153,4.0,6,11,12,35,0,0,0,1,0,0,15,535,627.0,785.4,582.0,199.8,2496,3.6,9.4
433,Gibbs-White,16,3,65,154,4.5,7,11,13,34,0,0,0,9,1,0,18,594,680.4,793.7,632.0,210.6,2806,5.6,7.4
434,Hudson-Odoi,16,3,51,103,3.3,5,3,11,23,0,0,0,2,0,0,7,454,445.6,663.9,405.0,151.0,2190,0.6,1.2
435,Mighten,16,3,45,0,0.0,0,0,0,0,0,0,0,0,0,0,0,0,0.0,0.0,0.0,0.0,0,0.0,0.0
436,Murillo,16,2,47,130,3.6,2,0,12,44,0,0,0,6,0,0,18,541,927.2,211.2,201.0,134.0,3188,2.8,4.1
437,N.Williams,16,2,45,109,3.1,1,3,10,31,0,0,0,7,0,0,8,435,628.4,305.3,244.0,118.0,2588,2.4,4.0
438,O.Richards,16,2,45,0,0.0,0,0,0,0,0,0,0,0,0,0,0,0,0.0,0.0,0.0,0.0,0,0.0,0.0
439,O'Brien,16,3,50,0,0.0,0,0,0,0,0,0,0,0,0,0,0,0,0.0,0.0,0.0,0.0,0,0.0,0.0
440,Omobamidele,16,2,42,0,0.0,0,0,0,0,0,0,0,0,0,0,0,0,0.0,0.0,0.0,0.0,0,0.0,0.0
441,Panzo,16,2,40,0,0.0,0,0,0,0,0,0,0,0,0,0,0,0,0.0,0.0,0.0,0.0,0,0.0,0.0
442,Sangaré,16,3,43,20,1.5,0,1,2,6,0,0,0,3,0,0,0,107,130.6,80.3,21.0,23.2,584,1.6,1.2
443,Sels,16,1,52,150,3.9,0,1,13,46,0,0,0,4,0,120,11,521,942.2,20.2,0.0,96.7,3420,1.8,19.9
444,Toffolo,16,2,42,4,1.0,0,0,0,2,0,0,0,1,0,0,0,18,40.2,4.1,6.0,5.1,135,0.0,0.1
446,Ui-jo,16,4,45,0,0.0,0,0,0,0,0,0,0,0,0,0,0,0,0.0,0.0,0.0,0.0,0,0.0,0.8
447,Wood,16,4,72,200,5.6,20,3,15,37,0,0,0,1,0,0,41,744,838.4,320.0,900.0,205.6,2958,3.2,30.8
448,Worrall,16,2,45,0,0.0,0,0,0,0,0,0,0,0,0,0,0,0,0.0,0.0,0.0,0.0,0,0.0,0.0
449,Yates,16,3,48,67,1.9,2,2,6,27,0,0,0,10,0,0,3,306,344.4,241.1,265.0,85.4,1901,1.0,0.1
573,Milenković,16,2,52,145,3.9,5,2,13,45,0,0,0,4,0,0,2,499,805.2,107.9,361.0,127.2,3330,2.8,18.0
596,Jota Silva,16,3,59,52,1.7,3,2,1,16,0,0,0,5,0,0,0,212,221.8,182.9,239.0,64.6,835,0.8,0.1
620,Sosa,16,3,55,25,1.3,1,0,1,5,0,0,0,1,0,0,0,101,87.4,103.0,104.0,29.2,280,0.4,0.1
653,Morato,16,2,45,36,1.4,0,0,3,14,0,0,0,5,0,0,2,125,205.2,10.8,22.0,24.0,891,0.0,0.1
706,Abbott,16,2,40,0,0.0,0,0,0,0,0,0,0,0,0,0,0,0,0.0,0.0,0.0,0.0,0,0.0,0.0
721,Hennessey,16,1,40,0,0.0,0,0,0,0,0,0,0,0,0,0,0,0,0.0,0.0,0.0,0.0,0,0.0,0.0
747,Nuno,16,5,11,78,0.0,0,0,0,0,0,0,0,0,0,0,0,0,0.0,0.0,0.0,0.0,0,3.4,5.0
14,Ramsdale,17,1,44,97,3.2,0,0,3,66,0,2,0,2,0,125,11,315,980.6,0.1,0.0,98.3,2700,3.8,1.3
27,Archer,17,4,48,57,1.6,2,0,2,34,0,0,1,0,0,0,4,145,125.2,102.5,376.0,60.0,1421,1.0,1.1
188,Ugochukwu,17,3,44,47,1.8,1,1,1,39,0,0,0,7,0,0,3,209,265.0,211.9,84.0,55.9,1652,0.8,0.3
397,Fraser,17,3,48,7,0.9,0,0,0,12,0,0,0,0,1,0,0,31,35.8,26.8,13.0,6.7,303,0.0,0.0
451,Amo-Ameyaw,17,3,44,1,0.5,0,0,0,0,0,0,0,1,0,0,0,1,4.0,16.1,6.0,2.6,26,0.0,0.1
452,Aribo,17,3,49,72,2.2,3,0,1,56,0,0,0,1,0,0,7,394,386.2,293.0,242.0,92.3,2007,0.5,0.1
453,Armstrong,17,4,51,45,2.2,2,3,2,35,0,0,1,4,0,0,2,145,154.4,143.7,262.0,56.0,1246,0.0,0.5
454,Bazunu,17,1,43,0,0.0,0,0,0,0,0,0,0,0,0,0,0,0,0.0,0.0,0.0,0.0,0,0.0,0.1
455,Bednarek,17,2,40,60,2.0,2,0,3,57,0,0,0,7,0,0,3,283,770.6,78.3,71.0,91.9,2531,2.0,1.9
456,Bella-Kotchap,17,2,39,2,0.5,0,0,0,13,0,0,0,0,0,0,0,7,64.6,2.3,4.0,7.0,329,0.0,0.4
457,Bree,17,2,39,23,1.4,0,1,1,31,0,0,0,0,0,0,0,95,187.4,159.4,43.0,39.0,1070,1.8,0.3
458,Charles,17,3,45,0,0.0,0,0,0,0,0,0,0,0,0,0,0,0,0.0,0.0,0.0,0.0,0,0.0,0.0
459,Edozie,17,3,49,1,0.5,0,0,0,0,0,0,0,1,0,0,0,6,9.8,19.0,22.0,5.1,64,0.0,0.0
460,Edwards,17,2,39,1,1.0,0,0,0,1,0,0,0,0,0,0,0,-1,5.0,0.1,0.0,0.5,12,0.0,0.2
461,Harwood-Bellis,17,2,39,55,1.6,1,0,3,65,0,0,0,9,0,0,2,268,727.0,218.3,252.0,119.9,2824,1.8,4.1
462,Kamaldeen,17,3,50,53,2.0,1,2,3,36,0,0,0,2,0,0,2,163,187.2,182.4,290.0,65.7,1394,1.5,0.0
463,Lallana,17,3,50,17,1.2,0,2,0,8,0,0,0,4,0,0,1,74,81.2,82.4,21.0,18.4,352,0.0,0.0
464,Larios,17,2,39,0,0.0,0,0,0,0,0,0,0,0,0,0,0,0,0.0,0.0,0.0,0.0,0,0.0,0.1
465,Lis,17,1,40,0,0.0,0,0,0,0,0,0,0,0,0,0,0,0,0.0,0.0,0.0,0.0,0,0.0,0.1
466,Lumley,17,1,40,8,2.7,0,0,0,7,0,0,0,0,0,13,0,22,102.2,0.0,0.0,10.2,270,0.0,0.4
467,Manning,17,2,43,34,1.4,0,2,1,35,0,0,0,2,0,0,0,162,307.4,498.3,71.0,87.6,1458,0.5,0.1
468,Mara,17,4,50,0,0.0,0,0,0,0,0,0,0,0,0,0,0,0,0.0,0.0,0.0,0.0,0,0.0,0.0
469,McCarthy,17,1,42,12,2.4,0,0,0,13,0,0,0,0,0,24,0,32,166.4,0.0,0.0,16.7,450,0.0,0.1
470,Onuachu,17,4,49,51,2.0,4,1,1,26,0,0,0,4,0,0,4,151,219.8,127.3,479.0,81.7,1038,0.5,0.3
471,Smallbone,17,3,50,26,1.4,1,0,0,22,0,0,0,1,0,0,0,119,112.6,163.3,64.0,33.9,679,1.0,0.0
472,Stephens,17,2,40,31,1.6,1,0,2,31,0,0,0,2,2,0,2,112,291.8,71.6,51.0,41.5,1389,1.8,0.3
473,Stewart,17,4,44,20,1.7,1,0,1,9,0,0,0,1,0,0,3,59,54.4,15.4,96.0,16.3,382,3.0,1.7
474,Sugawara,17,2,42,43,1.4,1,1,2,46,0,0,0,4,0,0,0,116,315.4,291.3,137.0,74.2,1548,0.2,0.1
475,Taylor,17,2,39,6,0.8,0,0,0,12,0,0,0,1,0,0,0,26,102.0,27.8,4.0,13.5,353,0.2,3.0
476,Walker-Peters,17,2,42,54,1.6,0,3,2,77,0,0,0,5,0,0,3,240,503.8,406.8,237.0,114.4,2918,0.2,0.3
477,Wood,17,2,39,14,1.3,0,0,1,20,0,0,0,2,0,0,2,54,137.8,20.3,16.0,17.6,771,0.2,1.0
515,Cornet,17,3,47,1,0.5,0,0,0,4,0,0,0,1,0,0,0,12,11.6,3.5,7.0,2.2,71,0.0,0.0
518,Downes,17,3,47,48,1.8,1,0,4,49,0,0,0,12,0,0,0,312,297.6,292.2,118.0,71.0,2149,1.8,0.0
584,Brereton Díaz,17,3,48,13,1.3,0,0,0,10,0,0,0,1,0,0,0,43,21.8,63.6,81.0,16.8,446,0.0,0.1
608,Dibling,17,3,43,68,2.1,2,2,3,50,0,0,0,6,0,0,4,247,261.0,344.5,264.0,87.0,1863,1.5,1.4
623,M.Fernandes,17,3,50,95,2.6,2,4,5,66,0,0,0,8,0,0,8,513,553.4,649.5,372.0,157.8,2911,3.0,0.1
693,O'Brien-Whitmarsh,17,3,45,0,0.0,0,0,0,0,0,0,0,0,0,0,0,0,0.0,0.0,0.0,0.0,0,0.0,0.0
718,Welington,17,2,40,14,1.4,0,0,1,10,0,0,0,1,0,0,0,53,120.2,58.4,11.0,19.0,478,2.0,0.0
719,Kayi Sanda,17,2,40,2,1.0,0,0,0,1,0,0,0,0,0,0,0,3,3.2,0.3,2.0,0.6,12,0.5,0.0
734,Grønbæk,17,3,49,6,1.5,0,0,0,3,0,0,0,0,0,0,0,13,15.8,11.4,9.0,3.7,141,0.0,0.0
748,Rusk,17,5,5,38,0.0,0,0,0,0,0,0,0,0,0,0,0,0,0.0,0.0,0.0,0.0,0,2.8,0.1
798,Jay Robinson,17,4,44,5,1.2,0,0,0,2,0,0,0,0,0,0,0,19,21.8,34.4,29.0,8.6,134,1.0,0.0
804,Moore,17,2,40,0,0.0,0,0,0,0,0,0,0,0,0,0,0,0,0.0,0.0,0.0,0.0,0,0.0,0.0
82,Solanke,18,4,73,108,4.0,9,5,4,43,1,0,0,0,0,0,7,404,505.8,199.8,729.0,142.1,2199,2.0,4.7
478,A.Phillips,18,2,40,0,0.0,0,0,0,0,0,0,0,0,0,0,0,0,0.0,0.0,0.0,0.0,0,0.0,0.1
479,Austin,18,1,40,1,1.0,0,0,0,2,0,0,0,0,0,2,0,7,20.0,0.0,0.0,2.0,90,0.0,0.4
480,Bentancur,18,3,49,49,1.9,2,0,3,26,0,0,0,9,0,0,1,293,324.6,208.5,165.0,70.2,1640,0.5,0.1
481,Bergvall,18,3,44,44,1.6,0,2,3,25,0,0,0,3,0,0,0,216,237.2,218.7,97.0,55.0,1200,0.0,0.8
482,Bissouma,18,3,48,50,1.8,2,0,3,28,0,0,0,7,0,0,4,258,283.8,133.8,59.0,48.0,1396,1.2,0.2
483,Bryan,18,3,50,0,0.0,0,0,0,0,0,0,0,0,0,0,0,0,0.0,0.0,0.0,0.0,0,0.0,0.0
484,Davies,18,2,43,28,1.6,0,0,3,26,0,0,0,5,0,0,0,154,343.6,42.1,49.0,43.7,1329,0.5,0.2
485,Devine,18,3,45,0,0.0,0,0,0,0,0,0,0,0,0,0,0,0,0.0,0.0,0.0,0.0,0,0.0,0.0
486,Dragusin,18,2,43,24,1.5,0,0,2,29,0,0,0,1,0,0,0,96,256.4,58.1,47.0,36.2,1250,0.0,0.1
487,E.Royal,18,2,45,0,0.0,0,0,0,0,0,0,0,0,0,0,0,0,0.0,0.0,0.0,0.0,0,0.0,0.0
488,Forster,18,1,43,19,2.7,0,0,1,15,0,0,0,0,0,29,0,64,221.0,0.0,0.0,22.2,630,0.0,0.3
489,Gray,18,3,46,45,1.6,0,0,2,41,1,0,0,1,0,0,0,253,254.6,71.4,15.0,34.3,1750,1.8,0.2
490,Højbjerg,18,3,50,0,0.0,0,0,0,0,0,0,0,0,0,0,0,0,0.0,0.0,0.0,0.0,0,0.0,0.0
491,Johnson,18,3,62,137,4.2,11,6,2,38,0,0,0,5,0,0,13,461,559.6,295.0,761.0,161.0,2171,0.8,2.3
492,Kulusevski,18,3,62,117,3.7,7,4,6,41,0,0,0,3,0,0,9,426,613.6,843.8,733.0,218.7,2386,0.8,2.2
493,Lo Celso,18,3,49,0,0.0,0,0,0,0,0,0,0,0,0,0,0,0,0.0,0.0,0.0,0.0,0,0.0,0.0
494,Maddison,18,3,74,133,4.3,9,8,6,32,0,0,0,6,0,0,15,592,683.4,702.3,495.0,187.8,1799,0.0,3.8
495,Pedro Porro,18,2,52,98,3.0,2,6,6,47,0,0,0,5,0,0,6,456,778.4,932.9,200.0,191.2,2606,-0.2,16.5
496,Reguilón,18,2,41,2,0.5,0,0,0,3,0,0,0,2,0,0,0,20,33.4,25.2,13.0,7.2,194,0.2,0.2
497,Richarlison,18,4,68,35,2.3,4,1,1,9,0,0,0,2,0,0,0,138,180.8,57.1,243.0,47.4,497,1.0,0.4
498,Romero,18,2,49,49,2.7,1,1,3,22,0,0,0,3,0,0,3,245,343.2,113.1,232.0,69.0,1416,0.0,3.5
499,P.M.Sarr,18,3,47,71,2.0,3,2,2,38,0,0,0,6,0,0,4,365,398.4,257.2,220.0,87.2,1901,1.5,0.2
500,Scarlett,18,4,44,6,2.0,0,1,0,1,0,0,0,0,0,0,0,20,24.4,11.0,17.0,5.2,31,0.0,0.7
502,Solomon,18,3,54,0,0.0,0,0,0,0,0,0,0,0,0,0,0,0,0.0,0.0,0.0,0.0,0,0.0,0.0
503,Son,18,3,97,129,4.3,7,10,4,35,0,0,1,1,0,0,12,543,629.6,734.9,707.0,207.2,2106,0.8,4.1
504,Spence,18,2,44,51,2.0,1,2,3,39,1,0,0,2,1,0,6,216,433.0,226.6,100.0,76.1,1790,1.0,0.7
505,Udogie,18,2,48,43,1.7,0,1,2,35,1,0,0,2,0,0,0,233,354.8,256.5,132.0,74.5,1923,0.0,1.5
506,Van de Ven,18,2,45,32,2.5,0,2,2,17,0,0,0,4,0,0,2,139,212.0,39.4,57.0,30.9,1014,0.2,2.4
507,Veliz,18,4,50,0,0.0,0,0,0,0,0,0,0,0,0,0,0,0,0.0,0.0,0.0,0.0,0,0.0,0.0
508,Vicario,18,1,48,66,2.8,0,0,4,37,0,0,0,1,0,68,2,293,587.8,0.0,0.0,58.5,2160,0.8,1.8
509,Werner,18,3,62,34,1.9,0,3,1,12,0,0,0,0,0,0,2,120,114.6,148.0,113.0,37.1,504,0.0,0.1
510,Whiteman,18,1,39,0,0.0,0,0,0,0,0,0,0,0,0,0,0,0,0.0,0.0,0.0,0.0,0,0.0,1.7
609,Lankshear,18,4,45,3,1.0,0,0,0,0,0,0,0,0,0,0,0,7,0.0,0.0,0.0,0.0,10,0.0,1.0
610,Moore,18,3,45,19,1.9,0,2,0,5,0,0,0,0,0,0,0,51,33.2,45.2,34.0,11.0,359,1.2,0.2
612,Odobert,18,3,53,34,2.1,1,0,1,20,0,0,0,0,0,0,3,92,101.2,108.6,156.0,36.7,843,3.8,0.0
683,Olusesi,18,3,45,0,0.0,0,0,0,0,0,0,0,0,0,0,0,0,0.0,0.0,0.0,0.0,0,0.0,0.0
684,Hardy,18,2,40,0,0.0,0,0,0,0,0,0,0,0,0,0,0,0,0.0,0.0,0.0,0.0,0,0.0,0.0
689,Williams-Barnett,18,3,45,0,0.0,0,0,0,0,0,0,0,0,0,0,0,0,0.0,0.0,0.0,0.0,0,0.0,0.0
699,Dorrington,18,2,40,1,1.0,0,0,0,0,0,0,0,0,0,0,0,4,1.0,0.2,0.0,0.1,13,0.0,0.0
700,King,18,2,40,0,0.0,0,0,0,0,0,0,0,0,0,0,0,0,0.0,0.0,0.0,0.0,0,0.0,0.0
716,Kinsky,18,1,41,17,2.8,0,0,1,11,0,0,0,0,0,24,0,86,208.2,10.1,0.0,21.7,540,1.2,0.1
717,Yang,18,3,45,0,0.0,0,0,0,0,0,0,0,0,0,0,0,0,0.0,0.0,0.0,0.0,0,0.0,0.0
729,Ajayi,18,3,45,0,0.0,0,0,0,0,0,0,0,0,0,0,0,0,0.0,0.0,0.0,0.0,0,0.0,0.0
749,Postecoglou,18,5,11,58,0.0,0,0,0,0,0,0,0,0,0,0,0,0,0.0,0.0,0.0,0.0,0,1.2,1.3
760,Cassanova,18,2,40,0,0.0,0,0,0,0,0,0,0,0,0,0,0,0,0.0,0.0,0.0,0.0,0,0.0,0.0
767,Danso,18,2,44,16,1.6,0,0,1,18,0,0,0,0,0,0,0,104,242.0,34.4,72.0,34.9,842,1.0,0.0
768,Tel,18,3,58,42,3.2,2,2,2,20,0,0,0,2,0,0,2,151,183.8,208.3,236.0,62.3,908,3.0,0.1
123,Ferguson,19,4,55,28,1.3,1,0,1,9,0,0,0,0,0,0,2,97,80.0,68.5,104.0,25.0,385,0.2,0.3
388,Wan-Bissaka,19,2,45,118,3.3,2,6,6,59,1,0,0,1,0,0,15,496,807.4,531.5,188.0,152.7,3154,6.2,6.4
511,Álvarez,19,3,50,40,1.4,0,1,3,31,0,0,0,7,1,0,0,221,281.8,213.9,51.0,54.7,1769,0.8,0.1
512,Antonio,19,4,52,42,3.0,1,4,4,18,0,0,0,1,0,0,3,111,72.0,139.5,194.0,39.5,834,0.0,0.8
513,Areola,19,1,42,69,2.7,0,0,4,41,1,0,0,0,0,82,1,261,619.8,0.0,0.0,62.1,2259,3.0,7.2
514,Bowen,19,3,79,193,5.7,13,11,8,50,0,0,0,1,0,0,21,678,903.0,737.8,1081.0,271.9,2974,9.5,18.0
516,Coufal,19,2,41,27,1.2,0,0,2,21,1,0,0,5,0,0,1,89,204.0,142.0,70.0,41.3,1056,2.0,0.4
517,Cresswell,19,2,39,36,2.0,0,0,3,8,0,0,0,3,0,0,3,159,148.4,152.3,14.0,31.4,818,2.2,1.7
519,Earthy,19,3,45,0,0.0,0,0,0,0,0,0,0,0,0,0,0,0,0.0,0.0,0.0,0.0,0,0.0,0.0
520,Emerson,19,2,44,76,2.5,2,1,5,41,0,0,0,5,0,0,4,219,420.4,310.9,173.0,90.4,2108,0.8,0.6
521,Fabianski,19,1,39,39,2.8,0,0,2,21,0,0,0,2,0,50,2,143,387.8,0.3,0.0,38.7,1160,0.8,10.0
522,Foderingham,19,1,42,0,0.0,0,0,0,0,0,0,0,0,0,0,0,0,0.0,0.0,0.0,0.0,0,0.0,0.1
523,Ings,19,4,48,32,2.1,1,3,0,4,0,0,0,0,0,0,4,110,97.0,76.5,159.0,33.4,270,0.0,1.2
524,Kilman,19,2,43,82,2.2,0,1,6,62,0,0,0,5,0,0,5,395,832.6,203.3,149.0,118.8,3348,2.5,1.3
525,Kudus,19,3,62,106,3.3,5,4,7,46,0,0,0,2,1,0,5,373,471.6,552.5,752.0,177.5,2589,4.0,2.6
526,L.Guilherme,19,3,46,12,1.0,0,0,0,5,0,0,0,0,0,0,0,47,27.6,49.1,32.0,10.8,139,0.2,0.0
527,L.Paquetá,19,3,57,80,2.4,4,1,4,50,0,0,0,10,0,0,5,375,433.2,627.7,267.0,132.6,2374,0.5,0.9
528,Mavropanos,19,2,43,45,1.4,0,0,2,39,0,0,0,4,1,0,4,234,497.0,74.9,160.0,73.2,2035,1.0,0.1
529,N.Aguerd,19,2,44,0,0.0,0,0,0,0,0,0,0,0,0,0,0,0,0.0,0.0,0.0,0.0,0,0.0,0.0
530,Souček,19,3,48,126,3.6,9,2,7,44,0,0,0,8,0,0,15,442,672.6,231.8,643.0,154.0,2563,3.8,1.5
531,Ward-Prowse,19,3,61,51,2.1,1,2,5,18,0,0,0,2,1,0,2,293,282.4,378.3,138.0,80.0,1433,3.5,0.5
532,Zouma,19,2,44,0,0.0,0,0,0,0,0,0,0,0,0,0,0,0,0.0,0.0,0.0,0.0,0,0.0,0.1
576,Irving,19,3,47,9,0.9,0,0,0,4,0,0,0,2,0,0,0,38,37.6,26.5,17.0,8.1,161,0.0,0.0
587,Summerville,19,3,55,33,1.7,1,1,2,20,0,0,0,2,0,0,2,129,156.4,246.1,186.0,58.7,776,0.0,0.3
588,G.Rodríguez,19,3,48,36,1.6,0,1,4,19,0,0,0,6,0,0,0,193,205.4,79.7,29.0,31.5,1147,1.8,0.1
589,Füllkrug,19,4,67,42,2.3,3,2,2,18,0,0,0,2,0,0,3,152,187.2,173.3,221.0,56.8,783,1.5,0.9
591,Todibo,19,2,42,54,2.0,0,0,5,33,0,0,0,3,0,0,1,233,373.0,37.1,35.0,44.5,1824,2.5,0.3
643,Casey,19,2,40,1,1.0,0,0,0,0,0,0,0,0,0,0,0,3,2.0,0.0,0.0,0.2,1,0.0,0.2
654,C.Soler,19,3,50,47,1.5,1,1,2,25,0,0,0,6,0,0,2,216,189.0,295.8,186.0,67.2,1394,0.5,0.0
677,Scarles,19,2,40,29,1.9,0,0,2,9,0,0,0,1,0,0,2,98,106.4,54.3,24.0,18.6,659,0.5,0.1
686,Mayers,19,2,40,0,0.0,0,0,0,0,0,0,0,0,0,0,0,0,0.0,0.0,0.0,0.0,0,0.0,0.0
701,Orford,19,3,45,2,1.0,0,0,0,1,0,0,0,0,0,0,0,13,6.4,27.6,6.0,4.0,47,0.0,0.0
750,Potter,19,5,5,84,0.0,0,0,0,0,0,0,0,0,0,0,0,0,0.0,0.0,0.0,0.0,0,6.0,2.6
204,Johnstone,20,1,41,12,1.7,0,0,0,17,0,0,0,0,0,23,0,42,193.8,10.0,0.0,20.4,630,0.0,0.2
533,Aït-Nouri,20,2,51,125,3.4,4,7,7,67,0,0,0,5,1,0,13,447,778.4,694.3,435.0,191.0,3112,1.2,15.0
534,B.Traore,20,3,48,1,1.0,0,0,0,0,0,0,0,0,0,0,0,3,4.0,0.0,0.0,0.4,1,0.0,0.0
535,Bellegarde,20,3,49,90,2.6,2,7,6,31,0,0,0,3,0,0,5,332,355.6,422.8,200.0,97.2,1666,2.2,0.2
536,Bentley,20,1,39,9,4.5,0,0,1,4,0,0,0,0,0,8,1,29,60.0,0.0,0.0,6.0,180,0.5,1.7
537,Chiquinho,20,3,45,1,1.0,0,0,0,0,0,0,0,0,0,0,0,4,3.0,14.3,2.0,1.9,6,0.0,0.1
538,Chirewa,20,3,45,0,0.0,0,0,0,0,0,0,0,0,0,0,0,0,0.0,0.0,0.0,0.0,0,0.0,0.0
539,Chiwome,20,4,44,0,0.0,0,0,0,0,0,0,0,0,0,0,0,0,0.0,0.0,0.0,0.0,0,0.0,1.1
540,Cundle,20,3,45,0,0.0,0,0,0,0,0,0,0,0,0,0,0,0,0.0,0.0,0.0,0.0,0,0.0,0.1
541,Cunha,20,4,70,178,5.4,15,7,7,54,0,0,0,4,0,0,41,838,936.2,847.8,940.0,272.2,2596,1.2,13.6
542,Dawson,20,2,42,17,1.1,0,1,1,25,2,0,0,2,0,0,1,57,204.2,31.3,55.0,29.1,969,0.0,0.1
543,Doherty,20,2,43,75,2.5,2,1,6,38,1,0,0,6,0,0,4,307,502.2,179.9,135.0,81.8,2105,1.2,0.3
544,Doyle,20,3,47,28,1.2,0,1,0,10,0,0,0,1,0,0,0,128,114.6,101.7,34.0,25.3,474,0.0,0.0
545,Fábio Silva,20,4,50,0,0.0,0,0,0,0,0,0,0,0,0,0,0,0,0.0,0.0,0.0,0.0,0,0.0,0.1
546,Fraser,20,4,45,0,0.0,0,0,0,0,0,0,0,0,0,0,0,0,0.0,0.0,0.0,0.0,0,0.0,1.0
547,Gonzalez,20,3,44,0,0.0,0,0,0,0,0,0,0,0,0,0,0,0,0.0,0.0,0.0,0.0,0,0.0,0.0
548,Guedes,20,3,53,62,2.1,2,4,3,25,0,0,0,1,0,0,2,187,215.8,213.9,217.0,64.0,979,1.5,0.1
549,H.Bueno,20,2,45,0,0.0,0,0,0,0,0,0,0,0,0,0,0,0,0.0,0.0,0.0,0.0,0,0.0,0.0
550,Hee Chan,20,3,61,37,1.8,2,1,0,19,0,0,0,0,0,0,0,130,111.6,72.7,84.0,26.7,646,0.5,0.2
551,Hodge,20,3,45,0,0.0,0,0,0,0,0,0,0,0,0,0,0,0,0.0,0.0,0.0,0.0,0,0.0,0.2
552,Hoever,20,2,40,0,0.0,0,0,0,0,0,0,0,0,0,0,0,0,0.0,0.0,0.0,0.0,0,0.0,0.1
553,J.Gomes,20,3,49,87,2.4,3,1,6,59,0,0,0,9,1,0,7,489,513.4,428.9,231.0,117.3,2975,1.2,0.2
554,José Sá,20,1,44,93,3.2,0,0,7,48,0,2,0,2,0,71,4,305,603.4,30.0,0.0,63.4,2610,1.8,2.8
555,Kalajdžić,20,4,48,0,0.0,0,0,0,0,0,0,0,0,0,0,0,0,0.0,0.0,0.0,0.0,0,0.0,0.0
556,King,20,1,39,1,1.0,0,0,0,0,0,0,0,0,0,0,0,3,0.0,0.0,0.0,0.0,1,0.2,1.2
557,Mario Jr.,20,3,48,47,2.8,1,3,1,39,0,0,0,4,0,0,5,252,356.8,166.7,120.0,64.4,1363,0.0,0.1
558,Mosquera,20,2,38,3,0.6,0,0,0,12,0,0,0,2,0,0,0,24,110.2,27.3,21.0,16.0,441,0.0,0.7
559,N.Semedo,20,2,45,84,2.5,0,4,8,49,0,0,0,8,0,0,0,302,504.6,404.9,149.0,106.0,2889,1.0,0.6
561,Pedro Lima,20,2,39,2,0.7,0,0,0,2,0,0,0,0,0,0,0,9,23.4,34.8,11.0,6.9,69,0.0,1.2
562,Podence,20,3,55,2,1.0,0,0,0,2,0,0,0,0,0,0,0,9,3.0,1.1,1.0,0.4,46,0.0,0.0
563,R.Gomes,20,3,51,42,1.7,2,0,1,20,0,0,0,0,0,0,0,183,186.6,180.2,113.0,47.6,794,1.2,0.1
564,S.Bueno,20,2,43,52,1.8,0,0,5,34,0,0,0,2,0,0,2,174,345.4,15.8,80.0,44.2,1678,0.5,0.1
565,Sarabia,20,3,50,50,2.2,3,2,1,17,0,0,0,3,0,0,3,175,217.6,245.9,177.0,63.8,800,1.0,0.1
566,Strand Larsen,20,4,52,145,4.1,14,4,7,52,0,0,0,4,0,0,17,570,646.8,303.4,848.0,179.5,2587,4.0,2.6
567,Toti,20,2,43,79,2.5,0,1,8,45,0,0,0,7,0,0,8,370,617.2,144.2,102.0,86.5,2613,1.0,0.3
637,Meupiyou,20,2,39,0,0.0,0,0,0,0,0,0,0,0,0,0,0,0,0.0,0.0,0.0,0.0,0,0.0,0.2
642,André,20,3,50,61,1.8,0,0,7,46,0,0,0,7,0,0,1,436,383.2,285.5,30.0,69.7,2472,1.8,0.0
655,Forbs,20,3,54,9,0.9,0,0,0,9,0,0,0,2,0,0,0,35,25.8,24.2,35.0,8.3,236,0.0,0.0
664,Pond,20,2,39,1,1.0,0,0,0,0,0,0,0,0,0,0,0,3,0.0,0.0,0.0,0.0,1,0.0,0.7
682,Edozie,20,3,45,0,0.0,0,0,0,0,0,0,0,0,0,0,0,0,0.0,0.0,0.0,0.0,0,0.0,0.0
711,Okoduwa,20,2,40,0,0.0,0,0,0,0,0,0,0,0,0,0,0,0,0.0,0.0,0.0,0.0,0,0.0,0.0
720,Agbadou,20,2,40,45,2.8,1,0,4,22,0,0,0,3,0,0,1,223,395.2,57.3,67.0,52.0,1410,2.5,0.4
751,Pereira,20,5,8,111,0.0,0,0,0,0,0,0,0,0,0,0,0,0,0.0,0.0,0.0,0.0,0,2.8,2.3
769,Djiga,20,2,45,4,0.8,0,0,0,2,0,0,0,0,0,0,0,11,5.6,2.1,0.0,0.8,65,0.0,0.0
770,Munetsi,20,3,50,50,3.6,2,2,5,11,0,0,0,0,0,0,4,134,176.8,132.9,212.0,52.3,1077,3.5,0.1
784,Mané,20,4,45,1,1.0,0,0,0,0,0,0,0,0,0,0,0,3,0.0,0.3,0.0,0.0,1,0.2,0.1
