id,web_name,team,element_type,influence,creativity,threat,ict_index,total_points,minutes,now_cost
1,Fábio Vieira,1,3,0.0,0.0,0.0,0.0,0,0,54
2,G.Jesus,1,4,154.4,119.5,255.0,52.6,42,600,65
3,Gabriel,1,2,584.6,208.8,287.0,108.2,117,2363,61
4,Havertz,1,4,467.6,269.0,711.0,144.8,97,1872,77
5,Hein,1,1,0.0,0.0,0.0,0.0,0,0,40
6,J.Timber,1,2,393.0,296.8,254.0,94.2,114,2415,55
7,Jorginho,1,3,44.8,88.8,8.0,14.2,20,701,46
8,Kiwior,1,2,267.2,91.3,32.0,39.2,43,1117,49
9,Martinelli,1,3,559.8,587.8,912.0,206.1,125,2284,65
12,Nwaneri,1,3,293.2,282.8,255.0,83.0,66,882,43
13,Ødegaard,1,3,524.6,968.7,493.0,198.8,116,2321,82
15,Raya,1,1,755.4,10.7,0.0,76.7,142,3420,56
16,Rice,1,3,733.0,959.6,399.0,208.8,127,2823,63
17,Saka,1,3,606.0,842.8,830.0,227.9,127,1724,104
18,Saliba,1,2,672.6,150.1,116.0,94.2,130,3039,64
20,Thomas,1,3,626.6,377.9,223.0,123.2,108,2793,49
21,Tierney,1,2,91.8,109.1,48.0,25.0,27,250,43
22,Tomiyasu,1,2,0.4,0.3,9.0,1.0,1,6,48
23,Trossard,1,3,609.0,617.6,798.0,202.1,152,2546,67
24,White,1,2,247.6,162.6,100.0,51.0,50,1195,62
25,Zinchenko,1,2,83.4,92.8,66.0,24.1,40,518,48
73,Neto,1,1,77.8,0.0,0.0,7.8,7,180,41
186,Sterling,1,3,67.2,125.5,122.0,31.3,26,490,67
578,Calafiori,1,2,252.6,118.2,176.0,54.6,39,978,58
597,Lewis-Skelly,1,3,176.0,170.7,57.0,40.0,37,1362,45
633,Merino,1,3,456.8,265.8,511.0,123.3,92,1575,60
638,Oulad M'hand,1,3,0.0,0.0,0.0,0.0,0,0,45
639,Setford,1,1,0.0,0.0,0.0,0.0,0,0,45
657,Kacurri,1,2,0.0,0.0,0.0,0.0,0,0,40
659,Kabia,1,3,0.0,0.0,0.0,0.0,0,0,45
662,Nichols,1,2,0.0,0.0,0.0,0.0,0,0,40
665,Butler-Oyedeji,1,4,3.0,0.0,17.0,2.0,1,6,45
735,Arteta,1,5,0.0,0.0,0.0,0.0,104,0,15
756,Porter,1,1,0.0,0.0,0.0,0.0,0,0,40
790,Gower,1,3,0.0,0.0,0.0,0.0,0,0,45
793,Jack Henry-Francis,1,3,0.0,0.0,0.0,0.0,0,0,45
801,Clarke,1,2,0.0,0.0,0.0,0.0,0,0,40
28,Bailey,2,3,146.4,235.8,325.0,70.3,47,1132,62
29,Barkley,2,3,215.4,128.1,206.0,54.8,44,567,52
30,Barrenechea,2,3,0.0,0.0,0.0,0.0,0,0,49
31,Buendia,2,3,16.4,23.2,16.0,5.2,11,89,51
32,Cash,2,2,359.2,181.0,171.0,71.3,76,2069,44
33,Dendoncker,2,3,0.0,0.0,0.0,0.0,0,0,45
34,Diaby,2,3,0.0,0.0,0.0,0.0,0,0,65
35,Diego Carlos,2,2,150.6,9.2,54.0,21.5,21,828,45
36,Digne,2,2,512.6,583.9,112.0,120.7,89,2348,44
37,Dobbin,2,3,0.0,0.0,0.0,0.0,0,0,50
38,Duran,2,4,273.8,68.9,334.0,67.5,53,622,57
39,Gauci,2,1,0.0,0.0,0.0,0.0,0,0,40
40,Hause,2,2,0.0,0.0,0.0,0.0,0,0,39
41,Iling Jr,2,3,0.0,0.0,0.0,0.0,0,0,54
42,Kamara,2,3,326.6,191.0,83.0,60.2,57,1720,50
43,Kesler-Hayden,2,2,0.0,0.0,0.0,0.0,0,0,40
44,Konsa,2,2,532.8,123.9,166.0,82.4,103,2936,45
45,Maatsen,2,2,252.0,293.4,197.0,74.3,57,1125,45
46,Marschall,2,1,0.0,0.0,0.0,0.0,0,0,40
47,Martinez,2,1,839.6,20.0,0.0,86.0,111,3195,50
48,McGinn,2,3,277.2,500.6,263.0,103.7,78,2217,52
49,Mings,2,2,220.4,49.2,74.0,34.6,47,1119,44
50,Nedeljkovic,2,2,22.8,7.2,0.0,3.0,5,121,39
51,Olsen,2,1,59.2,0.0,0.0,5.9,9,225,45
52,Pau,2,2,350.6,84.5,102.0,54.0,55,2019,42
53,Ramsey,2,3,235.4,307.9,245.0,78.7,66,1616,54
54,Rogers,2,3,730.6,722.7,689.0,214.2,161,3115,58
55,Sinisalo,2,1,0.0,0.0,0.0,0.0,0,0,40
56,Sousa,2,2,0.0,0.0,0.0,0.0,0,0,40
57,Tielemans,2,3,799.6,963.1,333.0,209.6,121,3025,55
58,Watkins,2,4,766.0,345.2,1148.0,223.8,186,2593,92
167,Disasi,2,2,169.6,75.6,51.0,29.7,33,851,42
233,Onana,2,3,358.0,194.8,215.0,77.0,65,1613,48
385,Rashford,2,3,398.4,451.1,369.0,122.1,95,1414,66
598,Bogarde,2,2,84.8,33.3,15.0,13.3,6,473,39
640,Swinkels,2,2,0.0,0.0,0.0,0.0,0,0,40
641,Zych,2,1,0.0,0.0,0.0,0.0,0,0,40
656,Young,2,3,0.0,0.0,0.0,0.0,0,0,44
679,Broggio,2,3,0.0,0.0,0.0,0.0,0,0,45
710,Jimoh,2,3,0.0,0.0,0.0,0.0,0,0,45
725,Malen,2,3,138.2,42.7,208.0,38.5,34,296,53
731,A. Garcia,2,2,45.6,68.4,7.0,12.0,8,316,45
737,Emery,2,5,0.0,0.0,0.0,0.0,105,0,8
762,M.Asensio,2,3,200.6,232.5,242.0,67.2,44,740,60
59,Aarons,3,2,13.2,3.2,0.0,1.7,8,84,43
60,Adams,3,3,411.8,261.2,83.0,75.9,58,1959,49
61,Anthony,3,3,0.0,0.0,0.0,0.0,0,0,45
62,Brooks,3,3,193.6,316.7,300.0,80.4,52,941,49
63,Christie,3,3,514.0,576.8,303.0,139.6,76,2114,48
64,Cook,3,3,607.0,727.1,114.0,144.9,82,2976,50
65,Enes Ünal,3,4,104.0,56.1,207.0,35.9,32,330,54
66,Faivre,3,3,0.0,0.0,0.0,0.0,0,0,50
67,H.Traorè,3,3,0.0,0.0,0.0,0.0,0,0,45
68,Hill,3,2,97.0,38.4,29.0,16.6,17,443,39
69,Jebbison,3,4,58.2,39.1,70.0,16.6,20,105,45
70,Kerkez,3,2,694.0,642.0,238.0,157.3,134,3336,53
71,Kluivert,3,3,700.0,654.1,771.0,212.0,158,2339,59
72,Mepham,3,2,0.0,0.0,0.0,0.0,0,0,44
74,O.Dango,3,3,624.6,496.8,754.0,187.2,111,1998,45
75,Paulsen,3,1,0.0,0.0,0.0,0.0,0,0,40
76,Philip,3,3,54.0,102.4,47.0,20.4,10,176,48
77,Scott,3,3,141.6,171.6,118.0,43.2,26,745,47
78,Semenyo,3,3,792.2,688.9,1204.0,267.8,165,3202,57
79,Senesi,3,2,271.6,84.2,39.0,39.6,31,1103,46
80,Sinisterra,3,3,112.0,115.3,195.0,42.3,23,229,48
81,Smith,3,2,181.8,147.2,24.0,35.0,57,1586,44
83,Tavernier,3,3,447.0,664.8,442.0,155.4,87,1932,54
84,Travers,3,1,146.4,0.0,0.0,14.6,19,450,44
85,Zabarnyi,3,2,651.4,177.0,88.0,92.0,94,3109,44
152,Arrizabalaga,3,1,744.4,10.4,4.0,75.8,106,2790,46
580,Huijsen,3,2,826.4,217.6,193.0,123.6,104,2422,45
592,J.Araujo,3,2,56.8,30.6,4.0,9.2,12,492,43
599,Dennis,3,1,0.0,0.0,0.0,0.0,0,0,39
617,Evanilson,3,4,456.0,331.9,966.0,174.8,128,2317,59
680,Kinsey,3,2,0.0,0.0,0.0,0.0,0,0,40
687,Winterburn,3,3,2.4,0.2,2.0,0.4,4,22,45
702,Harris,3,2,0.0,0.0,0.0,0.0,0,0,40
707,Rees-Dottin,3,4,0.0,0.0,0.0,0.0,1,1,45
712,Akinmboni,3,2,0.0,0.0,0.0,0.0,0,0,40
713,Soler,3,2,2.2,1.8,0.0,0.4,3,9,39
722,Adu-Adjei,3,4,0.0,0.0,0.0,0.0,0,0,45
723,Sadi,3,3,0.0,0.0,0.0,0.0,0,0,45
727,McKenna,3,1,0.0,0.0,0.0,0.0,0,0,40
728,Silcott-Duberry,3,3,2.0,1.0,0.0,0.3,1,1,45
738,Iraola,3,5,0.0,0.0,0.0,0.0,82,0,11
86,Ajer,4,2,199.0,128.1,158.0,48.5,39,1433,44
87,Brierley,4,3,0.0,0.0,0.0,0.0,0,0,44
88,Collins,4,2,1023.2,160.5,311.0,149.6,127,3420,46
89,Damsgaard,4,3,714.8,1006.4,338.0,205.9,131,2911,49
90,Dasilva,4,3,0.0,0.0,0.0,0.0,0,0,48
91,Flekken,4,1,1298.4,30.3,0.0,132.5,138,3275,45
92,Henry,4,2,13.6,2.1,2.0,1.7,4,94,43
93,Hickey,4,2,0.0,0.0,0.0,0.0,0,0,43
94,Janelt,4,3,356.6,284.2,131.0,77.2,73,2251,48
95,Jensen,4,3,157.0,249.5,32.0,43.8,38,846,53
96,Ji-soo,4,2,5.0,0.8,0.0,0.6,3,28,39
97,Konak,4,3,8.0,4.5,3.0,1.2,10,53,44
98,Lewis-Potter,4,3,542.0,462.2,391.0,139.9,94,3092,50
99,Mbeumo,4,3,1236.8,1107.5,1060.0,340.8,236,3415,83
100,Mee,4,2,36.8,3.0,6.0,4.6,9,180,42
101,Nørgaard,4,3,735.4,333.0,409.0,147.9,107,2820,48
102,Onyeka,4,3,0.0,0.5,0.0,0.0,2,23,49
103,Peart-Harris,4,3,0.0,0.0,0.0,0.0,0,0,45
104,Pinnock,4,2,540.2,101.2,193.0,83.6,47,1912,44
105,Roerslev,4,2,214.4,185.8,78.0,48.0,36,1100,43
106,Schade,4,3,630.8,312.7,892.0,183.3,149,2281,53
107,Thiago,4,4,18.2,30.6,12.0,5.8,9,167,59
108,Toney,4,4,0.0,0.0,0.0,0.0,0,0,73
109,Valdimarsson,4,1,21.4,0.1,0.0,2.1,2,144,39
110,Wissa,4,4,849.4,400.0,1181.0,242.4,185,2921,69
111,Yarmoliuk,4,3,259.6,196.1,89.0,54.4,43,1435,43
112,Zanka,4,2,0.0,0.0,0.0,0.0,0,0,45
314,Carvalho,4,3,142.2,71.5,154.0,36.3,35,443,45
338,Van den Berg,4,2,587.4,108.3,226.0,92.3,62,2584,41
602,Trevitt,4,3,2.6,0.1,0.0,0.3,1,3,44
634,G.Nunes,4,3,10.0,0.3,2.0,1.2,3,11,49
649,Meghoma,4,2,0.2,0.3,0.0,0.1,1,4,40
661,Yogane,4,3,0.0,0.0,0.0,0.0,0,0,45
674,Maghoma,4,3,27.8,15.8,10.0,5.4,8,112,45
705,Arthur,4,2,0.0,0.0,0.0,0.0,0,0,40
752,Frank,4,5,0.0,0.0,0.0,0.0,116,0,8
757,Kayode,4,2,105.2,105.2,30.0,24.2,27,523,45
759,Eyestone,4,1,0.0,0.0,0.0,0.0,0,0,40
780,Morgan,4,4,0.0,0.0,0.0,0.0,0,0,45
786,Benjamin Fredrick,4,2,0.0,0.0,0.0,0.0,0,0,40
113,Adingra,5,3,212.4,261.9,337.0,80.9,60,1081,51
114,Baker-Boaitey,5,3,0.0,0.0,0.0,0.0,0,0,45
115,Baleba,5,3,515.4,343.7,193.0,105.2,87,2660,50
116,Barco,5,2,0.0,0.0,0.0,0.0,0,0,40
118,Cozier-Duberry,5,3,0.0,0.0,0.0,0.0,0,0,45
119,Dahoud,5,3,0.0,0.0,0.0,0.0,0,0,49
120,Dunk,5,2,425.4,115.7,128.0,66.9,44,2081,42
122,Estupiñan,5,2,504.4,530.1,173.0,120.8,63,2399,49
124,Gilmour,5,3,11.4,11.9,2.0,2.5,3,97,50
125,Gross,5,3,0.0,0.0,0.0,0.0,0,0,65
126,Hinshelwood,5,3,394.6,268.1,304.0,97.0,89,1839,49
127,I.Osman,5,3,0.0,0.0,0.0,0.0,0,0,50
128,Igor,5,2,189.6,54.7,4.0,24.9,18,959,43
129,João Pedro,5,4,567.0,456.0,644.0,166.0,126,1946,55
130,Kozlowski,5,3,0.0,0.0,0.0,0.0,0,0,45
131,Lamptey,5,2,213.6,101.0,52.0,36.8,42,856,44
132,March,5,3,24.0,59.6,18.0,10.1,7,161,65
133,Mazilu,5,3,0.0,0.0,0.0,0.0,0,0,45
134,Milner,5,3,28.6,66.3,12.0,10.7,6,170,50
135,Minteh,5,3,523.8,448.9,615.0,159.1,102,1831,48
136,Mitoma,5,3,670.6,578.0,856.0,210.7,145,2597,63
137,Moder,5,3,15.8,36.0,2.0,5.4,4,9,44
138,O’Mahony,5,4,0.0,0.0,0.0,0.0,0,0,45
139,Offiah,5,2,0.0,0.0,0.0,0.0,0,0,40
140,Peupion,5,3,0.0,0.0,0.0,0.0,0,0,44
141,Sarmiento,5,3,0.2,0.8,0.0,0.1,1,8,49
142,Steele,5,1,40.4,0.0,0.0,4.1,9,180,40
143,Undav,5,4,0.0,0.0,0.0,0.0,0,0,55
144,Van Hecke,5,2,736.6,261.8,182.0,118.3,87,2960,45
145,Veltman,5,2,273.0,147.2,59.0,48.1,59,1694,43
146,Verbruggen,5,1,849.8,10.0,0.0,85.8,103,3240,45
147,Webster,5,2,198.4,49.7,55.0,30.2,39,885,43
148,Welbeck,5,4,550.2,331.3,676.0,155.8,125,2109,55
149,Wieffer,5,3,328.8,230.4,129.0,68.5,52,1003,47
595,Gruda,5,3,196.6,311.6,187.0,69.1,45,676,54
600,Ayari,5,3,363.2,507.5,247.0,111.7,74,1958,50
601,Moran,5,3,0.0,0.0,0.0,0.0,0,0,50
615,Rushworth,5,1,0.0,0.0,0.0,0.0,0,0,39
618,Georginio,5,3,355.4,281.8,404.0,103.0,95,1651,50
628,F.Kadıoğlu,5,2,116.4,83.7,40.0,24.0,19,385,44
629,O'Riley,5,3,211.4,322.5,219.0,75.3,50,929,55
663,Samuels,5,2,0.0,0.0,0.0,0.0,0,0,40
668,Cahill,5,1,0.0,0.0,0.0,0.0,0,0,39
681,McConville,5,2,0.0,0.0,0.0,0.0,0,0,40
685,Slater,5,2,0.0,0.0,0.0,0.0,0,0,40
714,Gómez,5,3,124.2,143.2,69.0,33.6,30,507,55
739,Hürzeler,5,5,0.0,0.0,0.0,0.0,119,0,11
758,Knight,5,3,0.0,0.0,0.0,0.0,0,0,45
763,Cashin,5,2,7.0,0.6,0.0,0.7,1,19,45
791,Charlie Tasker,5,2,0.0,0.0,0.0,0.0,0,0,40
794,Freddie Simmonds,5,2,0.0,0.0,0.0,0.0,0,0,40
795,Harry Howell,5,3,2.0,0.9,6.0,0.9,1,6,45
150,Andrey Santos,6,3,0.0,0.0,0.0,0.0,0,0,45
151,Ângelo,6,3,0.0,0.0,0.0,0.0,0,0,45
153,B.Badiashile,6,2,66.0,12.6,0.0,7.9,7,332,42
154,Bergström,6,1,0.0,0.0,0.0,0.0,0,0,39
155,Bettinelli,6,1,0.0,0.0,0.0,0.0,0,0,39
157,Caicedo,6,3,627.6,568.8,95.0,129.2,98,3351,49
158,Casadei,6,3,0.0,0.0,0.0,0.0,0,0,44
159,Chalobah,6,2,496.4,124.2,222.0,84.6,93,1969,44
161,Chukwuemeka,6,3,0.0,0.0,0.0,0.0,0,0,47
162,Colwill,6,2,692.0,214.3,185.0,109.4,109,3150,44
163,Cucurella,6,2,668.6,350.6,358.0,137.9,133,2988,54
164,D.D.Fofana,6,4,0.0,0.0,0.0,0.0,0,0,54
165,Deivid,6,4,0.0,0.0,0.0,0.0,0,0,49
166,Dewsbury-Hall,6,3,57.4,47.4,21.0,12.6,18,257,55
168,Enzo,6,3,761.6,1131.6,517.0,241.3,135,2943,47
169,Gallagher,6,3,0.0,0.0,0.0,0.0,0,0,59
170,Gilchrist,6,2,0.0,0.0,0.0,0.0,0,0,40
171,Gusto,6,2,336.8,394.6,147.0,87.9,60,1853,49
172,James,6,2,207.6,202.1,56.0,46.7,54,1057,48
173,Kellyman,6,3,0.0,0.0,0.0,0.0,0,0,43
174,Lavia,6,3,113.2,121.7,7.0,24.4,26,792,45
175,Lukaku,6,4,0.0,0.0,0.0,0.0,0,0,63
176,M.Sarr,6,2,0.0,0.0,0.0,0.0,0,0,45
177,Madueke,6,3,479.2,475.1,998.0,195.3,120,2028,60
178,Marc Guiu,6,4,4.4,11.8,6.0,2.2,3,71,47
179,Mudryk,6,3,23.2,31.5,31.0,8.5,7,145,61
180,N.Jackson,6,4,546.4,368.3,976.0,187.4,121,2220,77
181,Nkunku,6,3,230.2,204.9,339.0,77.1,60,904,57
182,Palmer,6,3,1068.2,1259.2,1052.0,338.0,214,3193,105
183,Petrović,6,1,0.0,0.0,0.0,0.0,0,0,44
184,Renato Veiga,6,3,30.4,9.2,19.0,5.9,7,176,44
185,Sánchez,6,1,755.6,20.0,0.0,77.5,126,2880,45
187,Tosin,6,2,352.2,48.2,92.0,49.6,71,1403,42
189,W.Fofana,6,2,200.2,85.0,33.0,31.9,26,1172,43
386,Sancho,6,3,340.0,523.2,414.0,127.5,86,1754,62
560,Neto,6,3,492.0,762.7,545.0,180.0,104,2262,61
575,Wiley,6,2,0.0,0.0,0.0,0.0,0,0,40
581,Jørgensen,6,1,157.6,0.0,0.0,15.9,18,540,42
621,João Félix,6,3,88.0,95.4,141.0,32.3,24,362,59
695,Rak-Sakyi,6,3,0.0,0.0,0.0,0.0,0,0,45
696,George,6,3,67.4,72.7,32.0,17.1,17,177,45
697,Acheampong,6,2,13.6,2.5,13.0,2.9,4,168,40
740,Maresca,6,5,0.0,0.0,0.0,0.0,94,0,15
771,Amougou,6,3,1.0,0.9,0.0,0.2,1,7,45
774,Anselmino,6,2,0.0,0.0,0.0,0.0,0,0,40
781,Mheuka,6,4,3.0,0.0,17.0,2.0,1,1,45
782,Samuels-Smith,6,2,0.0,0.0,0.0,0.0,0,0,40
787,Genesis Antwi,6,2,0.0,0.0,0.0,0.0,0,0,40
11,Nketiah,7,4,192.2,163.7,475.0,82.5,53,1018,59
160,Chilwell,7,2,99.6,69.2,37.0,20.7,13,254,46
190,Ahamada,7,3,0.0,0.0,0.0,0.0,0,0,45
193,C.Doucouré,7,3,58.6,25.7,23.0,10.8,19,443,48
194,C.Richards,7,2,470.8,45.0,181.0,69.6,68,1921,44
195,Chadi Riad,7,2,18.2,1.3,0.0,2.0,1,90,43
196,Clyne,7,2,66.6,51.8,8.0,12.4,18,477,43
197,Ebiowei,7,3,0.0,0.0,0.0,0.0,0,0,45
199,Eze,7,3,685.0,849.2,691.0,222.4,148,2588,70
200,Guéhi,7,2,827.0,237.6,247.0,131.0,116,3059,47
201,Henderson,7,1,853.6,30.0,4.0,88.6,135,3420,46
202,Holding,7,2,0.0,0.0,0.0,0.0,0,0,42
203,Hughes,7,3,335.2,462.6,90.0,87.5,67,2100,49
205,Kamada,7,3,219.2,314.1,145.0,68.2,45,1545,51
206,Lerma,7,3,401.4,190.2,197.0,78.7,58,2270,48
207,Mateta,7,4,671.6,405.4,800.0,187.3,150,2642,75
208,M.França,7,3,48.4,1.2,66.0,11.5,9,52,44
209,Matthews,7,1,0.0,0.0,0.0,0.0,0,0,39
210,Mitchell,7,2,630.8,559.1,170.0,136.2,123,3090,48
211,Muñoz,7,2,816.6,634.2,524.0,197.6,142,3229,52
212,Ozoh,7,3,0.0,0.0,0.0,0.0,0,0,45
213,Rak-Sakyi,7,3,0.0,0.0,0.0,0.0,0,0,45
214,Schlupp,7,3,22.8,42.9,46.0,11.0,12,95,46
215,Ward,7,2,5.8,10.3,0.0,1.6,1,71,43
216,Wharton,7,3,261.2,381.4,69.0,71.2,42,1314,47
445,Turner,7,1,0.0,0.0,0.0,0.0,0,0,39
585,I.Sarr,7,3,675.0,618.0,866.0,215.9,149,2708,55
644,Umeh-Chibueze,7,3,0.0,0.0,0.0,0.0,0,0,44
645,Devenny,7,3,138.8,101.8,90.0,33.2,34,494,45
646,Agbinone,7,3,4.0,10.6,1.0,1.5,2,4,45
647,Rodney,7,3,0.0,0.0,0.0,0.0,0,0,45
650,Lacroix,7,2,723.8,113.7,277.0,111.4,114,3116,45
666,Kporha,7,2,8.0,4.6,0.0,1.3,2,11,40
676,Marsh,7,4,0.0,0.0,0.0,0.0,0,0,45
730,Esse,7,3,74.8,38.4,51.0,16.4,22,138,47
741,Glasner,7,5,0.0,0.0,0.0,0.0,128,0,8
156,Broja,8,4,20.2,53.8,43.0,10.9,12,327,53
217,A.Doucoure,8,3,352.6,379.4,348.0,107.6,94,2563,51
218,Beto,8,4,373.2,163.9,666.0,119.5,87,1521,48
219,Branthwaite,8,2,624.6,57.7,130.0,81.3,88,2509,49
220,Calvert-Lewin,8,4,200.2,126.1,573.0,89.2,63,1602,54
221,Coleman,8,2,42.4,3.8,23.0,7.1,5,214,43
222,Gana,8,3,522.0,327.2,117.0,96.6,89,3063,48
223,Garner,8,3,264.8,248.2,93.0,60.4,42,1590,49
224,Harrison,8,3,277.0,527.7,288.0,108.6,81,2068,52
225,Holgate,8,2,0.0,0.0,0.0,0.0,1,5,40
226,Iroegbunam,8,3,122.2,40.9,32.0,19.6,22,562,43
227,J.Virginia,8,1,0.0,0.0,0.0,0.0,0,0,38
228,Keane,8,2,306.6,23.2,123.0,45.4,48,1046,38
229,Maupay,8,4,0.0,0.0,0.0,0.0,0,0,49
230,McNeil,8,3,392.0,631.8,207.0,123.3,93,1366,51
231,Mykolenko,8,2,621.4,428.5,100.0,115.2,121,3082,44
232,Ndiaye,8,4,598.0,326.4,493.0,142.0,114,2426,52
234,Patterson,8,2,71.6,70.3,12.0,15.5,14,342,44
235,Pickford,8,1,1052.0,20.3,0.0,107.0,158,3420,52
236,Tarkowski,8,2,859.0,188.8,217.0,126.9,105,2922,47
237,Y. Chermiti,8,4,2.4,0.6,27.0,3.0,3,42,49
238,Young,8,2,431.2,388.2,46.0,86.8,98,1864,42
450,Alcaraz,8,3,219.4,205.7,227.0,65.4,44,766,47
577,Lindstrøm,8,3,214.2,309.6,237.0,76.0,44,1229,50
582,O'Brien,8,2,341.4,108.9,109.0,56.0,65,1568,45
603,Armstrong,8,3,1.8,10.9,9.0,2.2,2,47,44
614,Metcalfe,8,3,0.0,0.0,0.0,0.0,0,0,45
624,Begovic,8,1,0.0,0.0,0.0,0.0,0,0,40
627,Dixon,8,2,15.4,0.3,0.0,1.6,0,90,39
651,Mangala,8,3,172.8,133.5,106.0,41.4,39,1257,50
678,Bates,8,3,0.0,0.0,0.0,0.0,0,0,45
724,Sherif,8,4,0.0,0.0,0.0,0.0,0,0,45
742,Moyes,8,5,0.0,0.0,0.0,0.0,137,0,5
773,Heath,8,3,0.0,0.0,0.0,0.0,0,0,45
775,Coby Ebere,8,3,0.0,0.0,0.0,0.0,0,0,45
803,Welch,8,2,0.0,0.0,0.0,0.0,0,0,40
10,Nelson,9,3,131.6,223.9,195.0,55.1,27,483,50
19,Smith Rowe,9,3,433.8,422.3,386.0,124.4,114,2036,50
191,Andersen,9,2,687.6,99.0,162.0,95.0,51,2673,42
239,Adama,9,3,385.4,632.1,426.0,144.6,95,1756,45
240,Andreas,9,3,326.6,868.3,300.0,149.0,81,2004,49
241,Bassey,9,2,587.2,96.7,157.0,84.1,75,3074,45
242,Benda,9,1,0.0,0.0,0.0,0.0,0,0,39
243,Cairney,9,3,163.8,213.8,94.0,47.2,33,610,48
244,Castagne,9,2,360.4,163.6,123.0,64.9,46,1642,42
245,Diop,9,2,257.6,44.7,83.0,38.3,31,1334,43
246,Harris,9,3,0.0,0.0,0.0,0.0,0,0,45
247,Iwobi,9,3,806.8,922.4,699.0,243.0,156,2981,54
248,Leno,9,1,967.0,20.0,0.0,98.6,115,3420,50
249,Lukić,9,3,335.6,455.1,119.0,91.0,56,2348,48
250,Mbabu,9,2,0.0,0.0,0.0,0.0,0,0,40
251,Muniz,9,4,352.4,95.3,508.0,95.4,86,943,55
252,Raúl,9,4,612.8,372.2,1018.0,199.7,147,2486,53
253,Ream,9,2,0.0,0.0,0.0,0.0,0,0,45
254,Reed,9,3,18.6,20.6,33.0,7.1,10,100,47
255,Robinson,9,2,922.2,723.4,206.0,185.5,106,3166,47
256,Stansfield,9,4,0.0,0.0,0.0,0.0,1,1,50
257,Tete,9,2,381.2,192.2,158.0,73.1,49,1773,44
258,Vinicius,9,4,4.0,0.0,19.0,2.3,3,13,50
259,Wilson,9,3,334.6,310.2,440.0,107.8,78,1148,52
579,Sessegnon,9,2,284.0,158.8,227.0,67.1,57,574,42
586,J.Cuenca,9,2,81.2,2.3,4.0,8.6,9,349,44
604,King,9,3,26.2,45.7,38.0,11.2,10,126,44
605,Godo,9,3,3.4,12.0,14.0,3.0,2,21,44
622,Berge,9,3,314.4,285.7,51.0,65.1,53,2221,50
690,Amissah,9,2,0.0,0.0,0.0,0.0,0,0,40
753,Silva,9,5,0.0,0.0,0.0,0.0,94,0,11
772,Willian,9,3,36.2,133.3,25.0,19.5,13,251,50
121,Enciso,10,3,250.8,268.9,362.0,87.7,59,1155,54
260,Al-Hamadi,10,4,5.6,25.7,32.0,6.0,8,125,47
261,Baggott,10,2,0.0,0.0,0.0,0.0,0,0,40
262,Broadhead,10,3,148.2,111.0,155.0,41.4,37,690,49
263,Burgess,10,2,422.0,87.2,103.0,61.4,26,1540,38
264,Burns,10,3,111.6,148.5,66.0,31.8,30,922,47
265,Chaplin,10,3,106.6,152.1,108.0,36.1,41,845,51
266,H.Clarke,10,2,48.2,24.4,35.0,10.5,1,377,40
267,Davis,10,2,486.8,865.4,145.0,149.6,52,2742,42
268,Delap,10,4,513.0,290.5,783.0,157.5,132,2587,56
269,Edmundson,10,2,0.0,0.0,0.0,0.0,1,1,40
270,Greaves,10,2,592.8,77.2,157.0,82.7,37,2205,38
271,Harness,10,3,9.4,1.9,6.0,1.7,2,43,49
272,Hirst,10,4,146.4,64.5,207.0,41.2,46,645,54
273,Humphreys,10,3,0.0,0.0,0.0,0.0,0,0,45
274,Hutchinson,10,3,383.2,487.5,443.0,131.5,88,2585,52
275,Johnson,10,2,276.6,177.2,92.0,54.6,30,1346,38
276,Ladapo,10,4,0.0,0.0,0.0,0.0,0,0,45
277,Luongo,10,3,34.4,6.6,4.0,4.6,13,195,43
278,Morsy,10,3,417.0,374.0,47.0,83.7,67,2749,48
279,Ndaba,10,2,0.0,0.0,0.0,0.0,0,0,40
280,Slicker,10,1,0.0,0.0,0.0,0.0,0,0,39
281,Taylor,10,3,142.0,100.5,84.0,32.4,38,837,48
282,Tuanzebe,10,2,284.4,93.4,25.0,40.1,27,1710,39
283,Walton,10,1,163.2,10.0,0.0,17.3,16,630,43
284,Woolfenden,10,2,258.4,6.7,8.0,27.5,18,1187,39
359,Phillips,10,3,181.8,116.2,41.0,33.8,27,1231,48
568,Muric,10,1,531.2,0.0,0.0,53.1,49,1620,44
569,Jaden,10,3,159.0,98.2,190.0,43.9,37,796,53
583,Townsend,10,2,110.2,56.0,13.0,18.0,11,334,39
611,Szmodics,10,3,216.0,93.0,263.0,56.7,54,988,57
619,Cajuste,10,3,284.0,209.2,59.0,54.9,63,1960,45
630,O'Shea,10,2,862.8,59.9,195.0,111.6,49,3122,38
631,J.Clarke,10,3,230.8,341.7,151.0,72.2,53,1161,54
632,Ogbene,10,3,22.8,30.2,12.0,6.4,7,237,48
715,Godfrey,10,2,15.0,2.3,2.0,1.9,-1,158,40
743,McKenna,10,5,0.0,0.0,0.0,0.0,51,0,5
764,Palmer,10,1,356.8,10.0,0.0,36.6,22,1170,45
799,Boniface,10,2,0.0,0.0,0.0,0.0,0,0,40
800,Tom Taylor,10,3,0.0,0.0,0.0,0.0,0,0,45
117,Buonanotte,11,3,415.8,415.8,318.0,114.7,75,1508,45
192,J.Ayew,11,3,304.4,316.9,311.0,93.4,75,1649,51
198,Edouard,11,4,5.0,25.0,50.0,8.0,7,141,51
285,B.Soumaré,11,3,294.2,261.8,47.0,60.4,48,2165,44
286,Cannon,11,4,0.0,0.0,0.0,0.0,0,0,45
287,Choudhury,11,3,33.8,30.4,6.0,7.0,4,129,44
288,Coady,11,2,378.8,33.0,62.0,47.5,39,1712,40
289,Daka,11,4,86.0,41.7,148.0,27.0,34,717,48
290,De Cordova-Reid,11,3,102.2,84.4,72.0,26.0,48,734,52
291,Faes,11,2,678.0,68.5,121.0,86.9,55,2812,38
292,Golding,11,3,0.0,0.0,0.0,0.0,1,1,44
293,Hermansen,11,1,827.0,0.2,0.0,82.8,63,2385,44
294,Iversen,11,1,0.0,0.0,0.0,0.0,0,0,39
295,Justin,11,2,615.2,258.5,202.0,107.8,70,2912,41
296,Kristiansen,11,2,519.4,358.6,40.0,91.6,34,2481,44
297,Marcal,11,3,0.0,0.0,0.0,0.0,0,0,45
298,Mavididi,11,3,339.2,375.3,302.0,101.5,72,1606,50
299,McAteer,11,3,147.2,132.5,184.0,46.3,35,846,47
300,Ndidi,11,3,546.4,302.2,280.0,112.8,64,2325,49
301,Okoli,11,2,318.6,15.2,73.0,40.7,27,1122,40
302,Ricardo,11,2,67.8,18.7,19.0,10.5,10,382,41
303,Souttar,11,2,0.0,0.0,0.0,0.0,0,0,40
304,Stolarczyk,11,1,228.4,0.0,0.0,22.8,25,900,40
305,Thomas,11,2,226.4,144.5,34.0,40.4,27,1109,39
306,Vardy,11,4,490.8,270.8,742.0,150.0,128,2825,54
307,Vestergaard,11,2,321.0,46.6,53.0,42.4,11,1390,39
308,Ward,11,1,35.4,0.0,0.0,3.6,2,135,39
309,Winks,11,3,272.8,319.6,37.0,63.2,40,1536,43
501,Skipp,11,3,119.4,146.0,35.0,29.9,27,1118,47
570,A.Fatawu,11,3,147.6,104.3,148.0,40.1,26,576,51
606,Alves,11,3,0.0,0.3,0.0,0.0,1,1,44
616,Nelson,11,2,0.0,0.0,0.0,0.0,0,0,40
635,El Khannouss,11,3,381.6,634.1,191.0,120.5,83,2179,48
694,Cartwright,11,3,0.0,0.0,0.0,0.0,0,0,45
708,Wilson-Brown,11,2,0.0,0.0,0.0,0.0,0,0,40
726,Coulibaly,11,2,24.4,3.4,24.0,5.2,1,107,40
754,Van Nistelrooy,11,5,0.0,0.0,0.0,0.0,48,0,5
792,Monga,11,3,20.6,12.6,19.0,5.1,7,105,45
796,Olabade Aluko,11,2,2.0,0.2,0.0,0.2,1,1,40
797,Jake Evans,11,3,3.2,0.2,0.0,0.3,4,21,45
802,Braybrooke,11,3,0.0,0.0,0.0,0.0,0,0,45
310,A.Becker,12,1,628.8,13.0,0.0,64.0,112,2508,55
311,Alexander-Arnold,12,2,723.8,833.7,268.0,182.4,148,2362,72
312,Bajcetic,12,3,0.0,0.0,0.0,0.0,0,0,45
313,Bradley,12,2,156.2,110.5,162.0,42.8,41,744,47
315,Clark,12,3,0.0,0.0,0.0,0.0,0,0,45
316,Darwin,12,4,263.8,151.6,404.0,81.2,66,1113,70
317,Diogo J.,12,3,300.6,169.5,537.0,99.0,87,1182,72
318,Doak,12,3,0.0,0.0,0.0,0.0,0,0,45
319,Elliott,12,3,118.6,145.8,143.0,40.4,33,359,52
320,Endo,12,3,57.6,38.2,6.0,10.0,21,259,46
321,Gakpo,12,4,597.0,517.7,686.0,180.3,127,1921,72
322,Gomez,12,2,130.4,38.5,58.0,22.8,14,517,47
323,Gravenberch,12,3,550.6,473.9,121.0,114.7,92,3160,50
324,Jones,12,3,397.2,343.7,400.0,113.6,87,1702,53
325,Kelleher,12,1,224.2,0.0,0.0,22.4,45,900,39
326,Konaté,12,2,578.0,161.4,133.0,87.6,106,2561,53
327,Luis Díaz,12,3,770.8,748.0,946.0,246.4,183,2393,75
328,M.Salah,12,3,1577.0,1199.2,1985.0,476.0,344,3374,136
329,Mac Allister,12,3,653.4,731.3,357.0,174.1,122,2597,62
330,McConnell,12,3,0.0,0.0,0.0,0.0,0,0,43
331,Morton,12,3,0.0,0.0,0.0,0.0,0,0,44
332,N.Phillips,12,2,0.0,0.0,0.0,0.0,0,0,40
333,Quansah,12,2,119.4,29.1,15.0,16.5,9,488,39
334,R.Williams,12,2,0.0,0.0,0.0,0.0,0,0,40
335,Robertson,12,2,395.4,668.7,182.0,124.4,91,2479,58
336,Szoboszlai,12,3,589.8,794.8,601.0,198.1,143,2485,61
337,Tsimikas,12,2,202.0,260.7,60.0,52.5,43,829,46
339,Virgil,12,2,932.6,206.6,299.0,143.7,143,3330,67
636,Chiesa,12,3,9.0,23.5,36.0,6.7,7,103,68
660,Jaros,12,1,8.8,0.0,0.0,0.9,1,11,40
669,Davies,12,1,0.0,0.0,0.0,0.0,0,0,40
688,Nyoni,12,3,0.0,0.0,0.0,0.0,0,0,45
692,Nallo,12,2,0.0,0.0,0.0,0.0,0,0,40
709,Danns,12,4,0.0,0.3,0.0,0.0,1,10,45
744,Slot,12,5,0.0,0.0,0.0,0.0,118,0,15
340,Akanji,13,2,339.8,249.8,100.0,68.9,61,2012,53
341,Aké,13,2,104.6,33.7,20.0,15.9,25,677,53
342,Bernardo,13,3,603.0,800.4,532.0,193.6,110,2667,61
343,Bobb,13,3,4.4,12.6,0.0,1.6,3,14,47
344,Carson,13,1,0.0,0.0,0.0,0.0,0,0,39
345,De Bruyne,13,3,466.6,920.0,411.0,179.5,114,1694,95
346,Doku,13,3,453.8,515.9,528.0,150.0,88,1506,62
347,Ederson M.,13,1,567.0,43.0,0.0,60.9,111,2320,53
348,Foden,13,3,448.0,749.0,449.0,164.2,105,1771,91
349,Grealish,13,3,157.2,321.4,234.0,71.3,38,710,64
350,Gvardiol,13,2,847.0,501.7,497.0,185.0,153,3278,65
351,Haaland,13,4,946.0,359.4,1511.0,281.8,181,2736,149
352,J.Alvarez,13,4,0.0,0.0,0.0,0.0,0,0,70
353,João Cancelo,13,2,0.0,0.0,0.0,0.0,0,0,53
354,Kovačić,13,3,606.4,579.3,204.0,139.1,109,2194,54
355,Lewis,13,2,293.8,218.6,139.0,65.0,66,1888,43
356,Matheus N.,13,3,370.4,422.4,206.0,99.9,81,1670,49
357,McAtee,13,3,113.0,64.6,136.0,30.7,31,340,46
358,Ortega Moreno,13,1,292.6,0.0,0.0,29.4,35,1099,52
360,Rodrigo,13,3,12.2,17.5,0.0,3.0,3,72,62
361,Rúben,13,2,478.2,173.8,150.0,80.2,90,2269,55
362,Stones,13,2,155.6,49.8,70.0,27.4,29,544,53
363,Walker,13,2,157.4,147.7,29.0,33.5,13,966,51
571,Savinho,13,3,415.2,682.9,671.0,177.3,106,1760,60
607,O’Reilly,13,3,133.4,76.2,112.0,32.2,31,525,49
625,Gündogan,13,3,387.0,781.3,273.0,144.2,97,2218,63
626,Kaboré,13,2,0.0,0.0,0.0,0.0,0,0,45
671,Wright,13,3,0.0,0.0,0.0,0.0,0,0,45
672,Simpson-Pusey,13,2,19.6,2.2,2.0,2.4,1,95,40
675,Wilson-Esbrand,13,2,0.0,0.0,0.0,0.0,0,0,40
698,Mubama,13,4,0.2,0.1,5.0,0.5,1,27,45
703,Alleyne,13,2,0.0,0.0,0.0,0.0,0,0,40
704,Brits,13,1,0.0,0.0,0.0,0.0,0,0,40
732,Khusanov,13,2,102.0,33.9,4.0,14.1,14,503,50
733,Vitor Reis,13,2,3.2,0.0,0.0,0.3,1,1,45
736,Guardiola,13,5,0.0,0.0,0.0,0.0,113,0,15
755,Marmoush,13,4,318.0,246.7,410.0,97.3,73,1174,74
765,N.Gonzalez,13,3,137.2,78.7,62.0,27.5,31,760,60
785,Echeverri,13,3,2.2,0.4,0.0,0.3,1,5,58
364,Amad,14,3,634.0,687.2,615.0,193.8,129,1898,53
365,Antony,14,3,35.0,50.7,74.0,15.8,8,135,57
366,B.Fernandes,14,3,1017.8,1407.7,587.0,300.8,174,3017,84
367,Bayindir,14,1,80.0,0.0,0.0,7.9,8,360,43
368,Casemiro,14,3,433.2,348.2,265.0,104.8,48,1489,46
369,Dalot,14,2,493.2,434.2,258.0,118.2,95,2812,50
370,Eriksen,14,3,235.8,474.3,79.0,78.9,45,1052,52
371,Evans,14,2,66.6,5.3,23.0,9.5,15,312,44
372,Garnacho,14,3,454.0,532.2,904.0,188.3,106,2188,59
373,Hannibal,14,3,0.0,0.0,0.0,0.0,0,0,45
374,Heaton,14,1,0.0,0.0,0.0,0.0,0,0,39
375,Højlund,14,4,187.0,254.7,432.0,86.3,78,1998,69
376,Lindelof,14,2,125.4,48.5,8.0,18.3,27,695,43
377,Maguire,14,2,409.4,101.2,233.0,74.5,48,1751,49
378,Mainoo,14,3,196.6,250.8,137.0,58.8,42,1646,52
379,Malacia,14,2,5.2,13.9,0.0,1.7,2,99,44
380,Martinez,14,2,426.6,153.9,158.0,73.8,68,1751,43
381,McTominay,14,3,3.2,0.3,5.0,0.9,2,17,49
382,Mount,14,3,104.0,140.0,218.0,45.6,25,613,63
383,Onana,14,1,733.0,13.0,0.0,74.7,120,3060,49
384,Pellistri,14,3,0.0,0.0,0.0,0.0,0,0,50
387,Shaw,14,2,48.2,68.2,11.0,12.7,5,346,49
389,Zirkzee,14,4,222.6,212.0,351.0,78.0,64,1385,65
572,Yoro,14,2,207.4,55.8,54.0,31.8,22,1160,43
593,De Ligt,14,2,518.4,88.7,303.0,91.5,68,2119,48
594,Mazraoui,14,2,619.4,332.7,123.0,107.5,88,2836,42
613,Collyer,14,3,40.4,29.9,8.0,7.9,6,174,45
648,Wheatley,14,4,0.0,0.0,0.0,0.0,0,0,45
652,Ugarte,14,3,313.6,195.9,113.0,62.1,49,1777,49
658,Heaven,14,2,43.4,12.9,10.0,6.6,10,169,40
667,Fletcher,14,3,0.0,0.0,0.0,0.0,0,0,45
670,Amass,14,2,40.0,26.5,15.0,8.2,4,345,40
673,Fitzgerald,14,3,0.0,0.0,0.0,0.0,0,0,45
691,Kukonki,14,2,0.0,0.0,0.0,0.0,0,0,40
745,Amorim,14,5,0.0,0.0,0.0,0.0,86,0,8
761,Harrison,14,1,0.0,0.0,0.0,0.0,0,0,40
766,Dorgu,14,2,106.4,175.3,112.0,39.4,18,840,45
776,Obi,14,4,8.2,5.1,46.0,5.4,7,160,45
777,Fredricson,14,2,37.4,4.9,2.0,4.4,2,166,40
778,Moorhouse,14,3,0.0,0.0,0.0,0.0,0,0,45
779,Koné,14,3,0.0,0.0,0.0,0.0,0,0,45
783,Graczyk,14,1,0.0,0.0,0.0,0.0,0,0,40
788,Dermot Mee,14,1,0.0,0.0,0.0,0.0,0,0,40
390,A.Murphy,15,2,0.0,0.0,0.0,0.0,0,0,40
391,Almirón,15,3,15.2,40.9,57.0,11.3,10,150,54
392,Barnes,15,3,522.2,407.1,701.0,163.1,130,1746,59
393,Botman,15,2,110.4,28.4,96.0,23.6,18,412,44
394,Bruno G.,15,3,723.0,796.0,454.0,197.5,135,3273,62
395,Burn,15,2,736.6,123.6,297.0,115.8,115,3330,46
396,Dúbravka,15,1,220.2,0.0,0.0,22.0,44,900,40
398,Gordon,15,3,537.0,777.3,655.0,196.8,124,2428,74
399,Hall,15,2,561.6,561.2,128.0,125.3,102,2188,47
400,Hayden,15,3,0.0,0.0,0.0,0.0,0,0,44
401,Isak,15,4,1043.0,573.1,1320.0,292.7,211,2758,94
402,J.Murphy,15,3,713.4,625.2,519.0,185.6,159,2356,52
403,Joelinton,15,3,469.8,389.3,465.0,132.7,99,2394,60
404,Kelly,15,2,80.6,29.0,20.0,12.6,12,299,42
405,Krafth,15,2,59.2,19.7,13.0,9.3,17,334,43
406,Kuol,15,3,0.0,0.0,0.0,0.0,0,0,44
407,Lascelles,15,2,0.0,0.0,0.0,0.0,0,0,45
408,Lewis,15,2,0.0,0.0,0.0,0.0,0,0,40
409,Livramento,15,2,567.4,406.2,127.0,110.1,105,2835,46
410,Longstaff,15,3,117.2,78.4,76.0,27.3,34,783,44
411,Miley,15,3,87.4,33.5,45.0,16.7,21,304,50
412,Odysseas,15,1,0.0,0.0,0.0,0.0,0,0,42
413,Pope,15,1,666.0,10.0,0.0,67.4,102,2520,50
414,Ruddy,15,1,0.0,0.0,0.0,0.0,0,0,39
415,Schär,15,2,743.2,111.5,346.0,119.6,118,2935,55
416,Targett,15,2,5.0,5.6,0.0,1.0,2,20,39
417,Tonali,15,3,539.4,496.3,299.0,133.5,106,2625,55
418,Trippier,15,2,319.4,406.8,33.0,76.1,72,1299,56
419,White,15,3,0.0,0.0,0.0,0.0,0,0,45
420,Willock,15,3,172.8,273.8,197.0,63.9,46,1065,47
421,Wilson,15,4,13.0,42.2,71.0,12.1,19,355,69
574,Pivas,15,2,0.0,0.0,0.0,0.0,0,0,40
590,Osula,15,4,42.4,25.1,37.0,10.5,19,124,49
746,Howe,15,5,0.0,0.0,0.0,0.0,97,0,15
789,Neave,15,4,0.0,0.0,0.0,0.0,0,0,45
26,Alex Moreno,16,2,200.8,134.5,29.0,36.4,34,952,42
422,Aina,16,2,578.2,282.3,80.0,94.1,128,2996,53
423,Anderson,16,3,638.8,605.2,308.0,155.6,107,2726,50
424,Awoniyi,16,4,67.0,40.9,118.0,21.9,32,398,55
425,Boly,16,2,51.0,0.4,17.0,6.8,6,146,42
426,Bowler,16,3,0.0,0.0,0.0,0.0,0,0,45
427,C.Miguel,16,1,0.0,0.0,0.0,0.0,0,0,41
428,Da Silva Moreira,16,3,5.2,0.3,0.0,0.6,2,28,43
429,Danilo,16,3,34.6,5.0,0.0,3.9,11,270,47
430,Dennis,16,4,0.0,0.0,0.0,0.0,0,0,49
431,Dominguez,16,3,410.2,247.2,237.0,89.4,54,1954,48
432,Elanga,16,3,627.0,785.4,582.0,199.8,153,2496,55
433,Gibbs-White,16,3,680.4,793.7,632.0,210.6,154,2806,65
434,Hudson-Odoi,16,3,445.6,663.9,405.0,151.0,103,2190,51
435,Mighten,16,3,0.0,0.0,0.0,0.0,0,0,45
436,Murillo,16,2,927.2,211.2,201.0,134.0,130,3188,47
437,N.Williams,16,2,628.4,305.3,244.0,118.0,109,2588,45
438,O.Richards,16,2,0.0,0.0,0.0,0.0,0,0,45
439,O'Brien,16,3,0.0,0.0,0.0,0.0,0,0,50
440,Omobamidele,16,2,0.0,0.0,0.0,0.0,0,0,42
441,Panzo,16,2,0.0,0.0,0.0,0.0,0,0,40
442,Sangaré,16,3,130.6,80.3,21.0,23.2,20,584,43
443,Sels,16,1,942.2,20.2,0.0,96.7,150,3420,52
444,Toffolo,16,2,40.2,4.1,6.0,5.1,4,135,42
446,Ui-jo,16,4,0.0,0.0,0.0,0.0,0,0,45
447,Wood,16,4,838.4,320.0,900.0,205.6,200,2958,72
448,Worrall,16,2,0.0,0.0,0.0,0.0,0,0,45
449,Yates,16,3,344.4,241.1,265.0,85.4,67,1901,48
573,Milenković,16,2,805.2,107.9,361.0,127.2,145,3330,52
596,Jota Silva,16,3,221.8,182.9,239.0,64.6,52,835,59
620,Sosa,16,3,87.4,103.0,104.0,29.2,25,280,55
653,Morato,16,2,205.2,10.8,22.0,24.0,36,891,45
706,Abbott,16,2,0.0,0.0,0.0,0.0,0,0,40
721,Hennessey,16,1,0.0,0.0,0.0,0.0,0,0,40
747,Nuno,16,5,0.0,0.0,0.0,0.0,78,0,11
14,Ramsdale,17,1,980.6,0.1,0.0,98.3,97,2700,44
27,Archer,17,4,125.2,102.5,376.0,60.0,57,1421,48
188,Ugochukwu,17,3,265.0,211.9,84.0,55.9,47,1652,44
397,Fraser,17,3,35.8,26.8,13.0,6.7,7,303,48
451,Amo-Ameyaw,17,3,4.0,16.1,6.0,2.6,1,26,44
452,Aribo,17,3,386.2,293.0,242.0,92.3,72,2007,49
453,Armstrong,17,4,154.4,143.7,262.0,56.0,45,1246,51
454,Bazunu,17,1,0.0,0.0,0.0,0.0,0,0,43
455,Bednarek,17,2,770.6,78.3,71.0,91.9,60,2531,40
456,Bella-Kotchap,17,2,64.6,2.3,4.0,7.0,2,329,39
457,Bree,17,2,187.4,159.4,43.0,39.0,23,1070,39
458,Charles,17,3,0.0,0.0,0.0,0.0,0,0,45
459,Edozie,17,3,9.8,19.0,22.0,5.1,1,64,49
460,Edwards,17,2,5.0,0.1,0.0,0.5,1,12,39
461,Harwood-Bellis,17,2,727.0,218.3,252.0,119.9,55,2824,39
462,Kamaldeen,17,3,187.2,182.4,290.0,65.7,53,1394,50
463,Lallana,17,3,81.2,82.4,21.0,18.4,17,352,50
464,Larios,17,2,0.0,0.0,0.0,0.0,0,0,39
465,Lis,17,1,0.0,0.0,0.0,0.0,0,0,40
466,Lumley,17,1,102.2,0.0,0.0,10.2,8,270,40
467,Manning,17,2,307.4,498.3,71.0,87.6,34,1458,43
468,Mara,17,4,0.0,0.0,0.0,0.0,0,0,50
469,McCarthy,17,1,166.4,0.0,0.0,16.7,12,450,42
470,Onuachu,17,4,219.8,127.3,479.0,81.7,51,1038,49
471,Smallbone,17,3,112.6,163.3,64.0,33.9,26,679,50
472,Stephens,17,2,291.8,71.6,51.0,41.5,31,1389,40
473,Stewart,17,4,54.4,15.4,96.0,16.3,20,382,44
474,Sugawara,17,2,315.4,291.3,137.0,74.2,43,1548,42
475,Taylor,17,2,102.0,27.8,4.0,13.5,6,353,39
476,Walker-Peters,17,2,503.8,406.8,237.0,114.4,54,2918,42
477,Wood,17,2,137.8,20.3,16.0,17.6,14,771,39
515,Cornet,17,3,11.6,3.5,7.0,2.2,1,71,47
518,Downes,17,3,297.6,292.2,118.0,71.0,48,2149,47
584,Brereton Díaz,17,3,21.8,63.6,81.0,16.8,13,446,48
608,Dibling,17,3,261.0,344.5,264.0,87.0,68,1863,43
623,M.Fernandes,17,3,553.4,649.5,372.0,157.8,95,2911,50
693,O'Brien-Whitmarsh,17,3,0.0,0.0,0.0,0.0,0,0,45
718,Welington,17,2,120.2,58.4,11.0,19.0,14,478,40
719,Kayi Sanda,17,2,3.2,0.3,2.0,0.6,2,12,40
734,Grønbæk,17,3,15.8,11.4,9.0,3.7,6,141,49
748,Rusk,17,5,0.0,0.0,0.0,0.0,38,0,5
798,Jay Robinson,17,4,21.8,34.4,29.0,8.6,5,134,44
804,Moore,17,2,0.0,0.0,0.0,0.0,0,0,40
82,Solanke,18,4,505.8,199.8,729.0,142.1,108,2199,73
478,A.Phillips,18,2,0.0,0.0,0.0,0.0,0,0,40
479,Austin,18,1,20.0,0.0,0.0,2.0,1,90,40
480,Bentancur,18,3,324.6,208.5,165.0,70.2,49,1640,49
481,Bergvall,18,3,237.2,218.7,97.0,55.0,44,1200,44
482,Bissouma,18,3,283.8,133.8,59.0,48.0,50,1396,48
483,Bryan,18,3,0.0,0.0,0.0,0.0,0,0,50
484,Davies,18,2,343.6,42.1,49.0,43.7,28,1329,43
485,Devine,18,3,0.0,0.0,0.0,0.0,0,0,45
486,Dragusin,18,2,256.4,58.1,47.0,36.2,24,1250,43
487,E.Royal,18,2,0.0,0.0,0.0,0.0,0,0,45
488,Forster,18,1,221.0,0.0,0.0,22.2,19,630,43
489,Gray,18,3,254.6,71.4,15.0,34.3,45,1750,46
490,Højbjerg,18,3,0.0,0.0,0.0,0.0,0,0,50
491,Johnson,18,3,559.6,295.0,761.0,161.0,137,2171,62
492,Kulusevski,18,3,613.6,843.8,733.0,218.7,117,2386,62
493,Lo Celso,18,3,0.0,0.0,0.0,0.0,0,0,49
494,Maddison,18,3,683.4,702.3,495.0,187.8,133,1799,74
495,Pedro Porro,18,2,778.4,932.9,200.0,191.2,98,2606,52
496,Reguilón,18,2,33.4,25.2,13.0,7.2,2,194,41
497,Richarlison,18,4,180.8,57.1,243.0,47.4,35,497,68
498,Romero,18,2,343.2,113.1,232.0,69.0,49,1416,49
499,P.M.Sarr,18,3,398.4,257.2,220.0,87.2,71,1901,47
500,Scarlett,18,4,24.4,11.0,17.0,5.2,6,31,44
502,Solomon,18,3,0.0,0.0,0.0,0.0,0,0,54
503,Son,18,3,629.6,734.9,707.0,207.2,129,2106,97
504,Spence,18,2,433.0,226.6,100.0,76.1,51,1790,44
505,Udogie,18,2,354.8,256.5,132.0,74.5,43,1923,48
506,Van de Ven,18,2,212.0,39.4,57.0,30.9,32,1014,45
507,Veliz,18,4,0.0,0.0,0.0,0.0,0,0,50
508,Vicario,18,1,587.8,0.0,0.0,58.5,66,2160,48
509,Werner,18,3,114.6,148.0,113.0,37.1,34,504,62
510,Whiteman,18,1,0.0,0.0,0.0,0.0,0,0,39
609,Lankshear,18,4,0.0,0.0,0.0,0.0,3,10,45
610,Moore,18,3,33.2,45.2,34.0,11.0,19,359,45
612,Odobert,18,3,101.2,108.6,156.0,36.7,34,843,53
683,Olusesi,18,3,0.0,0.0,0.0,0.0,0,0,45
684,Hardy,18,2,0.0,0.0,0.0,0.0,0,0,40
689,Williams-Barnett,18,3,0.0,0.0,0.0,0.0,0,0,45
699,Dorrington,18,2,1.0,0.2,0.0,0.1,1,13,40
700,King,18,2,0.0,0.0,0.0,0.0,0,0,40
716,Kinsky,18,1,208.2,10.1,0.0,21.7,17,540,41
717,Yang,18,3,0.0,0.0,0.0,0.0,0,0,45
729,Ajayi,18,3,0.0,0.0,0.0,0.0,0,0,45
749,Postecoglou,18,5,0.0,0.0,0.0,0.0,58,0,11
760,Cassanova,18,2,0.0,0.0,0.0,0.0,0,0,40
767,Danso,18,2,242.0,34.4,72.0,34.9,16,842,44
768,Tel,18,3,183.8,208.3,236.0,62.3,42,908,58
123,Ferguson,19,4,80.0,68.5,104.0,25.0,28,385,55
388,Wan-Bissaka,19,2,807.4,531.5,188.0,152.7,118,3154,45
511,Álvarez,19,3,281.8,213.9,51.0,54.7,40,1769,50
512,Antonio,19,4,72.0,139.5,194.0,39.5,42,834,52
513,Areola,19,1,619.8,0.0,0.0,62.1,69,2259,42
514,Bowen,19,3,903.0,737.8,1081.0,271.9,193,2974,79
516,Coufal,19,2,204.0,142.0,70.0,41.3,27,1056,41
517,Cresswell,19,2,148.4,152.3,14.0,31.4,36,818,39
519,Earthy,19,3,0.0,0.0,0.0,0.0,0,0,45
520,Emerson,19,2,420.4,310.9,173.0,90.4,76,2108,44
521,Fabianski,19,1,387.8,0.3,0.0,38.7,39,1160,39
522,Foderingham,19,1,0.0,0.0,0.0,0.0,0,0,42
523,Ings,19,4,97.0,76.5,159.0,33.4,32,270,48
524,Kilman,19,2,832.6,203.3,149.0,118.8,82,3348,43
525,Kudus,19,3,471.6,552.5,752.0,177.5,106,2589,62
526,L.Guilherme,19,3,27.6,49.1,32.0,10.8,12,139,46
527,L.Paquetá,19,3,433.2,627.7,267.0,132.6,80,2374,57
528,Mavropanos,19,2,497.0,74.9,160.0,73.2,45,2035,43
529,N.Aguerd,19,2,0.0,0.0,0.0,0.0,0,0,44
530,Souček,19,3,672.6,231.8,643.0,154.0,126,2563,48
531,Ward-Prowse,19,3,282.4,378.3,138.0,80.0,51,1433,61
532,Zouma,19,2,0.0,0.0,0.0,0.0,0,0,44
576,Irving,19,3,37.6,26.5,17.0,8.1,9,161,47
587,Summerville,19,3,156.4,246.1,186.0,58.7,33,776,55
588,G.Rodríguez,19,3,205.4,79.7,29.0,31.5,36,1147,48
589,Füllkrug,19,4,187.2,173.3,221.0,56.8,42,783,67
591,Todibo,19,2,373.0,37.1,35.0,44.5,54,1824,42
643,Casey,19,2,2.0,0.0,0.0,0.2,1,1,40
654,C.Soler,19,3,189.0,295.8,186.0,67.2,47,1394,50
677,Scarles,19,2,106.4,54.3,24.0,18.6,29,659,40
686,Mayers,19,2,0.0,0.0,0.0,0.0,0,0,40
701,Orford,19,3,6.4,27.6,6.0,4.0,2,47,45
750,Potter,19,5,0.0,0.0,0.0,0.0,84,0,5
204,Johnstone,20,1,193.8,10.0,0.0,20.4,12,630,41
533,Aït-Nouri,20,2,778.4,694.3,435.0,191.0,125,3112,51
534,B.Traore,20,3,4.0,0.0,0.0,0.4,1,1,48
535,Bellegarde,20,3,355.6,422.8,200.0,97.2,90,1666,49
536,Bentley,20,1,60.0,0.0,0.0,6.0,9,180,39
537,Chiquinho,20,3,3.0,14.3,2.0,1.9,1,6,45
538,Chirewa,20,3,0.0,0.0,0.0,0.0,0,0,45
539,Chiwome,20,4,0.0,0.0,0.0,0.0,0,0,44
540,Cundle,20,3,0.0,0.0,0.0,0.0,0,0,45
541,Cunha,20,4,936.2,847.8,940.0,272.2,178,2596,70
542,Dawson,20,2,204.2,31.3,55.0,29.1,17,969,42
543,Doherty,20,2,502.2,179.9,135.0,81.8,75,2105,43
544,Doyle,20,3,114.6,101.7,34.0,25.3,28,474,47
545,Fábio Silva,20,4,0.0,0.0,0.0,0.0,0,0,50
546,Fraser,20,4,0.0,0.0,0.0,0.0,0,0,45
547,Gonzalez,20,3,0.0,0.0,0.0,0.0,0,0,44
548,Guedes,20,3,215.8,213.9,217.0,64.0,62,979,53
549,H.Bueno,20,2,0.0,0.0,0.0,0.0,0,0,45
550,Hee Chan,20,3,111.6,72.7,84.0,26.7,37,646,61
551,Hodge,20,3,0.0,0.0,0.0,0.0,0,0,45
552,Hoever,20,2,0.0,0.0,0.0,0.0,0,0,40
553,J.Gomes,20,3,513.4,428.9,231.0,117.3,87,2975,49
554,José Sá,20,1,603.4,30.0,0.0,63.4,93,2610,44
555,Kalajdžić,20,4,0.0,0.0,0.0,0.0,0,0,48
556,King,20,1,0.0,0.0,0.0,0.0,1,1,39
557,Mario Jr.,20,3,356.8,166.7,120.0,64.4,47,1363,48
558,Mosquera,20,2,110.2,27.3,21.0,16.0,3,441,38
559,N.Semedo,20,2,504.6,404.9,149.0,106.0,84,2889,45
561,Pedro Lima,20,2,23.4,34.8,11.0,6.9,2,69,39
562,Podence,20,3,3.0,1.1,1.0,0.4,2,46,55
563,R.Gomes,20,3,186.6,180.2,113.0,47.6,42,794,51
564,S.Bueno,20,2,345.4,15.8,80.0,44.2,52,1678,43
565,Sarabia,20,3,217.6,245.9,177.0,63.8,50,800,50
566,Strand Larsen,20,4,646.8,303.4,848.0,179.5,145,2587,52
567,Toti,20,2,617.2,144.2,102.0,86.5,79,2613,43
637,Meupiyou,20,2,0.0,0.0,0.0,0.0,0,0,39
642,André,20,3,383.2,285.5,30.0,69.7,61,2472,50
655,Forbs,20,3,25.8,24.2,35.0,8.3,9,236,54
664,Pond,20,2,0.0,0.0,0.0,0.0,1,1,39
682,Edozie,20,3,0.0,0.0,0.0,0.0,0,0,45
711,Okoduwa,20,2,0.0,0.0,0.0,0.0,0,0,40
720,Agbadou,20,2,395.2,57.3,67.0,52.0,45,1410,40
751,Pereira,20,5,0.0,0.0,0.0,0.0,111,0,8
769,Djiga,20,2,5.6,2.1,0.0,0.8,4,65,45
770,Munetsi,20,3,176.8,132.9,212.0,52.3,50,1077,50
784,Mané,20,4,0.0,0.3,0.0,0.0,1,1,45
