id,web_name,team,element_type,status,chance_of_playing_next_round,chance_of_playing_this_round,news,news_added
1,Fábio Vieira,1,3,u,0.0,0.0,Has joined Portuguese side FC Porto on loan for the 2024/25 season,2024-08-29T11:06:25.241953Z
2,G.Jesus,1,4,i,0.0,0.0,Knee injury - Expected back 01 Jun,2025-01-12T22:00:07.802845Z
3,Gabriel,1,2,i,0.0,0.0,Hamstring injury - Expected back 01 Jun,2025-04-01T22:00:07.982867Z
4,Havertz,1,4,a,100.0,100.0,,2025-02-12T09:00:08.755570Z
5,Hein,1,1,u,0.0,0.0,Loaned to Real Valladolid,2024-08-14T08:31:46.556082Z
6,J.Timber,1,2,i,0.0,0.0,Ankle injury - Expected back 01 Jun,2025-05-16T14:00:08.018204Z
7,Jorginho,1,3,a,100.0,100.0,,2025-04-12T20:00:08.048837Z
8,Kiwior,1,2,a,,,,
9,Martinelli,1,3,a,100.0,100.0,,2025-02-06T00:00:08.092348Z
12,Nwaneri,1,3,a,100.0,100.0,,2025-01-04T22:00:06.872110Z
13,Ødegaard,1,3,a,100.0,100.0,,2024-09-10T00:30:06.311550Z
15,Raya,1,1,a,100.0,100.0,,2025-01-30T11:00:08.979724Z
16,Rice,1,3,a,100.0,100.0,,2025-05-11T23:00:08.642302Z
17,Saka,1,3,a,100.0,100.0,,2025-04-09T09:00:07.942776Z
18,Saliba,1,2,i,0.0,0.0,Hamstring injury - Expected back 01 Jun,2025-05-18T20:30:07.323616Z
20,Thomas,1,3,a,100.0,100.0,,2025-04-12T20:00:08.101021Z
21,Tierney,1,2,a,100.0,100.0,,2024-08-12T14:30:04.394338Z
22,Tomiyasu,1,2,i,0.0,0.0,Knee injury - Expected back 01 Jun,2024-10-18T16:00:06.930143Z
23,Trossard,1,3,a,100.0,100.0,,2025-05-11T23:00:08.708617Z
24,White,1,2,a,100.0,100.0,,2025-04-12T20:00:08.123863Z
25,Zinchenko,1,2,a,100.0,100.0,,2024-12-09T09:30:06.099861Z
73,Neto,1,1,a,100.0,100.0,,2025-04-25T00:00:07.994709Z
186,Sterling,1,3,a,100.0,100.0,,2025-03-08T20:00:09.918533Z
578,Calafiori,1,2,a,100.0,100.0,,2025-03-24T14:30:09.477149Z
597,Lewis-Skelly,1,3,a,100.0,100.0,,2025-02-22T21:00:10.286547Z
633,Merino,1,3,a,100.0,100.0,,2025-05-11T23:00:09.594730Z
638,Oulad M'hand,1,3,a,,,,
639,Setford,1,1,a,,,,
657,Kacurri,1,2,u,0.0,0.0,Loaned to Bromley,2025-02-04T10:52:26.271821Z
659,Kabia,1,3,a,,,,
662,Nichols,1,2,a,,,,
665,Butler-Oyedeji,1,4,a,,,,
735,Arteta,1,5,a,,,,
756,Porter,1,1,a,,,,
790,Gower,1,3,a,,,,
793,Jack Henry-Francis,1,3,a,,,,
801,Clarke,1,2,a,,,,
28,Bailey,2,3,a,100.0,100.0,,2025-04-01T15:00:07.914260Z
29,Barkley,2,3,a,100.0,100.0,,2025-01-11T01:30:08.379812Z
30,Barrenechea,2,3,u,0.0,0.0,Loaned to Valencia CF,2024-08-31T06:33:47.934620Z
31,Buendia,2,3,u,0.0,0.0,Loaned to Bayer Leverkusen,2025-02-03T10:22:17.157838Z
32,Cash,2,2,a,100.0,100.0,,2025-01-31T15:00:08.473024Z
33,Dendoncker,2,3,u,0.0,0.0,On loan to Anderlecht for the rest of the season,2024-09-02T10:45:36.198316Z
34,Diaby,2,3,u,0.0,0.0,Permanent transfer to Al Ittihad,2024-07-26T08:50:40.300928Z
35,Diego Carlos,2,2,u,0.0,0.0,loaned to Fenerbahçe,2025-01-03T19:30:08.711012Z
36,Digne,2,2,a,,,,
37,Dobbin,2,3,u,0.0,0.0,Permanent transfer to West Bromwich Albion,2024-08-07T08:21:33.016106Z
38,Duran,2,4,u,0.0,0.0,Loaned to Al-Nassr,2025-02-03T10:25:17.104554Z
39,Gauci,2,1,u,0.0,0.0,Loaned to Barnsley,2025-02-03T10:19:41.424678Z
40,Hause,2,2,a,,,,
41,Iling Jr,2,3,u,0.0,0.0,Season long loan to Bologna,2024-08-29T11:07:04.555253Z
42,Kamara,2,3,a,100.0,100.0,,2025-02-18T22:00:09.222622Z
43,Kesler-Hayden,2,2,u,0.0,0.0,Has joined Preston North End for the rest of the season,2024-08-09T11:14:21.895838Z
44,Konsa,2,2,a,100.0,100.0,,2025-02-10T10:00:08.895290Z
45,Maatsen,2,2,a,100.0,100.0,,2024-11-14T10:00:07.838636Z
46,Marschall,2,1,u,0.0,0.0,Has joined MK Dons for the rest of the season,2024-07-18T09:50:40.812599Z
47,Martinez,2,1,s,0.0,100.0,Suspended until 23 Aug,2025-05-25T18:00:07.245002Z
48,McGinn,2,3,a,100.0,100.0,,2025-01-04T19:30:07.992156Z
49,Mings,2,2,a,100.0,100.0,,2025-03-01T08:00:09.097035Z
50,Nedeljkovic,2,2,u,0.0,0.0,Loaned to RB Leipzig,2025-02-03T18:30:15.024412Z
51,Olsen,2,1,a,100.0,100.0,,2024-10-18T16:30:05.894923Z
52,Pau,2,2,a,100.0,100.0,,2024-12-30T23:30:08.107053Z
53,Ramsey,2,3,a,100.0,100.0,,2025-05-11T00:30:07.633320Z
54,Rogers,2,3,a,100.0,100.0,,2025-02-22T21:30:09.096177Z
55,Sinisalo,2,1,u,0.0,0.0,Permanent transfer to Celtic,2024-07-18T09:43:21.242291Z
56,Sousa,2,2,u,0.0,0.0,Loaned to  Bristol Rovers,2024-08-16T11:50:34.812830Z
57,Tielemans,2,3,a,100.0,75.0,,2025-05-08T16:30:07.959472Z
58,Watkins,2,4,a,100.0,100.0,,2025-03-19T15:30:06.831986Z
167,Disasi,2,2,a,100.0,100.0,,2025-02-15T16:00:09.052094Z
233,Onana,2,3,a,100.0,100.0,,2025-02-14T15:00:07.725990Z
385,Rashford,2,3,a,100.0,0.0,,2025-04-27T12:00:08.307285Z
598,Bogarde,2,2,a,,,,
640,Swinkels,2,2,u,0.0,0.0,Loaned to Bristol Rovers,2025-02-04T10:52:01.247463Z
641,Zych,2,1,a,,,,
656,Young,2,3,u,0.0,0.0,Loaned to Royal Antwerp,2025-02-28T11:05:51.443216Z
679,Broggio,2,3,a,,,,
710,Jimoh,2,3,a,,,,
725,Malen,2,3,a,,,,
731,A. Garcia,2,2,a,,,,
737,Emery,2,5,a,,,,
762,M.Asensio,2,3,a,,,,
59,Aarons,3,2,u,0.0,0.0,Season-long loan to Valencia,2025-01-17T08:27:29.985824Z
60,Adams,3,3,a,100.0,100.0,,2024-12-30T23:30:08.175231Z
61,Anthony,3,3,u,0.0,0.0,Season long loan to Burnley,2024-08-30T09:46:29.420148Z
62,Brooks,3,3,a,100.0,100.0,,2024-08-12T14:30:04.440536Z
63,Christie,3,3,i,0.0,0.0,Groin Injury - Expected back 01 Jun,2025-04-04T12:00:08.386754Z
64,Cook,3,3,s,0.0,0.0,Suspended until 30 Aug,2025-05-21T00:00:07.899357Z
65,Enes Ünal,3,4,i,0.0,0.0,Knee injury - Expected back 01 Jun,2025-01-09T16:30:08.243030Z
66,Faivre,3,3,u,0.0,0.0,Loaned to Brest,2024-08-20T12:15:06.505689Z
67,H.Traorè,3,3,u,0.0,0.0,Season long loan to A.J.Auxerre,2024-08-29T11:07:43.785266Z
68,Hill,3,2,a,100.0,75.0,,2025-05-23T14:00:08.258569Z
69,Jebbison,3,4,a,100.0,100.0,,2024-08-31T06:32:40.630710Z
70,Kerkez,3,2,a,100.0,100.0,,2024-11-21T08:30:08.632085Z
71,Kluivert,3,3,a,100.0,100.0,,2025-04-01T14:00:07.917236Z
72,Mepham,3,2,u,0.0,0.0,On loan to Sunderland for the season,2024-09-01T09:10:00.945219Z
74,O.Dango,3,3,i,0.0,0.0,Groin Injury - Expected back 01 Jun,2025-05-08T16:30:08.039133Z
75,Paulsen,3,1,u,0.0,0.0,Loaned to Auckland FC,2024-08-10T12:14:13.050842Z
76,Philip,3,3,u,0.0,0.0,Season-long loan to Napoli,2025-01-17T08:00:05.376061Z
77,Scott,3,3,a,100.0,75.0,,2025-05-11T00:30:07.728795Z
78,Semenyo,3,3,a,100.0,100.0,,2024-11-13T14:00:07.717891Z
79,Senesi,3,2,a,100.0,100.0,,2024-12-06T10:30:07.568268Z
80,Sinisterra,3,3,i,0.0,0.0,Hamstring injury - Expected back 01 Jun,2025-03-15T22:00:08.354423Z
81,Smith,3,2,a,100.0,100.0,,2024-12-25T22:30:07.943044Z
83,Tavernier,3,3,a,100.0,100.0,,2025-03-30T21:00:08.443842Z
84,Travers,3,1,u,0.0,0.0,Loaned to Middlesbrough,2025-02-03T10:20:13.419620Z
85,Zabarnyi,3,2,a,100.0,100.0,,2025-02-22T21:00:09.748448Z
152,Arrizabalaga,3,1,a,100.0,100.0,,2025-01-04T19:30:08.158014Z
580,Huijsen,3,2,a,,,,
592,J.Araujo,3,2,a,100.0,100.0,,2025-03-07T16:30:09.194335Z
599,Dennis,3,1,a,,,,
617,Evanilson,3,4,a,100.0,100.0,,2025-04-27T22:30:08.577290Z
680,Kinsey,3,2,a,,,,
687,Winterburn,3,3,a,,,,
702,Harris,3,2,a,,,,
707,Rees-Dottin,3,4,a,,,,
712,Akinmboni,3,2,a,,,,
713,Soler,3,2,a,100.0,100.0,,2025-01-17T12:00:08.626455Z
722,Adu-Adjei,3,4,a,,,,
723,Sadi,3,3,a,,,,
727,McKenna,3,1,a,,,,
728,Silcott-Duberry,3,3,a,,,,
738,Iraola,3,5,a,,,,
86,Ajer,4,2,a,100.0,100.0,,2025-05-11T22:30:08.310592Z
87,Brierley,4,3,a,100.0,100.0,,2024-09-10T11:15:13.439596Z
88,Collins,4,2,a,,,,
89,Damsgaard,4,3,a,100.0,100.0,,2024-10-12T11:00:07.165630Z
90,Dasilva,4,3,i,0.0,0.0,Knee injury - Expected back 01 Jun,2024-08-12T14:30:04.460316Z
91,Flekken,4,1,a,100.0,100.0,,2025-02-03T02:00:08.276126Z
92,Henry,4,2,a,100.0,100.0,,2025-01-27T01:00:08.496464Z
93,Hickey,4,2,a,100.0,100.0,,2024-08-12T14:30:04.480785Z
94,Janelt,4,3,i,0.0,0.0,Heel Injury - Expected back 01 Jun,2025-05-01T00:30:07.901216Z
95,Jensen,4,3,a,100.0,100.0,,2025-04-01T14:00:08.042702Z
96,Ji-soo,4,2,a,,,,
97,Konak,4,3,a,100.0,100.0,,2025-04-19T21:00:07.399390Z
98,Lewis-Potter,4,3,a,,,,
99,Mbeumo,4,3,a,100.0,100.0,,2024-11-13T15:00:08.005055Z
100,Mee,4,2,a,100.0,0.0,,2025-05-24T20:00:08.168309Z
101,Nørgaard,4,3,a,100.0,100.0,,2025-02-22T02:00:07.221007Z
102,Onyeka,4,3,u,0.0,0.0,Loaned to FC Augsburg,2024-08-31T06:32:02.183747Z
103,Peart-Harris,4,3,u,0.0,0.0,Loaned to Swansea City,2024-08-31T06:31:19.312069Z
104,Pinnock,4,2,a,100.0,100.0,,2024-12-19T00:30:06.525832Z
105,Roerslev,4,2,u,0.0,0.0,Loaned to VfL Wolfsburg,2025-01-30T11:40:19.558849Z
106,Schade,4,3,a,100.0,100.0,,2025-01-27T01:00:08.556857Z
107,Thiago,4,4,a,100.0,100.0,,2025-04-11T00:30:06.405105Z
108,Toney,4,4,u,0.0,0.0,Transferred to Al-Ahli,2024-08-31T06:41:10.704245Z
109,Valdimarsson,4,1,a,,,,
110,Wissa,4,4,a,100.0,100.0,,2024-11-13T14:30:07.614563Z
111,Yarmoliuk,4,3,a,,,,
112,Zanka,4,2,u,0.0,0.0,Joined Anderlecht,2024-08-16T11:51:35.999618Z
314,Carvalho,4,3,i,0.0,0.0,Shoulder injury - Expected back 01 Jun,2025-03-08T21:00:09.439679Z
338,Van den Berg,4,2,a,100.0,100.0,,2025-02-15T18:30:08.884546Z
602,Trevitt,4,3,u,0.0,0.0,Loaned to Exeter City,2025-02-03T18:30:41.509945Z
634,G.Nunes,4,3,a,100.0,100.0,,2025-04-01T21:30:08.523570Z
649,Meghoma,4,2,u,0.0,0.0,Loaned to Preston North End,2025-01-17T12:25:36.920912Z
661,Yogane,4,3,u,0.0,0.0,Loaned to Exeter City,2025-01-24T10:48:13.441165Z
674,Maghoma,4,3,a,,,,
705,Arthur,4,2,a,,,,
752,Frank,4,5,a,,,,
757,Kayode,4,2,a,100.0,100.0,,2025-05-18T20:30:07.973848Z
759,Eyestone,4,1,a,,,,
780,Morgan,4,4,a,,,,
786,Benjamin Fredrick,4,2,a,,,,
113,Adingra,5,3,a,100.0,100.0,,2024-09-29T22:30:06.392264Z
114,Baker-Boaitey,5,3,u,0.0,0.0,Loaned to Port Vale,2024-08-10T12:17:28.055765Z
115,Baleba,5,3,a,100.0,100.0,,2025-02-01T22:30:07.945590Z
116,Barco,5,2,u,0.0,0.0,Loaned to Sevilla,2024-08-23T23:00:06.122778Z
118,Cozier-Duberry,5,3,u,0.0,0.0,Loaned to Blackburn Rovers,2024-08-31T06:29:40.845798Z
119,Dahoud,5,3,u,0.0,0.0,Transferred to Eintracht Frankfurt,2024-08-31T06:30:37.645175Z
120,Dunk,5,2,a,100.0,100.0,,2025-05-11T22:30:08.354775Z
122,Estupiñan,5,2,a,100.0,100.0,,2025-01-26T12:00:08.902967Z
124,Gilmour,5,3,u,0.0,0.0,Transferred to Napoli,2024-08-31T06:42:09.507349Z
125,Gross,5,3,u,0.0,0.0,Permanent transfer to Borussia Dortmund,2024-08-02T13:11:40.837259Z
126,Hinshelwood,5,3,a,100.0,100.0,,2024-11-10T01:30:07.476316Z
127,I.Osman,5,3,u,0.0,0.0,Loaned to Feyenoord,2024-08-16T11:54:28.483822Z
128,Igor,5,2,a,100.0,100.0,,2025-01-04T22:00:07.109334Z
129,João Pedro,5,4,a,100.0,0.0,,2025-05-23T14:00:08.373379Z
130,Kozlowski,5,3,u,0.0,0.0,Permanent transfer to Gaziantep FK,2024-07-22T09:03:00.342050Z
131,Lamptey,5,2,d,75.0,75.0,Knee injury - 75% chance of playing,2025-05-19T22:00:08.215017Z
132,March,5,3,i,0.0,0.0,Knee injury - Expected back 01 Jun,2025-05-05T07:30:07.917767Z
133,Mazilu,5,3,u,0.0,0.0,Has joined Vitesse Arnhem on loan for the rest of the season,2024-08-29T11:08:43.963582Z
134,Milner,5,3,a,100.0,0.0,,2024-08-31T21:00:04.655035Z
135,Minteh,5,3,a,100.0,100.0,,2025-01-12T22:30:08.694313Z
136,Mitoma,5,3,a,100.0,100.0,,2025-05-16T09:30:08.547373Z
137,Moder,5,3,u,0.0,0.0,Loaned to Feyenoord,2025-01-22T10:15:11.772489Z
138,O’Mahony,5,4,u,0.0,0.0,Season long to Portsmouth,2024-08-30T10:16:16.061223Z
139,Offiah,5,2,u,0.0,0.0,Loaned to Blackpool,2024-08-31T06:26:46.238644Z
140,Peupion,5,3,u,0.0,0.0,Loaned to ADO Den Haag,2025-02-03T10:22:59.975748Z
141,Sarmiento,5,3,u,0.0,0.0,Loaned to Burnley,2024-08-31T06:27:42.007071Z
142,Steele,5,1,d,75.0,75.0,Hand injury - 75% chance of playing,2025-05-19T22:00:08.291938Z
143,Undav,5,4,u,0.0,0.0,Transferred to Stuttgart,2024-08-10T12:18:55.962223Z
144,Van Hecke,5,2,a,100.0,100.0,,2025-04-19T21:00:07.484058Z
145,Veltman,5,2,a,100.0,100.0,,2025-05-11T22:30:08.389691Z
146,Verbruggen,5,1,a,100.0,100.0,,2024-08-12T14:30:04.523944Z
147,Webster,5,2,a,100.0,100.0,,2025-03-30T02:00:08.587962Z
148,Welbeck,5,4,a,100.0,100.0,,2025-02-22T21:30:09.255845Z
149,Wieffer,5,3,a,100.0,100.0,,2025-03-30T02:00:08.604802Z
595,Gruda,5,3,a,100.0,100.0,,2025-01-24T00:00:10.185786Z
600,Ayari,5,3,a,100.0,100.0,,2025-02-01T22:30:08.709133Z
601,Moran,5,3,u,0.0,0.0,Loaned to Stoke City,2024-08-20T12:19:09.002604Z
615,Rushworth,5,1,a,100.0,100.0,,2024-08-31T06:28:38.039682Z
618,Georginio,5,3,i,0.0,0.0,Ankle injury - Expected back 01 Jun,2025-03-30T02:00:09.254489Z
628,F.Kadıoğlu,5,2,i,0.0,0.0,Toe Injury - Expected back 01 Jun,2024-11-10T01:30:09.967684Z
629,O'Riley,5,3,a,100.0,100.0,,2025-03-07T12:00:09.447793Z
663,Samuels,5,2,u,0.0,0.0,Loaned to Dundee,2025-01-17T12:29:48.647053Z
668,Cahill,5,1,a,,,,
681,McConville,5,2,u,0.0,0.0,Loaned to Norwich City,2025-02-04T10:51:39.862174Z
685,Slater,5,2,a,,,,
714,Gómez,5,3,a,100.0,100.0,,2025-01-09T16:30:09.168224Z
739,Hürzeler,5,5,a,,,,
758,Knight,5,3,a,,,,
763,Cashin,5,2,a,,,,
791,Charlie Tasker,5,2,a,,,,
794,Freddie Simmonds,5,2,a,,,,
795,Harry Howell,5,3,a,,,,
150,Andrey Santos,6,3,u,0.0,0.0,Has joined Strasbourg on a season-long loan,2024-08-05T10:16:34.176364Z
151,Ângelo,6,3,u,0.0,0.0,Transferred to Al-Nassr,2024-09-05T10:38:18.297070Z
153,B.Badiashile,6,2,a,100.0,100.0,,2024-12-16T10:30:07.655172Z
154,Bergström,6,1,a,,,,
155,Bettinelli,6,1,a,,,,
157,Caicedo,6,3,a,,,,
158,Casadei,6,3,u,0.0,0.0,Loaned to Torino,2025-02-03T10:23:25.268868Z
159,Chalobah,6,2,a,100.0,100.0,,2025-02-22T21:00:09.834402Z
161,Chukwuemeka,6,3,u,0.0,0.0,Loaned to Borussia Dortmund,2025-02-04T10:49:46.028103Z
162,Colwill,6,2,a,100.0,100.0,,2025-01-17T15:00:07.145576Z
163,Cucurella,6,2,a,100.0,100.0,,2024-12-16T09:30:06.586582Z
164,D.D.Fofana,6,4,u,0.0,0.0,Transferred to AEK Athens,2024-09-11T14:26:52.770225Z
165,Deivid,6,4,u,0.0,0.0,Loaned to Santos,2025-02-28T11:06:35.437245Z
166,Dewsbury-Hall,6,3,a,100.0,100.0,,2024-12-29T08:30:08.647462Z
168,Enzo,6,3,a,100.0,100.0,,2025-01-17T15:00:07.174073Z
169,Gallagher,6,3,u,0.0,0.0,Transferred to Atletico Madrid,2024-08-22T11:20:34.236891Z
170,Gilchrist,6,2,u,0.0,0.0,Has joined Sheffield United on a season-long,2024-08-09T11:15:16.064928Z
171,Gusto,6,2,a,100.0,100.0,,2025-04-21T04:30:07.650673Z
172,James,6,2,a,100.0,100.0,,2024-11-21T14:00:08.020459Z
173,Kellyman,6,3,i,0.0,0.0,Hamstring injury - Expected back 01 Jun,2024-09-08T23:00:06.668188Z
174,Lavia,6,3,a,100.0,100.0,,2025-04-04T12:00:08.637574Z
175,Lukaku,6,4,u,0.0,0.0,Permanent transfer to Napoli,2024-08-30T10:21:53.872158Z
176,M.Sarr,6,2,u,0.0,0.0,Permanent move to RC Lens,2024-07-29T09:46:25.583703Z
177,Madueke,6,3,a,100.0,100.0,,2025-02-15T16:00:09.076234Z
178,Marc Guiu,6,4,a,100.0,100.0,,2025-02-07T16:30:07.359889Z
179,Mudryk,6,3,s,0.0,0.0,Suspended - unknown return date,2024-12-06T15:30:07.786308Z
180,N.Jackson,6,4,s,0.0,0.0,Suspended until 23 Aug,2025-05-11T23:00:08.902523Z
181,Nkunku,6,3,a,100.0,100.0,,2025-05-01T00:30:08.054121Z
182,Palmer,6,3,a,100.0,100.0,,2025-03-16T23:00:06.860890Z
183,Petrović,6,1,u,0.0,0.0,Loaned to Strasbourg,2024-08-31T06:26:07.653045Z
184,Renato Veiga,6,3,u,0.0,0.0,Loaned to Juventus,2025-01-30T11:39:46.371988Z
185,Sánchez,6,1,a,100.0,100.0,,2025-05-01T00:30:08.074171Z
187,Tosin,6,2,a,,,,
189,W.Fofana,6,2,i,0.0,0.0,Muscle injury - Expected back 01 Jun,2025-04-04T12:00:08.691373Z
386,Sancho,6,3,a,100.0,100.0,,2025-05-10T17:30:07.594481Z
560,Neto,6,3,a,100.0,100.0,,2024-12-09T09:30:06.764738Z
575,Wiley,6,2,u,0.0,0.0,Loaned to Strasbourg,2024-08-13T07:07:06.645739Z
581,Jørgensen,6,1,a,100.0,100.0,,2024-11-21T08:30:09.544798Z
621,João Félix,6,3,u,0.0,0.0,Loaned to Milan,2025-02-04T23:54:41.208950Z
695,Rak-Sakyi,6,3,a,,,,
696,George,6,3,a,,,,
697,Acheampong,6,2,a,,,,
740,Maresca,6,5,a,,,,
771,Amougou,6,3,a,,,,
774,Anselmino,6,2,a,100.0,100.0,,2025-04-25T13:30:08.784532Z
781,Mheuka,6,4,a,,,,
782,Samuels-Smith,6,2,a,,,,
787,Genesis Antwi,6,2,a,,,,
11,Nketiah,7,4,a,100.0,100.0,,2025-04-05T16:30:06.717546Z
160,Chilwell,7,2,d,75.0,75.0,Illness - 75% chance of playing,2025-05-23T14:00:08.414449Z
190,Ahamada,7,3,u,0.0,0.0,Loaned to Rennes,2024-08-31T06:25:25.419519Z
193,C.Doucouré,7,3,i,0.0,0.0,Knee injury - Expected back 01 Jun,2025-01-24T16:00:08.864027Z
194,C.Richards,7,2,a,100.0,100.0,,2025-04-01T14:00:08.193427Z
195,Chadi Riad,7,2,i,0.0,0.0,Knee injury - Expected back 01 Jun,2025-01-24T16:00:08.878612Z
196,Clyne,7,2,d,75.0,75.0,Illness - 75% chance of playing,2025-05-23T14:00:08.468821Z
197,Ebiowei,7,3,u,0.0,0.0,Season long loan to Oxford United,2024-08-06T17:23:26.723638Z
199,Eze,7,3,a,100.0,100.0,,2025-01-31T15:00:08.813444Z
200,Guéhi,7,2,i,0.0,0.0,Eye Injury - Expected back 01 Jun,2025-05-19T15:30:05.944462Z
201,Henderson,7,1,a,100.0,100.0,,2025-01-12T22:00:08.068713Z
202,Holding,7,2,u,0.0,0.0,Loaned to Sheffield United,2025-02-04T10:48:47.594320Z
203,Hughes,7,3,a,100.0,100.0,,2025-02-26T00:00:08.028332Z
205,Kamada,7,3,a,100.0,100.0,,2024-11-09T20:00:07.600072Z
206,Lerma,7,3,a,100.0,100.0,,2025-01-16T09:30:08.072744Z
207,Mateta,7,4,a,100.0,100.0,,2025-03-01T21:30:09.404720Z
208,M.França,7,3,a,100.0,100.0,,2024-09-27T15:30:06.533416Z
209,Matthews,7,1,a,,,,
210,Mitchell,7,2,a,,,,
211,Muñoz,7,2,a,100.0,100.0,,2024-12-16T09:30:06.692125Z
212,Ozoh,7,3,u,0.0,0.0,Season long loan to Derby County,2024-07-26T08:51:53.649693Z
213,Rak-Sakyi,7,3,u,0.0,0.0,Loaned to Sheffield United,2024-08-20T12:16:48.741122Z
214,Schlupp,7,3,u,0.0,0.0,Loaned to Celtic,2025-02-04T10:49:14.192450Z
215,Ward,7,2,a,100.0,100.0,,2025-01-24T16:00:08.907673Z
216,Wharton,7,3,i,0.0,0.0,Concussion - Expected back 01 Jun,2025-05-19T15:30:05.987980Z
445,Turner,7,1,a,100.0,100.0,,2025-04-25T00:00:08.588805Z
585,I.Sarr,7,3,a,100.0,100.0,,2025-01-17T15:00:07.869411Z
644,Umeh-Chibueze,7,3,a,100.0,100.0,,2024-11-13T09:30:08.263810Z
645,Devenny,7,3,a,,,,
646,Agbinone,7,3,u,0.0,0.0,Loaned to Gillingham,2025-01-22T10:13:54.779905Z
647,Rodney,7,3,a,,,,
650,Lacroix,7,2,a,100.0,100.0,,2025-04-05T20:30:07.212041Z
666,Kporha,7,2,a,,,,
676,Marsh,7,4,a,,,,
730,Esse,7,3,a,100.0,100.0,,2025-04-11T14:00:07.170172Z
741,Glasner,7,5,a,,,,
156,Broja,8,4,a,100.0,100.0,,2025-04-19T20:30:07.515553Z
217,A.Doucoure,8,3,a,100.0,100.0,,2025-02-12T22:30:09.537351Z
218,Beto,8,4,a,,,,
219,Branthwaite,8,2,i,0.0,0.0,Hamstring injury - Expected back 01 Jul,2025-05-18T20:30:07.482582Z
220,Calvert-Lewin,8,4,a,100.0,100.0,,2025-01-25T21:00:09.935532Z
221,Coleman,8,2,i,0.0,0.0,Thigh injury - Expected back 01 Jun,2025-05-18T20:30:07.497165Z
222,Gana,8,3,a,100.0,100.0,,2024-09-19T14:30:05.586621Z
223,Garner,8,3,a,100.0,100.0,,2024-10-17T14:00:07.870350Z
224,Harrison,8,3,a,100.0,100.0,,2024-09-19T14:30:05.601507Z
225,Holgate,8,2,u,0.0,0.0,Loaned to West Bromwich Albion,2024-08-31T08:24:25.909228Z
226,Iroegbunam,8,3,i,0.0,0.0,Groin Injury - Expected back 01 Jun,2025-05-25T13:00:08.397954Z
227,J.Virginia,8,1,a,,,,
228,Keane,8,2,a,100.0,100.0,,2024-12-06T10:30:07.770742Z
229,Maupay,8,4,u,0.0,0.0,Transferred to Marseille,2024-08-31T06:13:30.372925Z
230,McNeil,8,3,a,100.0,100.0,,2024-12-14T22:30:07.956313Z
231,Mykolenko,8,2,a,100.0,100.0,,2025-04-05T16:00:08.540143Z
232,Ndiaye,8,4,a,100.0,100.0,,2025-02-12T22:30:09.619740Z
234,Patterson,8,2,a,100.0,100.0,,2025-02-12T12:30:09.421305Z
235,Pickford,8,1,a,,,,
236,Tarkowski,8,2,i,0.0,0.0,Hamstring injury - Expected back 01 Jun,2025-04-19T21:00:07.561932Z
237,Y. Chermiti,8,4,a,100.0,100.0,,2025-01-04T19:30:08.340445Z
238,Young,8,2,a,100.0,100.0,,2024-12-23T10:00:08.166370Z
450,Alcaraz,8,3,a,100.0,100.0,,2025-02-28T11:07:29.233196Z
577,Lindstrøm,8,3,i,0.0,0.0,Groin Injury - Expected back 01 Jun,2025-04-04T12:00:09.306283Z
582,O'Brien,8,2,a,100.0,100.0,,2025-05-11T00:30:08.339199Z
603,Armstrong,8,3,u,0.0,0.0,Loaned to Derby County,2025-02-04T10:31:41.928684Z
614,Metcalfe,8,3,u,0.0,0.0,Season long loan to Chesterfield,2024-09-01T09:13:11.888586Z
624,Begovic,8,1,a,,,,
627,Dixon,8,2,a,,,,
651,Mangala,8,3,i,0.0,0.0,Knee injury - Expected back 01 Jun,2025-01-25T21:00:10.987581Z
678,Bates,8,3,a,,,,
724,Sherif,8,4,a,,,,
742,Moyes,8,5,a,,,,
773,Heath,8,3,a,,,,
775,Coby Ebere,8,3,a,,,,
803,Welch,8,2,a,,,,
10,Nelson,9,3,i,0.0,0.0,Hamstring injury - Expected back 01 Jun,2024-12-05T00:30:07.571778Z
19,Smith Rowe,9,3,a,100.0,100.0,,2025-04-21T04:30:07.475951Z
191,Andersen,9,2,a,100.0,100.0,,2024-12-20T17:00:08.228623Z
239,Adama,9,3,a,100.0,100.0,,2025-03-03T01:00:07.621217Z
240,Andreas,9,3,a,100.0,100.0,,2024-12-14T22:00:08.101494Z
241,Bassey,9,2,a,100.0,100.0,,2024-12-09T09:30:06.333045Z
242,Benda,9,1,a,,,,
243,Cairney,9,3,a,100.0,100.0,,2025-02-22T21:00:09.945910Z
244,Castagne,9,2,i,0.0,0.0,Ankle injury - Expected back 01 Jun,2025-05-07T22:00:07.863791Z
245,Diop,9,2,a,,,,
246,Harris,9,3,u,0.0,0.0,Season long loan to Birmingham City,2024-08-06T17:24:03.566492Z
247,Iwobi,9,3,a,,,,
248,Leno,9,1,a,,,,
249,Lukić,9,3,a,100.0,100.0,,2025-05-09T16:30:08.370879Z
250,Mbabu,9,2,u,0.0,0.0,Transferred to FC Midtjylland,2024-08-31T06:24:47.127908Z
251,Muniz,9,4,i,0.0,0.0,Achilles injury - Expected back 01 Jun,2025-04-21T04:30:07.731276Z
252,Raúl,9,4,a,,,,
253,Ream,9,2,u,0.0,0.0,Permanent transfer to Charlotte FC,2024-08-09T11:16:10.995330Z
254,Reed,9,3,i,0.0,0.0,Calf injury - Expected back 01 Jun,2025-05-04T12:00:08.026361Z
255,Robinson,9,2,a,100.0,100.0,,2025-05-16T14:00:08.406092Z
256,Stansfield,9,4,u,0.0,0.0,Transferred to Birmingham City,2024-08-31T09:25:38.042723Z
257,Tete,9,2,a,100.0,100.0,,2024-12-14T22:30:08.002508Z
258,Vinicius,9,4,a,100.0,100.0,,2024-09-13T15:30:06.747794Z
259,Wilson,9,3,a,100.0,100.0,,2025-01-27T01:00:08.787656Z
579,Sessegnon,9,2,a,100.0,100.0,,2024-11-29T14:30:06.735790Z
586,J.Cuenca,9,2,a,100.0,100.0,,2024-11-29T14:30:06.749491Z
604,King,9,3,a,,,,
605,Godo,9,3,a,,,,
622,Berge,9,3,a,100.0,100.0,,2024-12-23T10:00:08.707768Z
690,Amissah,9,2,a,,,,
753,Silva,9,5,a,,,,
772,Willian,9,3,a,,,,
121,Enciso,10,3,a,100.0,100.0,,2025-02-15T18:30:08.525864Z
260,Al-Hamadi,10,4,u,0.0,0.0,Loaned to Stoke City,2025-01-27T09:58:45.208139Z
261,Baggott,10,2,u,0.0,0.0,Season long loan to Blackpool,2024-08-07T08:20:38.133494Z
262,Broadhead,10,3,a,100.0,100.0,,2025-04-21T04:30:07.746088Z
263,Burgess,10,2,a,100.0,50.0,,2025-05-18T20:30:07.575686Z
264,Burns,10,3,i,0.0,0.0,Knee injury - Expected back 01 Jun,2025-01-25T21:00:10.042481Z
265,Chaplin,10,3,a,100.0,100.0,,2025-01-03T20:00:09.216849Z
266,H.Clarke,10,2,u,0.0,0.0,Loaned to Sheffield United,2025-02-03T10:21:05.274215Z
267,Davis,10,2,a,100.0,100.0,,2025-04-21T04:30:07.768773Z
268,Delap,10,4,a,100.0,100.0,,2025-04-12T05:30:06.621186Z
269,Edmundson,10,2,u,0.0,0.0,Loaned to Middlesbrough,2024-08-31T08:22:49.668219Z
270,Greaves,10,2,a,100.0,100.0,,2024-11-22T17:30:09.014564Z
271,Harness,10,3,u,0.0,0.0,Loaned to Derby County,2024-08-31T08:21:56.022360Z
272,Hirst,10,4,a,100.0,100.0,,2024-11-22T17:00:09.158802Z
273,Humphreys,10,3,u,0.0,0.0,Loaned to Wycombe,2024-08-23T12:39:48.370081Z
274,Hutchinson,10,3,a,100.0,100.0,,2025-04-03T01:00:08.022445Z
275,Johnson,10,2,a,100.0,100.0,,2025-04-26T17:30:07.919562Z
276,Ladapo,10,4,u,0.0,0.0,Mutual termination of contract,2024-08-31T06:23:26.859072Z
277,Luongo,10,3,a,100.0,100.0,,2024-12-25T22:30:08.205367Z
278,Morsy,10,3,a,100.0,100.0,,2025-02-15T18:30:08.820018Z
279,Ndaba,10,2,u,0.0,0.0,Permanent transfer to Kilmarnock,2024-08-01T06:52:12.954431Z
280,Slicker,10,1,a,,,,
281,Taylor,10,3,a,100.0,100.0,,2024-11-22T17:30:09.045912Z
282,Tuanzebe,10,2,a,100.0,100.0,,2025-04-27T12:00:08.227756Z
283,Walton,10,1,a,100.0,100.0,,2025-02-05T18:30:08.721535Z
284,Woolfenden,10,2,a,,,,
359,Phillips,10,3,i,0.0,0.0,Foot injury - Expected back 01 Jun,2025-05-16T14:00:08.553588Z
568,Muric,10,1,i,0.0,0.0,Shoulder injury - Expected back 01 Jun,2025-04-11T14:00:07.052575Z
569,Jaden,10,3,i,0.0,0.0,Knee injury - Expected back 01 Jun,2025-04-14T08:30:08.245702Z
583,Townsend,10,2,d,25.0,25.0,Hamstring injury - 25% chance of playing,2025-04-21T04:30:08.085211Z
611,Szmodics,10,3,a,100.0,75.0,,2025-03-06T03:00:08.694060Z
619,Cajuste,10,3,a,100.0,100.0,,2025-02-22T21:00:10.320626Z
630,O'Shea,10,2,a,100.0,100.0,,2024-10-18T17:30:07.558521Z
631,J.Clarke,10,3,a,,,,
632,Ogbene,10,3,i,0.0,0.0,Achilles injury - Expected back 01 Jun,2024-10-26T20:00:08.138345Z
715,Godfrey,10,2,a,,,,
743,McKenna,10,5,a,,,,
764,Palmer,10,1,a,,,,
799,Boniface,10,2,a,,,,
800,Tom Taylor,10,3,a,,,,
117,Buonanotte,11,3,a,100.0,100.0,,2025-04-27T12:00:08.078339Z
192,J.Ayew,11,3,a,100.0,100.0,,2024-12-27T00:30:09.361030Z
198,Edouard,11,4,a,100.0,100.0,,2025-01-04T19:30:08.259088Z
285,B.Soumaré,11,3,a,100.0,100.0,,2024-12-09T09:30:06.376244Z
286,Cannon,11,4,u,0.0,0.0,Loaned to Stoke City,2024-08-31T06:20:48.397195Z
287,Choudhury,11,3,u,0.0,0.0,Loaned to Sheffield United,2025-01-30T11:40:47.663636Z
288,Coady,11,2,a,100.0,100.0,,2024-08-12T14:30:04.626270Z
289,Daka,11,4,a,100.0,100.0,,2024-08-12T14:30:04.636525Z
290,De Cordova-Reid,11,3,i,0.0,0.0,Muscle injury - Expected back 01 Jun,2025-04-26T18:00:08.353099Z
291,Faes,11,2,a,100.0,100.0,,2025-04-11T00:00:08.480230Z
292,Golding,11,3,a,,,,
293,Hermansen,11,1,i,0.0,0.0,Groin Injury - Expected back 01 Jun,2025-05-01T12:00:08.105076Z
294,Iversen,11,1,a,,,,
295,Justin,11,2,a,100.0,100.0,,2025-02-15T16:00:09.207526Z
296,Kristiansen,11,2,a,100.0,100.0,,2025-02-10T09:30:07.256147Z
297,Marcal,11,3,u,0.0,0.0,Loaned to De Graafschap,2024-08-31T06:21:32.289998Z
298,Mavididi,11,3,i,0.0,0.0,Muscle injury - Expected back 01 Jun,2025-04-25T00:00:08.352936Z
299,McAteer,11,3,a,100.0,100.0,,2025-04-25T00:00:08.373849Z
300,Ndidi,11,3,a,100.0,100.0,,2024-12-09T09:30:06.387859Z
301,Okoli,11,2,a,100.0,100.0,,2025-02-22T02:00:07.447724Z
302,Ricardo,11,2,a,100.0,100.0,,2025-04-27T12:00:08.247138Z
303,Souttar,11,2,u,0.0,0.0,Season long loan to Sheffield United,2024-08-07T08:21:01.638839Z
304,Stolarczyk,11,1,a,100.0,100.0,,2024-07-25T11:00:04.015354Z
305,Thomas,11,2,a,,,,
306,Vardy,11,4,a,100.0,0.0,,2025-05-23T14:00:08.612311Z
307,Vestergaard,11,2,a,100.0,100.0,,2025-02-10T09:30:07.295426Z
308,Ward,11,1,a,,,,
309,Winks,11,3,a,100.0,100.0,,2024-11-23T17:30:08.809600Z
501,Skipp,11,3,a,,,,
570,A.Fatawu,11,3,i,0.0,0.0,Knee injury - Expected back 01 Jun,2024-11-21T10:30:09.372550Z
606,Alves,11,3,u,0.0,0.0,Loaned to Cardiff City,2025-02-03T18:00:25.183771Z
616,Nelson,11,2,u,0.0,0.0,Loaned to Oxford United,2024-08-31T06:22:31.067773Z
635,El Khannouss,11,3,a,,,,
694,Cartwright,11,3,a,,,,
708,Wilson-Brown,11,2,u,0.0,0.0,Loaned to Kilmarnock,2025-02-04T10:30:57.487547Z
726,Coulibaly,11,2,a,,,,
754,Van Nistelrooy,11,5,a,,,,
792,Monga,11,3,a,100.0,100.0,,2025-04-12T20:00:08.688134Z
796,Olabade Aluko,11,2,a,,,,
797,Jake Evans,11,3,a,,,,
802,Braybrooke,11,3,a,,,,
310,A.Becker,12,1,a,100.0,100.0,,2025-03-22T01:00:07.863924Z
311,Alexander-Arnold,12,2,a,100.0,100.0,,2025-03-12T11:30:07.218287Z
312,Bajcetic,12,3,u,0.0,0.0,Loaned to RB Salzburg,2024-08-31T06:19:45.092198Z
313,Bradley,12,2,a,100.0,100.0,,2025-04-27T22:30:08.305429Z
315,Clark,12,3,u,0.0,0.0,Transferred to RB Salzburg,2024-08-22T11:22:35.466323Z
316,Darwin,12,4,a,100.0,100.0,,2025-01-31T15:00:09.018032Z
317,Diogo J.,12,3,a,100.0,100.0,,2025-01-17T11:30:07.995744Z
318,Doak,12,3,u,0.0,0.0,Loaned to Middlesbrough,2024-08-31T06:17:31.171503Z
319,Elliott,12,3,a,100.0,100.0,,2024-09-08T23:00:06.842081Z
320,Endo,12,3,a,,,,
321,Gakpo,12,4,a,100.0,100.0,,2025-03-06T00:00:09.307224Z
322,Gomez,12,2,a,100.0,100.0,,2025-02-12T12:30:09.561757Z
323,Gravenberch,12,3,s,0.0,100.0,Suspended until 23 Aug,2025-05-25T18:00:07.664729Z
324,Jones,12,3,a,100.0,100.0,,2025-02-12T22:30:09.769827Z
325,Kelleher,12,1,a,,,,
326,Konaté,12,2,a,100.0,100.0,,2024-11-28T10:30:07.514061Z
327,Luis Díaz,12,3,a,100.0,100.0,,2025-01-17T11:30:08.018487Z
328,M.Salah,12,3,a,,,,
329,Mac Allister,12,3,i,0.0,0.0,Lack of match fitness - Expected back 16 Aug,2025-05-19T23:30:07.967116Z
330,McConnell,12,3,a,100.0,100.0,,2024-09-10T11:24:32.362482Z
331,Morton,12,3,a,100.0,100.0,,2025-02-07T16:30:07.536970Z
332,N.Phillips,12,2,u,0.0,0.0,Loaned to Derby County,2024-08-31T06:18:33.693343Z
333,Quansah,12,2,a,100.0,100.0,,2024-08-23T09:30:06.099816Z
334,R.Williams,12,2,u,0.0,0.0,Loaned to Morecambe,2024-08-22T11:18:16.485954Z
335,Robertson,12,2,a,,,,
336,Szoboszlai,12,3,a,100.0,100.0,,2024-12-27T00:30:09.581631Z
337,Tsimikas,12,2,a,100.0,100.0,,2024-11-25T09:30:07.571904Z
339,Virgil,12,2,a,,,,
636,Chiesa,12,3,a,100.0,100.0,,2024-12-26T10:30:09.366339Z
660,Jaros,12,1,a,,,,
669,Davies,12,1,a,,,,
688,Nyoni,12,3,a,,,,
692,Nallo,12,2,a,,,,
709,Danns,12,4,u,0.0,0.0,Loaned to Sunderland,2025-02-06T23:44:42.048875Z
744,Slot,12,5,a,,,,
340,Akanji,13,2,a,100.0,100.0,,2025-02-12T09:00:09.174095Z
341,Aké,13,2,a,100.0,100.0,,2025-03-01T21:30:09.703817Z
342,Bernardo,13,3,a,100.0,100.0,,2025-03-15T22:00:08.783379Z
343,Bobb,13,3,a,100.0,100.0,,2025-05-09T16:00:08.760594Z
344,Carson,13,1,a,,,,
345,De Bruyne,13,3,a,100.0,100.0,,2024-09-18T23:00:07.299083Z
346,Doku,13,3,a,100.0,100.0,,2025-01-23T00:00:08.182578Z
347,Ederson M.,13,1,a,100.0,100.0,,2025-04-12T20:00:08.389207Z
348,Foden,13,3,a,100.0,100.0,,2025-04-12T06:30:08.213792Z
349,Grealish,13,3,a,100.0,100.0,,2025-02-12T09:00:09.233925Z
350,Gvardiol,13,2,a,100.0,100.0,,2024-10-31T02:30:07.426838Z
351,Haaland,13,4,a,100.0,100.0,,2025-03-30T21:00:08.779885Z
352,J.Alvarez,13,4,u,0.0,0.0,Transferred to Atletico Madrid,2024-08-13T07:07:51.627006Z
353,João Cancelo,13,2,u,0.0,0.0,Permanent transfer to Saudi club Al-Hilal,2024-08-29T11:05:25.670531Z
354,Kovačić,13,3,a,100.0,0.0,,2025-05-21T00:00:08.373244Z
355,Lewis,13,2,a,100.0,100.0,,2024-12-07T21:30:08.281236Z
356,Matheus N.,13,3,a,100.0,100.0,,2024-12-21T22:00:08.310190Z
357,McAtee,13,3,a,,,,
358,Ortega Moreno,13,1,a,,,,
360,Rodrigo,13,3,a,100.0,100.0,,2024-09-22T22:00:05.633631Z
361,Rúben,13,2,a,100.0,100.0,,2025-01-23T00:00:08.203274Z
362,Stones,13,2,i,0.0,0.0,Thigh injury - Expected back 01 Jun,2025-02-21T13:30:09.715292Z
363,Walker,13,2,u,0.0,0.0,Loaned to Milan,2025-01-27T09:56:49.234718Z
571,Savinho,13,3,a,100.0,100.0,,2024-10-31T02:30:07.756984Z
607,O’Reilly,13,3,a,100.0,100.0,,2024-11-13T15:30:08.718593Z
625,Gündogan,13,3,a,,,,
626,Kaboré,13,2,u,0.0,0.0,Loaned to Benfica,2024-09-05T10:37:05.659734Z
671,Wright,13,3,u,0.0,0.0,Loaned to Norwich City,2025-02-05T21:04:28.321130Z
672,Simpson-Pusey,13,2,a,100.0,100.0,,2024-11-13T15:30:08.805382Z
675,Wilson-Esbrand,13,2,u,0.0,0.0,Loaned to Stoke City,2025-01-24T10:47:24.891848Z
698,Mubama,13,4,a,,,,
703,Alleyne,13,2,a,,,,
704,Brits,13,1,a,,,,
732,Khusanov,13,2,a,,,,
733,Vitor Reis,13,2,a,,,,
736,Guardiola,13,5,a,,,,
755,Marmoush,13,4,a,,,,
765,N.Gonzalez,13,3,a,,,,
785,Echeverri,13,3,a,,,,
364,Amad,14,3,a,100.0,100.0,,2025-02-15T18:30:08.930349Z
365,Antony,14,3,u,0.0,0.0,Loaned to Real Betis,2025-01-27T09:58:14.449507Z
366,B.Fernandes,14,3,a,100.0,100.0,,2024-12-27T00:30:09.652602Z
367,Bayindir,14,1,a,100.0,100.0,,2025-02-14T14:30:08.406927Z
368,Casemiro,14,3,a,100.0,100.0,,2024-11-10T23:00:08.039181Z
369,Dalot,14,2,a,100.0,100.0,,2025-04-25T13:30:08.377875Z
370,Eriksen,14,3,a,100.0,100.0,,2024-11-01T10:30:06.566158Z
371,Evans,14,2,a,100.0,100.0,,2025-01-14T12:00:08.993380Z
372,Garnacho,14,3,a,100.0,100.0,,2024-10-07T15:30:06.108745Z
373,Hannibal,14,3,u,0.0,0.0,Permanent move to Burnley,2024-08-30T09:47:42.727251Z
374,Heaton,14,1,a,100.0,100.0,,2025-02-21T15:00:09.688681Z
375,Højlund,14,4,a,100.0,100.0,,2024-08-05T15:00:04.427374Z
376,Lindelof,14,2,a,100.0,100.0,,2024-12-20T17:00:08.474761Z
377,Maguire,14,2,a,100.0,100.0,,2025-03-06T00:00:09.433208Z
378,Mainoo,14,3,a,100.0,100.0,,2025-02-17T10:00:09.757660Z
379,Malacia,14,2,u,0.0,0.0,Loaned to PSV,2025-02-05T21:04:06.513546Z
380,Martinez,14,2,i,0.0,0.0,Knee injury - Expected back 01 Jun,2025-02-03T02:00:08.575069Z
381,McTominay,14,3,u,0.0,0.0,Transferred to Napoli,2024-08-31T06:16:49.087133Z
382,Mount,14,3,a,100.0,100.0,,2024-12-16T09:30:07.044661Z
383,Onana,14,1,a,,,,
384,Pellistri,14,3,u,0.0,0.0,Transferred to Panathinaikos,2024-08-22T11:21:35.952901Z
387,Shaw,14,2,a,100.0,100.0,,2025-03-31T14:00:06.529907Z
389,Zirkzee,14,4,a,100.0,100.0,,2025-04-14T08:30:08.062326Z
572,Yoro,14,2,a,100.0,100.0,,2025-05-11T23:00:09.478063Z
593,De Ligt,14,2,d,50.0,50.0,Knock - 50% chance of playing,2025-05-05T07:30:08.631016Z
594,Mazraoui,14,2,a,100.0,100.0,,2025-01-23T23:30:09.029563Z
613,Collyer,14,3,a,100.0,100.0,,2025-04-11T00:00:08.945658Z
648,Wheatley,14,4,u,0.0,0.0,Loaned to Walsall,2025-01-27T09:59:58.864124Z
652,Ugarte,14,3,a,100.0,100.0,,2025-03-06T00:00:09.853102Z
658,Heaven,14,2,a,100.0,100.0,,2025-04-18T15:30:08.283369Z
667,Fletcher,14,3,a,,,,
670,Amass,14,2,a,,,,
673,Fitzgerald,14,3,a,,,,
691,Kukonki,14,2,a,,,,
745,Amorim,14,5,a,,,,
761,Harrison,14,1,a,,,,
766,Dorgu,14,2,a,100.0,100.0,,2025-02-27T08:00:10.469576Z
776,Obi,14,4,a,,,,
777,Fredricson,14,2,a,,,,
778,Moorhouse,14,3,a,,,,
779,Koné,14,3,a,,,,
783,Graczyk,14,1,a,,,,
788,Dermot Mee,14,1,a,,,,
390,A.Murphy,15,2,u,0.0,0.0,Loaned to Bolton Wanderers,2025-01-22T10:15:51.022032Z
391,Almirón,15,3,u,0.0,0.0,Loaned to Atlanta United,2025-02-03T10:23:53.692418Z
392,Barnes,15,3,a,100.0,100.0,,2025-01-12T22:00:08.256604Z
393,Botman,15,2,a,100.0,100.0,,2025-05-11T23:00:09.195752Z
394,Bruno G.,15,3,a,100.0,100.0,,2024-11-26T02:30:08.074203Z
395,Burn,15,2,a,100.0,100.0,,2025-02-10T09:30:07.448812Z
396,Dúbravka,15,1,a,100.0,100.0,,2024-10-02T00:30:05.687323Z
398,Gordon,15,3,a,100.0,100.0,,2025-03-03T01:00:07.799534Z
399,Hall,15,2,i,0.0,0.0,Foot injury - Expected back 01 Jun,2025-03-03T01:00:07.813261Z
400,Hayden,15,3,u,0.0,0.0,Loaned to Portsmouth,2025-01-17T11:53:46.314664Z
401,Isak,15,4,a,100.0,75.0,,2025-05-18T20:30:07.718991Z
402,J.Murphy,15,3,a,100.0,100.0,,2025-01-13T14:00:09.130787Z
403,Joelinton,15,3,i,0.0,0.0,Knee injury - Expected back 01 Jun,2025-04-27T12:00:08.326979Z
404,Kelly,15,2,u,0.0,0.0,Loaned to Juventus,2025-02-04T10:29:36.512234Z
405,Krafth,15,2,a,100.0,100.0,,2024-11-11T16:00:06.953415Z
406,Kuol,15,3,a,,,,
407,Lascelles,15,2,a,100.0,100.0,,2024-07-17T13:30:05.035452Z
408,Lewis,15,2,u,0.0,0.0,Loaned to  Sao Paulo,2024-09-05T10:35:35.180344Z
409,Livramento,15,2,a,100.0,100.0,,2024-12-27T02:00:09.792616Z
410,Longstaff,15,3,a,,,,
411,Miley,15,3,a,100.0,100.0,,2024-07-17T13:30:05.048462Z
412,Odysseas,15,1,a,,,,
413,Pope,15,1,a,100.0,100.0,,2024-12-13T11:30:08.088931Z
414,Ruddy,15,1,a,,,,
415,Schär,15,2,a,100.0,100.0,,2025-05-05T07:30:08.372746Z
416,Targett,15,2,d,50.0,50.0,Hamstring injury - 50% chance of playing,2025-04-27T12:00:08.343603Z
417,Tonali,15,3,a,100.0,100.0,,2024-07-17T13:30:05.060878Z
418,Trippier,15,2,a,100.0,50.0,,2025-05-09T10:30:06.643856Z
419,White,15,3,u,0.0,0.0,Loaned to MK Dons,2024-08-31T08:20:54.098792Z
420,Willock,15,3,a,100.0,100.0,,2025-05-11T23:30:09.348986Z
421,Wilson,15,4,a,100.0,100.0,,2024-12-12T11:30:08.753948Z
574,Pivas,15,2,u,0.0,0.0,Loaned to Willem II,2024-09-10T11:08:18.853575Z
590,Osula,15,4,a,,,,
746,Howe,15,5,a,,,,
789,Neave,15,4,a,,,,
26,Alex Moreno,16,2,a,100.0,100.0,,2025-04-01T21:30:07.812085Z
422,Aina,16,2,a,100.0,100.0,,2025-04-01T22:30:08.809939Z
423,Anderson,16,3,a,100.0,100.0,,2024-11-13T15:30:08.535910Z
424,Awoniyi,16,4,i,0.0,0.0,Abdominal injury - Expected back 01 Jun,2025-05-16T14:00:08.726296Z
425,Boly,16,2,a,100.0,100.0,,2024-09-11T12:30:07.170970Z
426,Bowler,16,3,u,0.0,0.0,Loaned to  Preston North End,2024-08-31T08:19:22.292913Z
427,C.Miguel,16,1,a,100.0,100.0,,2025-02-14T12:30:08.621523Z
428,Da Silva Moreira,16,3,a,,,,
429,Danilo,16,3,a,100.0,100.0,,2024-08-17T20:00:06.172553Z
430,Dennis,16,4,u,0.0,0.0,Loaned to Blackburn Rovers,2025-02-04T10:29:11.830830Z
431,Dominguez,16,3,a,100.0,100.0,,2024-12-21T21:30:08.505388Z
432,Elanga,16,3,a,100.0,100.0,,2025-04-05T20:30:07.053074Z
433,Gibbs-White,16,3,a,100.0,100.0,,2025-03-30T02:00:09.046182Z
434,Hudson-Odoi,16,3,a,100.0,100.0,,2025-05-01T23:00:08.500281Z
435,Mighten,16,3,u,0.0,0.0,Season long loan to Port Vale,2024-08-29T11:09:56.647313Z
436,Murillo,16,2,a,100.0,75.0,,2025-05-23T14:00:08.714469Z
437,N.Williams,16,2,a,,,,
438,O.Richards,16,2,u,0.0,0.0,Loaned to Rio Ave,2024-08-22T11:19:23.101534Z
439,O'Brien,16,3,u,0.0,0.0,On loan to Los Angeles Football Club for the rest of the season,2024-08-01T07:01:57.624673Z
440,Omobamidele,16,2,u,0.0,0.0,Loaned to Strasbourg,2025-01-27T09:57:41.248653Z
441,Panzo,16,2,u,0.0,0.0,On a season long loan to Rio Ave,2024-07-18T09:44:17.568948Z
442,Sangaré,16,3,a,100.0,100.0,,2024-09-12T15:00:06.800627Z
443,Sels,16,1,a,100.0,100.0,,2024-10-12T11:00:07.468908Z
444,Toffolo,16,2,a,,,,
446,Ui-jo,16,4,u,0.0,0.0,Transferred to Alanyaspor,2024-09-10T11:39:20.038647Z
447,Wood,16,4,a,100.0,100.0,,2025-03-24T12:00:09.547312Z
448,Worrall,16,2,u,0.0,0.0,Transferred to Burnley,2024-08-26T10:09:19.430328Z
449,Yates,16,3,a,100.0,100.0,,2024-12-27T00:30:09.776071Z
573,Milenković,16,2,a,,,,
596,Jota Silva,16,3,a,100.0,100.0,,2024-11-01T10:30:06.942890Z
620,Sosa,16,3,a,,,,
653,Morato,16,2,a,,,,
706,Abbott,16,2,a,,,,
721,Hennessey,16,1,a,,,,
747,Nuno,16,5,a,,,,
14,Ramsdale,17,1,a,100.0,100.0,,2025-01-24T00:00:09.434398Z
27,Archer,17,4,a,,,,
188,Ugochukwu,17,3,a,100.0,100.0,,2025-04-03T09:30:07.026958Z
397,Fraser,17,3,a,100.0,100.0,,2025-01-31T16:00:09.299719Z
451,Amo-Ameyaw,17,3,u,0.0,0.0,Loaned to Strasbourg,2025-02-04T23:53:50.935089Z
452,Aribo,17,3,a,,,,
453,Armstrong,17,4,u,0.0,0.0,Loaned to West Bromwich Albion,2025-02-05T21:03:18.824040Z
454,Bazunu,17,1,u,0.0,0.0,Loaned to Standard Liège,2025-02-04T10:28:52.236829Z
455,Bednarek,17,2,d,25.0,25.0,Knee injury - 25% chance of playing,2025-05-18T20:30:07.797324Z
456,Bella-Kotchap,17,2,a,,,,
457,Bree,17,2,a,100.0,100.0,,2025-03-06T23:00:09.750819Z
458,Charles,17,3,u,0.0,0.0,Has joined Sheffield Wednesday on a season-long loan,2024-08-29T11:10:39.600629Z
459,Edozie,17,3,u,0.0,0.0,Loaned to Anderlecht,2024-09-10T11:28:17.403794Z
460,Edwards,17,2,u,0.0,0.0,Season-long loan to QPR,2025-01-06T22:34:19.628107Z
461,Harwood-Bellis,17,2,i,0.0,0.0,Ankle injury - Expected back 01 Jun,2025-05-18T20:30:07.810049Z
462,Kamaldeen,17,3,a,100.0,100.0,,2025-01-24T00:00:09.946289Z
463,Lallana,17,3,a,100.0,100.0,,2025-02-14T12:30:08.682021Z
464,Larios,17,2,a,100.0,100.0,,2024-11-29T12:00:07.896449Z
465,Lis,17,1,u,0.0,0.0,Transferred to Göztepe,2024-08-23T12:38:57.742902Z
466,Lumley,17,1,a,,,,
467,Manning,17,2,a,100.0,100.0,,2025-04-03T09:30:07.442210Z
468,Mara,17,4,u,0.0,0.0,Transferred to Strasbourg,2024-08-26T10:17:11.280625Z
469,McCarthy,17,1,a,,,,
470,Onuachu,17,4,a,100.0,100.0,,2025-04-27T12:00:08.363168Z
471,Smallbone,17,3,a,100.0,100.0,,2025-03-14T15:00:07.572220Z
472,Stephens,17,2,a,100.0,100.0,,2025-02-01T22:30:08.453428Z
473,Stewart,17,4,a,100.0,100.0,,2024-10-05T18:00:07.268831Z
474,Sugawara,17,2,a,100.0,100.0,,2024-10-20T11:00:06.390070Z
475,Taylor,17,2,a,100.0,100.0,,2025-04-11T00:00:08.771183Z
476,Walker-Peters,17,2,d,25.0,25.0,Illness - 25% chance of playing,2025-05-11T00:30:08.181283Z
477,Wood,17,2,a,100.0,100.0,,2025-01-31T16:00:09.413287Z
515,Cornet,17,3,u,0.0,0.0,Loaned to Genoa,2025-01-22T10:14:43.133544Z
518,Downes,17,3,a,100.0,100.0,,2025-04-02T22:00:08.792867Z
584,Brereton Díaz,17,3,u,0.0,0.0,Loaned to Sheffield United,2025-01-22T10:11:54.592530Z
608,Dibling,17,3,a,100.0,100.0,,2025-01-16T23:00:08.124193Z
623,M.Fernandes,17,3,a,100.0,100.0,,2024-12-30T09:30:07.304371Z
693,O'Brien-Whitmarsh,17,3,u,0.0,0.0,Loaned to Accrington Stanley,2025-02-04T10:28:24.963013Z
718,Welington,17,2,a,,,,
719,Kayi Sanda,17,2,a,,,,
734,Grønbæk,17,3,d,25.0,25.0,Achilles injury - 25% chance of playing,2025-05-23T14:00:08.950082Z
748,Rusk,17,5,a,100.0,100.0,,2025-04-15T20:27:42.298703Z
798,Jay Robinson,17,4,a,,,,
804,Moore,17,2,a,,,,
82,Solanke,18,4,a,100.0,100.0,,2025-05-01T23:00:07.858271Z
478,A.Phillips,18,2,u,0.0,0.0,Loaned to Stoke City,2024-08-26T10:10:07.966773Z
479,Austin,18,1,a,,,,
480,Bentancur,18,3,a,100.0,100.0,,2025-02-17T10:00:09.911033Z
481,Bergvall,18,3,i,0.0,0.0,Ankle injury - Expected back 01 Jun,2025-05-01T23:00:08.545135Z
482,Bissouma,18,3,a,100.0,50.0,,2025-05-24T20:00:08.632607Z
483,Bryan,18,3,u,0.0,0.0,On loan to Girona for the season,2024-07-31T11:08:25.895794Z
484,Davies,18,2,a,100.0,100.0,,2025-02-25T12:30:09.810172Z
485,Devine,18,3,u,0.0,0.0,Loaned to Westerlo,2024-09-10T11:37:22.522366Z
486,Dragusin,18,2,i,0.0,0.0,Knee injury - Expected back 01 Jun,2025-01-31T15:00:09.267677Z
487,E.Royal,18,2,u,0.0,0.0,Transferred to AC Milan,2024-08-13T07:06:12.490889Z
488,Forster,18,1,a,,,,
489,Gray,18,3,a,100.0,100.0,,2024-12-02T00:00:08.747842Z
490,Højbjerg,18,3,u,0.0,0.0,On loan to Marseille for the season,2024-07-23T11:58:08.802970Z
491,Johnson,18,3,a,100.0,100.0,,2025-01-17T15:00:07.684598Z
492,Kulusevski,18,3,i,0.0,0.0,Knee injury - Expected back 01 Jun,2025-05-11T23:00:09.341216Z
493,Lo Celso,18,3,u,0.0,0.0,Transferred to Real Betis,2024-08-31T06:14:45.936781Z
494,Maddison,18,3,i,0.0,0.0,Knee injury - Expected back 01 Jun,2025-05-01T23:00:08.579870Z
495,Pedro Porro,18,2,a,100.0,100.0,,2024-08-19T23:00:06.196679Z
496,Reguilón,18,2,a,,,,
497,Richarlison,18,4,a,100.0,100.0,,2025-04-02T14:30:08.597402Z
498,Romero,18,2,i,0.0,0.0,Toe Injury - Expected back 01 Jun,2025-05-24T20:00:08.677502Z
499,P.M.Sarr,18,3,a,100.0,100.0,,2025-01-24T00:00:10.023844Z
500,Scarlett,18,4,a,100.0,100.0,,2025-05-11T23:30:09.456975Z
502,Solomon,18,3,u,0.0,0.0,Season long loan to Leeds United,2024-08-29T11:11:30.036154Z
503,Son,18,3,d,25.0,25.0,Foot injury - 25% chance of playing,2025-05-24T20:00:08.711465Z
504,Spence,18,2,a,100.0,100.0,,2025-01-24T12:30:09.092907Z
505,Udogie,18,2,a,100.0,100.0,,2024-12-30T09:30:07.165603Z
506,Van de Ven,18,2,a,100.0,100.0,,2025-02-14T14:30:08.767065Z
507,Veliz,18,4,u,0.0,0.0,Loaned to Espanyol,2024-08-10T12:19:41.352153Z
508,Vicario,18,1,a,100.0,100.0,,2024-11-26T00:00:08.341528Z
509,Werner,18,3,d,25.0,25.0,Hamstring injury - 25% chance of playing,2025-05-24T20:00:08.728150Z
510,Whiteman,18,1,a,,,,
609,Lankshear,18,4,u,0.0,0.0,Loaned to West Bromwich Albion,2025-02-06T23:45:33.840689Z
610,Moore,18,3,a,100.0,100.0,,2024-11-07T09:00:08.150966Z
612,Odobert,18,3,a,100.0,100.0,,2024-10-30T12:00:07.631102Z
683,Olusesi,18,3,a,,,,
684,Hardy,18,2,a,,,,
689,Williams-Barnett,18,3,u,0.0,0.0,U18 team,2025-01-17T11:48:35.885884Z
699,Dorrington,18,2,u,0.0,0.0,Loaned to Aberdeen,2025-01-17T12:26:25.866937Z
700,King,18,2,a,,,,
716,Kinsky,18,1,a,,,,
717,Yang,18,3,u,0.0,0.0,Loaned to Queens Park Rangers,2025-02-03T10:24:52.232670Z
729,Ajayi,18,3,a,,,,
749,Postecoglou,18,5,a,,,,
760,Cassanova,18,2,a,,,,
767,Danso,18,2,a,100.0,100.0,,2025-03-12T22:00:09.466097Z
768,Tel,18,3,a,,,,
123,Ferguson,19,4,a,100.0,100.0,,2025-04-19T20:30:07.421417Z
388,Wan-Bissaka,19,2,a,100.0,100.0,,2025-04-17T16:00:08.340512Z
511,Álvarez,19,3,a,100.0,100.0,,2025-04-25T00:00:08.647370Z
512,Antonio,19,4,i,0.0,0.0,Leg injury - Unknown return date,2024-12-09T17:00:08.418178Z
513,Areola,19,1,a,100.0,100.0,,2025-01-16T22:00:08.950625Z
514,Bowen,19,3,a,100.0,100.0,,2024-12-30T09:30:07.187593Z
516,Coufal,19,2,a,100.0,100.0,,2025-02-21T03:30:10.428614Z
517,Cresswell,19,2,a,100.0,100.0,,2024-08-30T04:00:05.718151Z
519,Earthy,19,3,u,0.0,0.0,Loaned to Bristol City,2024-08-16T11:57:26.531525Z
520,Emerson,19,2,a,100.0,100.0,,2025-01-04T22:00:07.811285Z
521,Fabianski,19,1,a,100.0,100.0,,2024-12-27T02:00:09.942808Z
522,Foderingham,19,1,a,,,,
523,Ings,19,4,a,100.0,100.0,,2024-12-04T09:30:08.866937Z
524,Kilman,19,2,a,100.0,100.0,,2024-12-27T02:00:09.960422Z
525,Kudus,19,3,a,100.0,100.0,,2025-04-02T19:00:08.867939Z
526,L.Guilherme,19,3,a,,,,
527,L.Paquetá,19,3,a,100.0,100.0,,2025-02-21T03:30:10.447243Z
528,Mavropanos,19,2,a,100.0,100.0,,2025-01-18T19:00:08.794269Z
529,N.Aguerd,19,2,u,0.0,0.0,On loan to Real Sociedad for the season,2024-09-01T09:10:50.538029Z
530,Souček,19,3,a,100.0,100.0,,2024-12-27T00:30:09.920421Z
531,Ward-Prowse,19,3,a,100.0,100.0,,2024-10-25T22:30:06.650947Z
532,Zouma,19,2,u,0.0,0.0,On loan to Al-Orobah for the rest of the season,2024-09-02T10:44:47.323774Z
576,Irving,19,3,a,,,,
587,Summerville,19,3,i,0.0,0.0,Hamstring injury - Expected back 01 Jun,2025-01-11T01:30:09.528172Z
588,G.Rodríguez,19,3,a,100.0,100.0,,2024-12-27T00:30:09.990636Z
589,Füllkrug,19,4,a,100.0,100.0,,2025-01-11T01:30:09.545595Z
591,Todibo,19,2,a,100.0,100.0,,2025-01-04T22:00:07.950161Z
643,Casey,19,2,a,100.0,100.0,,2024-11-30T22:00:08.284898Z
654,C.Soler,19,3,a,100.0,100.0,,2024-12-27T02:00:10.148689Z
677,Scarles,19,2,a,,,,
686,Mayers,19,2,a,,,,
701,Orford,19,3,a,,,,
750,Potter,19,5,a,,,,
204,Johnstone,20,1,i,0.0,0.0,Knock - Unknown return date,2025-04-18T15:30:07.848146Z
533,Aït-Nouri,20,2,a,100.0,100.0,,2024-12-14T21:30:08.057496Z
534,B.Traore,20,3,a,100.0,100.0,,2025-01-14T13:30:09.399865Z
535,Bellegarde,20,3,a,100.0,100.0,,2025-04-14T08:30:08.180694Z
536,Bentley,20,1,a,,,,
537,Chiquinho,20,3,u,0.0,0.0,Season long loan to RCD Mallorca,2024-09-01T09:12:21.111329Z
538,Chirewa,20,3,u,0.0,0.0,Loaened to Derby County,2024-08-27T08:37:28.318365Z
539,Chiwome,20,4,i,0.0,0.0,Knee injury - Expected back 01 Jun,2025-02-05T18:30:09.160636Z
540,Cundle,20,3,u,0.0,0.0,Loaned to Millwall,2025-02-03T10:24:24.082682Z
541,Cunha,20,4,a,100.0,100.0,,2025-03-01T21:30:10.092930Z
542,Dawson,20,2,a,100.0,100.0,,2025-01-07T00:00:08.842045Z
543,Doherty,20,2,a,100.0,100.0,,2025-04-14T08:30:08.200855Z
544,Doyle,20,3,a,,,,
545,Fábio Silva,20,4,u,0.0,0.0,Season long loan to Las Palmas,2024-08-30T20:53:22.805927Z
546,Fraser,20,4,u,0.0,0.0,Loaned to Zulte Waregem,2024-08-26T10:19:49.301076Z
547,Gonzalez,20,3,i,0.0,0.0,Knee injury - Unknown return date,2024-08-05T15:00:04.514369Z
548,Guedes,20,3,a,100.0,100.0,,2025-02-22T21:30:09.805820Z
549,H.Bueno,20,2,u,0.0,0.0,Loaned to Feyenoord,2024-08-14T08:32:21.592368Z
550,Hee Chan,20,3,a,100.0,100.0,,2025-05-09T16:30:08.831398Z
551,Hodge,20,3,u,0.0,0.0,Season long to Huddersfield Town,2024-08-29T11:12:19.576028Z
552,Hoever,20,2,u,0.0,0.0,Loaned to Auxerre,2024-08-26T10:11:13.033350Z
553,J.Gomes,20,3,a,100.0,100.0,,2025-01-25T20:30:09.446646Z
554,José Sá,20,1,a,100.0,100.0,,2025-04-21T04:30:08.014170Z
555,Kalajdžić,20,4,i,0.0,0.0,Knee injury - Unknown return date,2024-08-22T10:59:37.463254Z
556,King,20,1,a,,,,
557,Mario Jr.,20,3,u,0.0,0.0,Loaned to Galatasaray,2025-02-06T23:46:06.386435Z
558,Mosquera,20,2,i,0.0,0.0,Knee injury - Expected back 01 Jun,2024-09-21T20:30:06.017799Z
559,N.Semedo,20,2,a,100.0,100.0,,2025-01-07T00:00:08.891873Z
561,Pedro Lima,20,2,a,100.0,100.0,,2025-04-11T14:00:07.039617Z
562,Podence,20,3,u,0.0,0.0,Transferred to Al-Shabab,2024-09-05T10:36:18.217223Z
563,R.Gomes,20,3,a,100.0,100.0,,2025-02-17T10:00:10.093003Z
564,S.Bueno,20,2,a,100.0,100.0,,2024-11-21T08:30:09.504880Z
565,Sarabia,20,3,a,100.0,100.0,,2024-12-06T10:30:08.162176Z
566,Strand Larsen,20,4,a,100.0,50.0,,2025-05-23T14:00:08.849362Z
567,Toti,20,2,a,100.0,100.0,,2024-12-30T09:30:07.264222Z
637,Meupiyou,20,2,a,100.0,100.0,,2024-09-15T23:00:06.387765Z
642,André,20,3,a,100.0,100.0,,2024-12-30T09:30:07.327372Z
655,Forbs,20,3,a,100.0,100.0,,2025-01-25T21:00:11.019183Z
664,Pond,20,2,a,,,,
682,Edozie,20,3,a,,,,
711,Okoduwa,20,2,a,,,,
720,Agbadou,20,2,a,100.0,100.0,,2025-02-17T10:00:10.280621Z
751,Pereira,20,5,a,,,,
769,Djiga,20,2,a,,,,
770,Munetsi,20,3,a,100.0,100.0,,2025-03-09T23:00:09.898129Z
784,Mané,20,4,a,,,,
