id,web_name,team,element_type,now_cost,total_points,value_season,value_rank,minutes
1,Fábio Vieira,1,3,54,0,0.0,302.5,0
2,G.Jesus,1,4,65,42,6.5,11.0,600
3,Gabriel,1,2,61,117,19.2,105.0,2363
4,Havertz,1,4,77,97,12.6,41.0,1872
5,Hein,1,1,40,0,0.0,63.5,0
6,J.Timber,1,2,55,114,20.7,87.0,2415
7,Jorginho,1,3,46,20,4.3,65.0,701
8,Kiwior,1,2,49,43,8.8,10.0,1117
9,Martinelli,1,3,65,125,19.2,128.0,2284
12,Nwaneri,1,3,43,66,15.3,161.5,882
13,Ødegaard,1,3,82,116,14.1,173.0,2321
15,Raya,1,1,56,142,25.4,14.0,3420
16,Rice,1,3,63,127,20.2,111.0,2823
17,Saka,1,3,104,127,12.2,184.0,1724
18,Saliba,1,2,64,130,20.3,89.0,3039
20,Thomas,1,3,49,108,22.0,101.0,2793
21,Tierney,1,2,43,27,6.3,33.5,250
22,Tomiyasu,1,2,48,1,0.2,189.5,6
23,Trossard,1,3,67,152,22.7,97.0,2546
24,White,1,2,62,50,8.1,14.5,1195
25,Zinchenko,1,2,48,40,8.3,13.0,518
73,Neto,1,1,41,7,1.7,39.0,180
186,Sterling,1,3,67,26,3.9,72.0,490
578,Calafiori,1,2,58,39,6.7,29.5,978
597,Lewis-Skelly,1,3,45,37,8.2,20.5,1362
633,Merino,1,3,60,92,15.3,161.5,1575
638,Oulad M'hand,1,3,45,0,0.0,302.5,0
639,Setford,1,1,45,0,0.0,63.5,0
657,Kacurri,1,2,40,0,0.0,232.0,0
659,Kabia,1,3,45,0,0.0,302.5,0
662,Nichols,1,2,40,0,0.0,232.0,0
665,Butler-Oyedeji,1,4,45,1,0.2,60.0,6
735,Arteta,1,5,15,104,69.3,8.0,0
756,Porter,1,1,40,0,0.0,63.5,0
790,Gower,1,3,45,0,0.0,302.5,0
793,Jack Henry-Francis,1,3,45,0,0.0,302.5,0
801,Clarke,1,2,40,0,0.0,232.0,0
28,Bailey,2,3,62,47,7.6,30.0,1132
29,Barkley,2,3,52,44,8.5,17.0,567
30,Barrenechea,2,3,49,0,0.0,302.5,0
31,Buendia,2,3,51,11,2.2,122.0,89
32,Cash,2,2,44,76,17.3,113.5,2069
33,Dendoncker,2,3,45,0,0.0,302.5,0
34,Diaby,2,3,65,0,0.0,302.5,0
35,Diego Carlos,2,2,45,21,4.7,41.5,828
36,Digne,2,2,44,89,20.2,90.0,2348
37,Dobbin,2,3,50,0,0.0,302.5,0
38,Duran,2,4,57,53,9.3,4.0,622
39,Gauci,2,1,40,0,0.0,63.5,0
40,Hause,2,2,39,0,0.0,232.0,0
41,Iling Jr,2,3,54,0,0.0,302.5,0
42,Kamara,2,3,50,57,11.4,194.0,1720
43,Kesler-Hayden,2,2,40,0,0.0,232.0,0
44,Konsa,2,2,45,103,22.9,77.0,2936
45,Maatsen,2,2,45,57,12.7,138.0,1125
46,Marschall,2,1,40,0,0.0,63.5,0
47,Martinez,2,1,50,111,22.2,19.0,3195
48,McGinn,2,3,52,78,15.0,165.5,2217
49,Mings,2,2,44,47,10.7,150.5,1119
50,Nedeljkovic,2,2,39,5,1.3,162.0,121
51,Olsen,2,1,45,9,2.0,29.5,225
52,Pau,2,2,42,55,13.1,131.0,2019
53,Ramsey,2,3,54,66,12.2,184.0,1616
54,Rogers,2,3,58,161,27.8,82.5,3115
55,Sinisalo,2,1,40,0,0.0,63.5,0
56,Sousa,2,2,40,0,0.0,232.0,0
57,Tielemans,2,3,55,121,22.0,101.0,3025
58,Watkins,2,4,92,186,20.2,32.0,2593
167,Disasi,2,2,42,33,7.9,18.0,851
233,Onana,2,3,48,65,13.5,180.0,1613
385,Rashford,2,3,66,95,14.4,170.5,1414
598,Bogarde,2,2,39,6,1.5,159.5,473
640,Swinkels,2,2,40,0,0.0,232.0,0
641,Zych,2,1,40,0,0.0,63.5,0
656,Young,2,3,44,0,0.0,302.5,0
679,Broggio,2,3,45,0,0.0,302.5,0
710,Jimoh,2,3,45,0,0.0,302.5,0
725,Malen,2,3,53,34,6.4,41.0,296
731,A. Garcia,2,2,45,8,1.8,157.0,316
737,Emery,2,5,8,105,131.2,17.0,0
762,M.Asensio,2,3,60,44,7.3,34.0,740
59,Aarons,3,2,43,8,1.9,156.0,84
60,Adams,3,3,49,58,11.8,189.5,1959
61,Anthony,3,3,45,0,0.0,302.5,0
62,Brooks,3,3,49,52,10.6,201.0,941
63,Christie,3,3,48,76,15.8,157.5,2114
64,Cook,3,3,50,82,16.4,154.5,2976
65,Enes Ünal,3,4,54,32,5.9,13.0,330
66,Faivre,3,3,50,0,0.0,302.5,0
67,H.Traorè,3,3,45,0,0.0,302.5,0
68,Hill,3,2,39,17,4.4,44.0,443
69,Jebbison,3,4,45,20,4.4,18.0,105
70,Kerkez,3,2,53,134,25.3,65.5,3336
71,Kluivert,3,3,59,158,26.8,85.0,2339
72,Mepham,3,2,44,0,0.0,232.0,0
74,O.Dango,3,3,45,111,24.7,89.0,1998
75,Paulsen,3,1,40,0,0.0,63.5,0
76,Philip,3,3,48,10,2.1,123.5,176
77,Scott,3,3,47,26,5.5,53.0,745
78,Semenyo,3,3,57,165,28.9,77.5,3202
79,Senesi,3,2,46,31,6.7,29.5,1103
80,Sinisterra,3,3,48,23,4.8,60.0,229
81,Smith,3,2,44,57,13.0,132.0,1586
83,Tavernier,3,3,54,87,16.1,156.0,1932
84,Travers,3,1,44,19,4.3,5.5,450
85,Zabarnyi,3,2,44,94,21.4,83.0,3109
152,Arrizabalaga,3,1,46,106,23.0,16.5,2790
580,Huijsen,3,2,45,104,23.1,76.0,2422
592,J.Araujo,3,2,43,12,2.8,95.0,492
599,Dennis,3,1,39,0,0.0,63.5,0
617,Evanilson,3,4,59,128,21.7,31.0,2317
680,Kinsey,3,2,40,0,0.0,232.0,0
687,Winterburn,3,3,45,4,0.9,229.5,22
702,Harris,3,2,40,0,0.0,232.0,0
707,Rees-Dottin,3,4,45,1,0.2,60.0,1
712,Akinmboni,3,2,40,0,0.0,232.0,0
713,Soler,3,2,39,3,0.8,171.0,9
722,Adu-Adjei,3,4,45,0,0.0,75.5,0
723,Sadi,3,3,45,0,0.0,302.5,0
727,McKenna,3,1,40,0,0.0,63.5,0
728,Silcott-Duberry,3,3,45,1,0.2,251.0,1
738,Iraola,3,5,11,82,74.5,6.0,0
86,Ajer,4,2,44,39,8.9,9.0,1433
87,Brierley,4,3,44,0,0.0,302.5,0
88,Collins,4,2,46,127,27.6,60.0,3420
89,Damsgaard,4,3,49,131,26.7,86.0,2911
90,Dasilva,4,3,48,0,0.0,302.5,0
91,Flekken,4,1,45,138,30.7,8.0,3275
92,Henry,4,2,43,4,0.9,168.5,94
93,Hickey,4,2,43,0,0.0,232.0,0
94,Janelt,4,3,48,73,15.2,163.0,2251
95,Jensen,4,3,53,38,7.2,35.5,846
96,Ji-soo,4,2,39,3,0.8,171.0,28
97,Konak,4,3,44,10,2.3,120.0,53
98,Lewis-Potter,4,3,50,94,18.8,132.0,3092
99,Mbeumo,4,3,83,236,28.4,80.0,3415
100,Mee,4,2,42,9,2.1,102.0,180
101,Nørgaard,4,3,48,107,22.3,98.0,2820
102,Onyeka,4,3,49,2,0.4,241.5,23
103,Peart-Harris,4,3,45,0,0.0,302.5,0
104,Pinnock,4,2,44,47,10.7,150.5,1912
105,Roerslev,4,2,43,36,8.4,12.0,1100
106,Schade,4,3,53,149,28.1,81.0,2281
107,Thiago,4,4,59,9,1.5,49.0,167
108,Toney,4,4,73,0,0.0,75.5,0
109,Valdimarsson,4,1,39,2,0.5,40.5,144
110,Wissa,4,4,69,185,26.8,23.0,2921
111,Yarmoliuk,4,3,43,43,10.0,209.5,1435
112,Zanka,4,2,45,0,0.0,232.0,0
314,Carvalho,4,3,45,35,7.8,26.5,443
338,Van den Berg,4,2,41,62,15.1,123.0,2584
602,Trevitt,4,3,44,1,0.2,251.0,3
634,G.Nunes,4,3,49,3,0.6,233.0,11
649,Meghoma,4,2,40,1,0.2,189.5,4
661,Yogane,4,3,45,0,0.0,302.5,0
674,Maghoma,4,3,45,8,1.8,215.0,112
705,Arthur,4,2,40,0,0.0,232.0,0
752,Frank,4,5,8,116,145.0,15.0,0
757,Kayode,4,2,45,27,6.0,35.5,523
759,Eyestone,4,1,40,0,0.0,63.5,0
780,Morgan,4,4,45,0,0.0,75.5,0
786,Benjamin Fredrick,4,2,40,0,0.0,232.0,0
113,Adingra,5,3,51,60,11.8,189.5,1081
114,Baker-Boaitey,5,3,45,0,0.0,302.5,0
115,Baleba,5,3,50,87,17.4,144.0,2660
116,Barco,5,2,40,0,0.0,232.0,0
118,Cozier-Duberry,5,3,45,0,0.0,302.5,0
119,Dahoud,5,3,49,0,0.0,302.5,0
120,Dunk,5,2,42,44,10.5,152.5,2081
122,Estupiñan,5,2,49,63,12.9,135.0,2399
124,Gilmour,5,3,50,3,0.6,233.0,97
125,Gross,5,3,65,0,0.0,302.5,0
126,Hinshelwood,5,3,49,89,18.2,137.5,1839
127,I.Osman,5,3,50,0,0.0,302.5,0
128,Igor,5,2,43,18,4.2,46.5,959
129,João Pedro,5,4,55,126,22.9,27.0,1946
130,Kozlowski,5,3,45,0,0.0,302.5,0
131,Lamptey,5,2,44,42,9.5,4.0,856
132,March,5,3,65,7,1.1,225.5,161
133,Mazilu,5,3,45,0,0.0,302.5,0
134,Milner,5,3,50,6,1.2,223.5,170
135,Minteh,5,3,48,102,21.2,105.0,1831
136,Mitoma,5,3,63,145,23.0,95.0,2597
137,Moder,5,3,44,4,0.9,229.5,9
138,O’Mahony,5,4,45,0,0.0,75.5,0
139,Offiah,5,2,40,0,0.0,232.0,0
140,Peupion,5,3,44,0,0.0,302.5,0
141,Sarmiento,5,3,49,1,0.2,251.0,8
142,Steele,5,1,40,9,2.2,28.0,180
143,Undav,5,4,55,0,0.0,75.5,0
144,Van Hecke,5,2,45,87,19.3,104.0,2960
145,Veltman,5,2,43,59,13.7,129.0,1694
146,Verbruggen,5,1,45,103,22.9,18.0,3240
147,Webster,5,2,43,39,9.1,7.0,885
148,Welbeck,5,4,55,125,22.7,28.0,2109
149,Wieffer,5,3,47,52,11.1,196.0,1003
595,Gruda,5,3,54,45,8.3,19.0,676
600,Ayari,5,3,50,74,14.8,167.0,1958
601,Moran,5,3,50,0,0.0,302.5,0
615,Rushworth,5,1,39,0,0.0,63.5,0
618,Georginio,5,3,50,95,19.0,129.5,1651
628,F.Kadıoğlu,5,2,44,19,4.3,45.0,385
629,O'Riley,5,3,55,50,9.1,10.0,929
663,Samuels,5,2,40,0,0.0,232.0,0
668,Cahill,5,1,39,0,0.0,63.5,0
681,McConville,5,2,40,0,0.0,232.0,0
685,Slater,5,2,40,0,0.0,232.0,0
714,Gómez,5,3,55,30,5.5,53.0,507
739,Hürzeler,5,5,11,119,108.2,18.0,0
758,Knight,5,3,45,0,0.0,302.5,0
763,Cashin,5,2,45,1,0.2,189.5,19
791,Charlie Tasker,5,2,40,0,0.0,232.0,0
794,Freddie Simmonds,5,2,40,0,0.0,232.0,0
795,Harry Howell,5,3,45,1,0.2,251.0,6
150,Andrey Santos,6,3,45,0,0.0,302.5,0
151,Ângelo,6,3,45,0,0.0,302.5,0
153,B.Badiashile,6,2,42,7,1.7,158.0,332
154,Bergström,6,1,39,0,0.0,63.5,0
155,Bettinelli,6,1,39,0,0.0,63.5,0
157,Caicedo,6,3,49,98,20.0,113.5,3351
158,Casadei,6,3,44,0,0.0,302.5,0
159,Chalobah,6,2,44,93,21.1,85.0,1969
161,Chukwuemeka,6,3,47,0,0.0,302.5,0
162,Colwill,6,2,44,109,24.8,68.0,3150
163,Cucurella,6,2,54,133,24.6,70.0,2988
164,D.D.Fofana,6,4,54,0,0.0,75.5,0
165,Deivid,6,4,49,0,0.0,75.5,0
166,Dewsbury-Hall,6,3,55,18,3.3,75.0,257
168,Enzo,6,3,47,135,28.7,79.0,2943
169,Gallagher,6,3,59,0,0.0,302.5,0
170,Gilchrist,6,2,40,0,0.0,232.0,0
171,Gusto,6,2,49,60,12.2,141.0,1853
172,James,6,2,48,54,11.2,146.5,1057
173,Kellyman,6,3,43,0,0.0,302.5,0
174,Lavia,6,3,45,26,5.8,49.0,792
175,Lukaku,6,4,63,0,0.0,75.5,0
176,M.Sarr,6,2,45,0,0.0,232.0,0
177,Madueke,6,3,60,120,20.0,113.5,2028
178,Marc Guiu,6,4,47,3,0.6,55.0,71
179,Mudryk,6,3,61,7,1.1,225.5,145
180,N.Jackson,6,4,77,121,15.7,38.0,2220
181,Nkunku,6,3,57,60,10.5,203.0,904
182,Palmer,6,3,105,214,20.4,109.0,3193
183,Petrović,6,1,44,0,0.0,63.5,0
184,Renato Veiga,6,3,44,7,1.6,217.5,176
185,Sánchez,6,1,45,126,28.0,13.0,2880
187,Tosin,6,2,42,71,16.9,116.0,1403
189,W.Fofana,6,2,43,26,6.0,35.5,1172
386,Sancho,6,3,62,86,13.9,178.0,1754
560,Neto,6,3,61,104,17.0,147.0,2262
575,Wiley,6,2,40,0,0.0,232.0,0
581,Jørgensen,6,1,42,18,4.3,5.5,540
621,João Félix,6,3,59,24,4.1,68.0,362
695,Rak-Sakyi,6,3,45,0,0.0,302.5,0
696,George,6,3,45,17,3.8,73.0,177
697,Acheampong,6,2,40,4,1.0,165.5,168
740,Maresca,6,5,15,94,62.7,10.0,0
771,Amougou,6,3,45,1,0.2,251.0,7
774,Anselmino,6,2,40,0,0.0,232.0,0
781,Mheuka,6,4,45,1,0.2,60.0,1
782,Samuels-Smith,6,2,40,0,0.0,232.0,0
787,Genesis Antwi,6,2,40,0,0.0,232.0,0
11,Nketiah,7,4,59,53,9.0,5.0,1018
160,Chilwell,7,2,46,13,2.8,95.0,254
190,Ahamada,7,3,45,0,0.0,302.5,0
193,C.Doucouré,7,3,48,19,4.0,69.5,443
194,C.Richards,7,2,44,68,15.5,121.0,1921
195,Chadi Riad,7,2,43,1,0.2,189.5,90
196,Clyne,7,2,43,18,4.2,46.5,477
197,Ebiowei,7,3,45,0,0.0,302.5,0
199,Eze,7,3,70,148,21.1,106.5,2588
200,Guéhi,7,2,47,116,24.7,69.0,3059
201,Henderson,7,1,46,135,29.3,11.0,3420
202,Holding,7,2,42,0,0.0,232.0,0
203,Hughes,7,3,49,67,13.7,179.0,2100
205,Kamada,7,3,51,45,8.8,13.0,1545
206,Lerma,7,3,48,58,12.1,186.5,2270
207,Mateta,7,4,75,150,20.0,33.0,2642
208,M.França,7,3,44,9,2.0,125.0,52
209,Matthews,7,1,39,0,0.0,63.5,0
210,Mitchell,7,2,48,123,25.6,64.0,3090
211,Muñoz,7,2,52,142,27.3,62.0,3229
212,Ozoh,7,3,45,0,0.0,302.5,0
213,Rak-Sakyi,7,3,45,0,0.0,302.5,0
214,Schlupp,7,3,46,12,2.6,117.0,95
215,Ward,7,2,43,1,0.2,189.5,71
216,Wharton,7,3,47,42,8.9,11.0,1314
445,Turner,7,1,39,0,0.0,63.5,0
585,I.Sarr,7,3,55,149,27.1,84.0,2708
644,Umeh-Chibueze,7,3,44,0,0.0,302.5,0
645,Devenny,7,3,45,34,7.6,30.0,494
646,Agbinone,7,3,45,2,0.4,241.5,4
647,Rodney,7,3,45,0,0.0,302.5,0
650,Lacroix,7,2,45,114,25.3,65.5,3116
666,Kporha,7,2,40,2,0.5,176.5,11
676,Marsh,7,4,45,0,0.0,75.5,0
730,Esse,7,3,47,22,4.7,61.5,138
741,Glasner,7,5,8,128,160.0,14.0,0
156,Broja,8,4,53,12,2.3,35.0,327
217,A.Doucoure,8,3,51,94,18.4,135.0,2563
218,Beto,8,4,48,87,18.1,36.0,1521
219,Branthwaite,8,2,49,88,18.0,111.0,2509
220,Calvert-Lewin,8,4,54,63,11.7,44.0,1602
221,Coleman,8,2,43,5,1.2,163.0,214
222,Gana,8,3,48,89,18.5,133.0,3063
223,Garner,8,3,49,42,8.6,16.0,1590
224,Harrison,8,3,52,81,15.6,159.0,2068
225,Holgate,8,2,40,1,0.2,189.5,5
226,Iroegbunam,8,3,43,22,5.1,58.5,562
227,J.Virginia,8,1,38,0,0.0,63.5,0
228,Keane,8,2,38,48,12.6,139.0,1046
229,Maupay,8,4,49,0,0.0,75.5,0
230,McNeil,8,3,51,93,18.2,137.5,1366
231,Mykolenko,8,2,44,121,27.5,61.0,3082
232,Ndiaye,8,4,52,114,21.9,30.0,2426
234,Patterson,8,2,44,14,3.2,56.0,342
235,Pickford,8,1,52,158,30.4,9.0,3420
236,Tarkowski,8,2,47,105,22.3,80.0,2922
237,Y. Chermiti,8,4,49,3,0.6,55.0,42
238,Young,8,2,42,98,23.3,75.0,1864
450,Alcaraz,8,3,47,44,9.4,6.5,766
577,Lindstrøm,8,3,50,44,8.8,13.0,1229
582,O'Brien,8,2,45,65,14.4,126.0,1568
603,Armstrong,8,3,44,2,0.5,236.5,47
614,Metcalfe,8,3,45,0,0.0,302.5,0
624,Begovic,8,1,40,0,0.0,63.5,0
627,Dixon,8,2,39,0,0.0,232.0,90
651,Mangala,8,3,50,39,7.8,26.5,1257
678,Bates,8,3,45,0,0.0,302.5,0
724,Sherif,8,4,45,0,0.0,75.5,0
742,Moyes,8,5,5,137,274.0,12.0,0
773,Heath,8,3,45,0,0.0,302.5,0
775,Coby Ebere,8,3,45,0,0.0,302.5,0
803,Welch,8,2,40,0,0.0,232.0,0
10,Nelson,9,3,50,27,5.4,55.0,483
19,Smith Rowe,9,3,50,114,22.8,96.0,2036
191,Andersen,9,2,42,51,12.1,142.5,2673
239,Adama,9,3,45,95,21.1,106.5,1756
240,Andreas,9,3,49,81,16.5,152.0,2004
241,Bassey,9,2,45,75,16.7,117.0,3074
242,Benda,9,1,39,0,0.0,63.5,0
243,Cairney,9,3,48,33,6.9,38.0,610
244,Castagne,9,2,42,46,11.0,149.0,1642
245,Diop,9,2,43,31,7.2,22.5,1334
246,Harris,9,3,45,0,0.0,302.5,0
247,Iwobi,9,3,54,156,28.9,77.5,2981
248,Leno,9,1,50,115,23.0,16.5,3420
249,Lukić,9,3,48,56,11.7,191.5,2348
250,Mbabu,9,2,40,0,0.0,232.0,0
251,Muniz,9,4,55,86,15.6,39.0,943
252,Raúl,9,4,53,147,27.7,22.0,2486
253,Ream,9,2,45,0,0.0,232.0,0
254,Reed,9,3,47,10,2.1,123.5,100
255,Robinson,9,2,47,106,22.6,79.0,3166
256,Stansfield,9,4,50,1,0.2,60.0,1
257,Tete,9,2,44,49,11.1,148.0,1773
258,Vinicius,9,4,50,3,0.6,55.0,13
259,Wilson,9,3,52,78,15.0,165.5,1148
579,Sessegnon,9,2,42,57,13.6,130.0,574
586,J.Cuenca,9,2,44,9,2.0,103.0,349
604,King,9,3,44,10,2.3,120.0,126
605,Godo,9,3,44,2,0.5,236.5,21
622,Berge,9,3,50,53,10.6,201.0,2221
690,Amissah,9,2,40,0,0.0,232.0,0
753,Silva,9,5,11,94,85.5,2.0,0
772,Willian,9,3,50,13,2.6,117.0,251
121,Enciso,10,3,54,59,10.9,197.5,1155
260,Al-Hamadi,10,4,47,8,1.7,47.0,125
261,Baggott,10,2,40,0,0.0,232.0,0
262,Broadhead,10,3,49,37,7.6,30.0,690
263,Burgess,10,2,38,26,6.8,27.5,1540
264,Burns,10,3,47,30,6.4,41.0,922
265,Chaplin,10,3,51,41,8.0,23.5,845
266,H.Clarke,10,2,40,1,0.2,189.5,377
267,Davis,10,2,42,52,12.4,140.0,2742
268,Delap,10,4,56,132,23.6,26.0,2587
269,Edmundson,10,2,40,1,0.2,189.5,1
270,Greaves,10,2,38,37,9.7,3.0,2205
271,Harness,10,3,49,2,0.4,241.5,43
272,Hirst,10,4,54,46,8.5,7.0,645
273,Humphreys,10,3,45,0,0.0,302.5,0
274,Hutchinson,10,3,52,88,16.9,148.0,2585
275,Johnson,10,2,38,30,7.9,18.0,1346
276,Ladapo,10,4,45,0,0.0,75.5,0
277,Luongo,10,3,43,13,3.0,76.0,195
278,Morsy,10,3,48,67,14.0,175.5,2749
279,Ndaba,10,2,40,0,0.0,232.0,0
280,Slicker,10,1,39,0,0.0,63.5,0
281,Taylor,10,3,48,38,7.9,25.0,837
282,Tuanzebe,10,2,39,27,6.9,25.5,1710
283,Walton,10,1,43,16,3.7,10.0,630
284,Woolfenden,10,2,39,18,4.6,43.0,1187
359,Phillips,10,3,48,27,5.6,51.0,1231
568,Muric,10,1,44,49,11.1,35.0,1620
569,Jaden,10,3,53,37,7.0,37.0,796
583,Townsend,10,2,39,11,2.8,95.0,334
611,Szmodics,10,3,57,54,9.5,5.0,988
619,Cajuste,10,3,45,63,14.0,175.5,1960
630,O'Shea,10,2,38,49,12.9,135.0,3122
631,J.Clarke,10,3,54,53,9.8,2.5,1161
632,Ogbene,10,3,48,7,1.5,219.5,237
715,Godfrey,10,2,40,-1,-0.2,268.0,158
743,McKenna,10,5,5,51,102.0,20.0,0
764,Palmer,10,1,45,22,4.9,3.0,1170
799,Boniface,10,2,40,0,0.0,232.0,0
800,Tom Taylor,10,3,45,0,0.0,302.5,0
117,Buonanotte,11,3,45,75,16.7,150.0,1508
192,J.Ayew,11,3,51,75,14.7,168.5,1649
198,Edouard,11,4,51,7,1.4,50.5,141
285,B.Soumaré,11,3,44,48,10.9,197.5,2165
286,Cannon,11,4,45,0,0.0,75.5,0
287,Choudhury,11,3,44,4,0.9,229.5,129
288,Coady,11,2,40,39,9.8,1.5,1712
289,Daka,11,4,48,34,7.1,9.0,717
290,De Cordova-Reid,11,3,52,48,9.2,9.0,734
291,Faes,11,2,38,55,14.5,125.0,2812
292,Golding,11,3,44,1,0.2,251.0,1
293,Hermansen,11,1,44,63,14.3,32.0,2385
294,Iversen,11,1,39,0,0.0,63.5,0
295,Justin,11,2,41,70,17.1,115.0,2912
296,Kristiansen,11,2,44,34,7.7,21.0,2481
297,Marcal,11,3,45,0,0.0,302.5,0
298,Mavididi,11,3,50,72,14.4,170.5,1606
299,McAteer,11,3,47,35,7.4,33.0,846
300,Ndidi,11,3,49,64,13.1,182.0,2325
301,Okoli,11,2,40,27,6.8,27.5,1122
302,Ricardo,11,2,41,10,2.4,100.0,382
303,Souttar,11,2,40,0,0.0,232.0,0
304,Stolarczyk,11,1,40,25,6.2,2.0,900
305,Thomas,11,2,39,27,6.9,25.5,1109
306,Vardy,11,4,54,128,23.7,25.0,2825
307,Vestergaard,11,2,39,11,2.8,95.0,1390
308,Ward,11,1,39,2,0.5,40.5,135
309,Winks,11,3,43,40,9.3,8.0,1536
501,Skipp,11,3,47,27,5.7,50.0,1118
570,A.Fatawu,11,3,51,26,5.1,58.5,576
606,Alves,11,3,44,1,0.2,251.0,1
616,Nelson,11,2,40,0,0.0,232.0,0
635,El Khannouss,11,3,48,83,17.3,145.0,2179
694,Cartwright,11,3,45,0,0.0,302.5,0
708,Wilson-Brown,11,2,40,0,0.0,232.0,0
726,Coulibaly,11,2,40,1,0.2,189.5,107
754,Van Nistelrooy,11,5,5,48,96.0,1.0,0
792,Monga,11,3,45,7,1.6,217.5,105
796,Olabade Aluko,11,2,40,1,0.2,189.5,1
797,Jake Evans,11,3,45,4,0.9,229.5,21
802,Braybrooke,11,3,45,0,0.0,302.5,0
310,A.Becker,12,1,55,112,20.4,23.5,2508
311,Alexander-Arnold,12,2,72,148,20.6,88.0,2362
312,Bajcetic,12,3,45,0,0.0,302.5,0
313,Bradley,12,2,47,41,8.7,11.0,744
315,Clark,12,3,45,0,0.0,302.5,0
316,Darwin,12,4,70,66,9.4,3.0,1113
317,Diogo J.,12,3,72,87,12.1,186.5,1182
318,Doak,12,3,45,0,0.0,302.5,0
319,Elliott,12,3,52,33,6.3,43.5,359
320,Endo,12,3,46,21,4.6,63.0,259
321,Gakpo,12,4,72,127,17.6,37.0,1921
322,Gomez,12,2,47,14,3.0,57.0,517
323,Gravenberch,12,3,50,92,18.4,135.0,3160
324,Jones,12,3,53,87,16.4,154.5,1702
325,Kelleher,12,1,39,45,11.5,34.0,900
326,Konaté,12,2,53,106,20.0,91.0,2561
327,Luis Díaz,12,3,75,183,24.4,90.5,2393
328,M.Salah,12,3,136,344,25.3,88.0,3374
329,Mac Allister,12,3,62,122,19.7,126.0,2597
330,McConnell,12,3,43,0,0.0,302.5,0
331,Morton,12,3,44,0,0.0,302.5,0
332,N.Phillips,12,2,40,0,0.0,232.0,0
333,Quansah,12,2,39,9,2.3,101.0,488
334,R.Williams,12,2,40,0,0.0,232.0,0
335,Robertson,12,2,58,91,15.7,120.0,2479
336,Szoboszlai,12,3,61,143,23.4,94.0,2485
337,Tsimikas,12,2,46,43,9.3,5.0,829
339,Virgil,12,2,67,143,21.3,84.0,3330
636,Chiesa,12,3,68,7,1.0,227.0,103
660,Jaros,12,1,40,1,0.2,43.5,11
669,Davies,12,1,40,0,0.0,63.5,0
688,Nyoni,12,3,45,0,0.0,302.5,0
692,Nallo,12,2,40,0,0.0,232.0,0
709,Danns,12,4,45,1,0.2,60.0,10
744,Slot,12,5,15,118,78.7,3.0,0
340,Akanji,13,2,53,61,11.5,145.0,2012
341,Aké,13,2,53,25,4.7,41.5,677
342,Bernardo,13,3,61,110,18.0,140.0,2667
343,Bobb,13,3,47,3,0.6,233.0,14
344,Carson,13,1,39,0,0.0,63.5,0
345,De Bruyne,13,3,95,114,12.0,188.0,1694
346,Doku,13,3,62,88,14.2,172.0,1506
347,Ederson M.,13,1,53,111,20.9,22.0,2320
348,Foden,13,3,91,105,11.5,193.0,1771
349,Grealish,13,3,64,38,5.9,48.0,710
350,Gvardiol,13,2,65,153,23.5,74.0,3278
351,Haaland,13,4,149,181,12.1,42.0,2736
352,J.Alvarez,13,4,70,0,0.0,75.5,0
353,João Cancelo,13,2,53,0,0.0,232.0,0
354,Kovačić,13,3,54,109,20.2,111.0,2194
355,Lewis,13,2,43,66,15.3,122.0,1888
356,Matheus N.,13,3,49,81,16.5,152.0,1670
357,McAtee,13,3,46,31,6.7,39.0,340
358,Ortega Moreno,13,1,52,35,6.7,1.0,1099
360,Rodrigo,13,3,62,3,0.5,236.5,72
361,Rúben,13,2,55,90,16.4,118.0,2269
362,Stones,13,2,53,29,5.5,39.0,544
363,Walker,13,2,51,13,2.5,98.5,966
571,Savinho,13,3,60,106,17.7,143.0,1760
607,O’Reilly,13,3,49,31,6.3,43.5,525
625,Gündogan,13,3,63,97,15.4,160.0,2218
626,Kaboré,13,2,45,0,0.0,232.0,0
671,Wright,13,3,45,0,0.0,302.5,0
672,Simpson-Pusey,13,2,40,1,0.2,189.5,95
675,Wilson-Esbrand,13,2,40,0,0.0,232.0,0
698,Mubama,13,4,45,1,0.2,60.0,27
703,Alleyne,13,2,40,0,0.0,232.0,0
704,Brits,13,1,40,0,0.0,63.5,0
732,Khusanov,13,2,50,14,2.8,95.0,503
733,Vitor Reis,13,2,45,1,0.2,189.5,1
736,Guardiola,13,5,15,113,75.3,5.0,0
755,Marmoush,13,4,74,73,9.9,1.0,1174
765,N.Gonzalez,13,3,60,31,5.2,56.5,760
785,Echeverri,13,3,58,1,0.2,251.0,5
364,Amad,14,3,53,129,24.3,92.0,1898
365,Antony,14,3,57,8,1.4,221.0,135
366,B.Fernandes,14,3,84,174,20.7,108.0,3017
367,Bayindir,14,1,43,8,1.9,38.0,360
368,Casemiro,14,3,46,48,10.4,204.5,1489
369,Dalot,14,2,50,95,19.0,107.0,2812
370,Eriksen,14,3,52,45,8.7,15.0,1052
371,Evans,14,2,44,15,3.4,55.0,312
372,Garnacho,14,3,59,106,18.0,140.0,2188
373,Hannibal,14,3,45,0,0.0,302.5,0
374,Heaton,14,1,39,0,0.0,63.5,0
375,Højlund,14,4,69,78,11.3,45.0,1998
376,Lindelof,14,2,43,27,6.3,33.5,695
377,Maguire,14,2,49,48,9.8,1.5,1751
378,Mainoo,14,3,52,42,8.1,22.0,1646
379,Malacia,14,2,44,2,0.5,176.5,99
380,Martinez,14,2,43,68,15.8,119.0,1751
381,McTominay,14,3,49,2,0.4,241.5,17
382,Mount,14,3,63,25,4.0,69.5,613
383,Onana,14,1,49,120,24.5,15.0,3060
384,Pellistri,14,3,50,0,0.0,302.5,0
387,Shaw,14,2,49,5,1.0,165.5,346
389,Zirkzee,14,4,65,64,9.8,2.0,1385
572,Yoro,14,2,43,22,5.1,40.0,1160
593,De Ligt,14,2,48,68,14.2,127.0,2119
594,Mazraoui,14,2,42,88,21.0,86.0,2836
613,Collyer,14,3,45,6,1.3,222.0,174
648,Wheatley,14,4,45,0,0.0,75.5,0
652,Ugarte,14,3,49,49,10.0,209.5,1777
658,Heaven,14,2,40,10,2.5,98.5,169
667,Fletcher,14,3,45,0,0.0,302.5,0
670,Amass,14,2,40,4,1.0,165.5,345
673,Fitzgerald,14,3,45,0,0.0,302.5,0
691,Kukonki,14,2,40,0,0.0,232.0,0
745,Amorim,14,5,8,86,107.5,19.0,0
761,Harrison,14,1,40,0,0.0,63.5,0
766,Dorgu,14,2,45,18,4.0,50.0,840
776,Obi,14,4,45,7,1.6,48.0,160
777,Fredricson,14,2,40,2,0.5,176.5,166
778,Moorhouse,14,3,45,0,0.0,302.5,0
779,Koné,14,3,45,0,0.0,302.5,0
783,Graczyk,14,1,40,0,0.0,63.5,0
788,Dermot Mee,14,1,40,0,0.0,63.5,0
390,A.Murphy,15,2,40,0,0.0,232.0,0
391,Almirón,15,3,54,10,1.9,213.5,150
392,Barnes,15,3,59,130,22.0,101.0,1746
393,Botman,15,2,44,18,4.1,48.0,412
394,Bruno G.,15,3,62,135,21.8,103.0,3273
395,Burn,15,2,46,115,25.0,67.0,3330
396,Dúbravka,15,1,40,44,11.0,36.0,900
398,Gordon,15,3,74,124,16.8,149.0,2428
399,Hall,15,2,47,102,21.7,81.0,2188
400,Hayden,15,3,44,0,0.0,302.5,0
401,Isak,15,4,94,211,22.4,29.0,2758
402,J.Murphy,15,3,52,159,30.6,71.0,2356
403,Joelinton,15,3,60,99,16.5,152.0,2394
404,Kelly,15,2,42,12,2.9,92.0,299
405,Krafth,15,2,43,17,4.0,50.0,334
406,Kuol,15,3,44,0,0.0,302.5,0
407,Lascelles,15,2,45,0,0.0,232.0,0
408,Lewis,15,2,40,0,0.0,232.0,0
409,Livramento,15,2,46,105,22.8,78.0,2835
410,Longstaff,15,3,44,34,7.7,28.0,783
411,Miley,15,3,50,21,4.2,66.5,304
412,Odysseas,15,1,42,0,0.0,63.5,0
413,Pope,15,1,50,102,20.4,23.5,2520
414,Ruddy,15,1,39,0,0.0,63.5,0
415,Schär,15,2,55,118,21.5,82.0,2935
416,Targett,15,2,39,2,0.5,176.5,20
417,Tonali,15,3,55,106,19.3,127.0,2625
418,Trippier,15,2,56,72,12.9,135.0,1299
419,White,15,3,45,0,0.0,302.5,0
420,Willock,15,3,47,46,9.8,2.5,1065
421,Wilson,15,4,69,19,2.8,34.0,355
574,Pivas,15,2,40,0,0.0,232.0,0
590,Osula,15,4,49,19,3.9,19.0,124
746,Howe,15,5,15,97,64.7,9.0,0
789,Neave,15,4,45,0,0.0,75.5,0
26,Alex Moreno,16,2,42,34,8.1,14.5,952
422,Aina,16,2,53,128,24.2,72.5,2996
423,Anderson,16,3,50,107,21.4,104.0,2726
424,Awoniyi,16,4,55,32,5.8,14.0,398
425,Boly,16,2,42,6,1.4,161.0,146
426,Bowler,16,3,45,0,0.0,302.5,0
427,C.Miguel,16,1,41,0,0.0,63.5,0
428,Da Silva Moreira,16,3,43,2,0.5,236.5,28
429,Danilo,16,3,47,11,2.3,120.0,270
430,Dennis,16,4,49,0,0.0,75.5,0
431,Dominguez,16,3,48,54,11.2,195.0,1954
432,Elanga,16,3,55,153,27.8,82.5,2496
433,Gibbs-White,16,3,65,154,23.7,93.0,2806
434,Hudson-Odoi,16,3,51,103,20.2,111.0,2190
435,Mighten,16,3,45,0,0.0,302.5,0
436,Murillo,16,2,47,130,27.7,59.0,3188
437,N.Williams,16,2,45,109,24.2,72.5,2588
438,O.Richards,16,2,45,0,0.0,232.0,0
439,O'Brien,16,3,50,0,0.0,302.5,0
440,Omobamidele,16,2,42,0,0.0,232.0,0
441,Panzo,16,2,40,0,0.0,232.0,0
442,Sangaré,16,3,43,20,4.7,61.5,584
443,Sels,16,1,52,150,28.8,12.0,3420
444,Toffolo,16,2,42,4,1.0,165.5,135
446,Ui-jo,16,4,45,0,0.0,75.5,0
447,Wood,16,4,72,200,27.8,21.0,2958
448,Worrall,16,2,45,0,0.0,232.0,0
449,Yates,16,3,48,67,14.0,175.5,1901
573,Milenković,16,2,52,145,27.9,58.0,3330
596,Jota Silva,16,3,59,52,8.8,13.0,835
620,Sosa,16,3,55,25,4.5,64.0,280
653,Morato,16,2,45,36,8.0,16.0,891
706,Abbott,16,2,40,0,0.0,232.0,0
721,Hennessey,16,1,40,0,0.0,63.5,0
747,Nuno,16,5,11,78,70.9,7.0,0
14,Ramsdale,17,1,44,97,22.0,20.0,2700
27,Archer,17,4,48,57,11.9,43.0,1421
188,Ugochukwu,17,3,44,47,10.7,199.0,1652
397,Fraser,17,3,48,7,1.5,219.5,303
451,Amo-Ameyaw,17,3,44,1,0.2,251.0,26
452,Aribo,17,3,49,72,14.7,168.5,2007
453,Armstrong,17,4,51,45,8.8,6.0,1246
454,Bazunu,17,1,43,0,0.0,63.5,0
455,Bednarek,17,2,40,60,15.0,124.0,2531
456,Bella-Kotchap,17,2,39,2,0.5,176.5,329
457,Bree,17,2,39,23,5.9,37.0,1070
458,Charles,17,3,45,0,0.0,302.5,0
459,Edozie,17,3,49,1,0.2,251.0,64
460,Edwards,17,2,39,1,0.3,181.5,12
461,Harwood-Bellis,17,2,39,55,14.1,128.0,2824
462,Kamaldeen,17,3,50,53,10.6,201.0,1394
463,Lallana,17,3,50,17,3.4,74.0,352
464,Larios,17,2,39,0,0.0,232.0,0
465,Lis,17,1,40,0,0.0,63.5,0
466,Lumley,17,1,40,8,2.0,29.5,270
467,Manning,17,2,43,34,7.9,18.0,1458
468,Mara,17,4,50,0,0.0,75.5,0
469,McCarthy,17,1,42,12,2.9,25.5,450
470,Onuachu,17,4,49,51,10.4,46.0,1038
471,Smallbone,17,3,50,26,5.2,56.5,679
472,Stephens,17,2,40,31,7.8,20.0,1389
473,Stewart,17,4,44,20,4.5,17.0,382
474,Sugawara,17,2,42,43,10.2,154.0,1548
475,Taylor,17,2,39,6,1.5,159.5,353
476,Walker-Peters,17,2,42,54,12.9,135.0,2918
477,Wood,17,2,39,14,3.6,52.5,771
515,Cornet,17,3,47,1,0.2,251.0,71
518,Downes,17,3,47,48,10.2,206.0,2149
584,Brereton Díaz,17,3,48,13,2.7,115.0,446
608,Dibling,17,3,43,68,15.8,157.5,1863
623,M.Fernandes,17,3,50,95,19.0,129.5,2911
693,O'Brien-Whitmarsh,17,3,45,0,0.0,302.5,0
718,Welington,17,2,40,14,3.5,54.0,478
719,Kayi Sanda,17,2,40,2,0.5,176.5,12
734,Grønbæk,17,3,49,6,1.2,223.5,141
748,Rusk,17,5,5,38,76.0,4.0,0
798,Jay Robinson,17,4,44,5,1.1,52.0,134
804,Moore,17,2,40,0,0.0,232.0,0
82,Solanke,18,4,73,108,14.8,40.0,2199
478,A.Phillips,18,2,40,0,0.0,232.0,0
479,Austin,18,1,40,1,0.2,43.5,90
480,Bentancur,18,3,49,49,10.0,209.5,1640
481,Bergvall,18,3,44,44,10.0,209.5,1200
482,Bissouma,18,3,48,50,10.4,204.5,1396
483,Bryan,18,3,50,0,0.0,302.5,0
484,Davies,18,2,43,28,6.5,32.0,1329
485,Devine,18,3,45,0,0.0,302.5,0
486,Dragusin,18,2,43,24,5.6,38.0,1250
487,E.Royal,18,2,45,0,0.0,232.0,0
488,Forster,18,1,43,19,4.4,4.0,630
489,Gray,18,3,46,45,9.8,2.5,1750
490,Højbjerg,18,3,50,0,0.0,302.5,0
491,Johnson,18,3,62,137,22.1,99.0,2171
492,Kulusevski,18,3,62,117,18.9,131.0,2386
493,Lo Celso,18,3,49,0,0.0,302.5,0
494,Maddison,18,3,74,133,18.0,140.0,1799
495,Pedro Porro,18,2,52,98,18.8,108.0,2606
496,Reguilón,18,2,41,2,0.5,176.5,194
497,Richarlison,18,4,68,35,5.1,15.5,497
498,Romero,18,2,49,49,10.0,155.0,1416
499,P.M.Sarr,18,3,47,71,15.1,164.0,1901
500,Scarlett,18,4,44,6,1.4,50.5,31
502,Solomon,18,3,54,0,0.0,302.5,0
503,Son,18,3,97,129,13.3,181.0,2106
504,Spence,18,2,44,51,11.6,144.0,1790
505,Udogie,18,2,48,43,9.0,8.0,1923
506,Van de Ven,18,2,45,32,7.1,24.0,1014
507,Veliz,18,4,50,0,0.0,75.5,0
508,Vicario,18,1,48,66,13.8,33.0,2160
509,Werner,18,3,62,34,5.5,53.0,504
510,Whiteman,18,1,39,0,0.0,63.5,0
609,Lankshear,18,4,45,3,0.7,53.0,10
610,Moore,18,3,45,19,4.2,66.5,359
612,Odobert,18,3,53,34,6.4,41.0,843
683,Olusesi,18,3,45,0,0.0,302.5,0
684,Hardy,18,2,40,0,0.0,232.0,0
689,Williams-Barnett,18,3,45,0,0.0,302.5,0
699,Dorrington,18,2,40,1,0.2,189.5,13
700,King,18,2,40,0,0.0,232.0,0
716,Kinsky,18,1,41,17,4.1,7.0,540
717,Yang,18,3,45,0,0.0,302.5,0
729,Ajayi,18,3,45,0,0.0,302.5,0
749,Postecoglou,18,5,11,58,52.7,11.0,0
760,Cassanova,18,2,40,0,0.0,232.0,0
767,Danso,18,2,44,16,3.6,52.5,842
768,Tel,18,3,58,42,7.2,35.5,908
123,Ferguson,19,4,55,28,5.1,15.5,385
388,Wan-Bissaka,19,2,45,118,26.2,63.0,3154
511,Álvarez,19,3,50,40,8.0,23.5,1769
512,Antonio,19,4,52,42,8.1,8.0,834
513,Areola,19,1,42,69,16.4,31.0,2259
514,Bowen,19,3,79,193,24.4,90.5,2974
516,Coufal,19,2,41,27,6.6,31.0,1056
517,Cresswell,19,2,39,36,9.2,6.0,818
519,Earthy,19,3,45,0,0.0,302.5,0
520,Emerson,19,2,44,76,17.3,113.5,2108
521,Fabianski,19,1,39,39,10.0,37.0,1160
522,Foderingham,19,1,42,0,0.0,63.5,0
523,Ings,19,4,48,32,6.7,10.0,270
524,Kilman,19,2,43,82,19.1,106.0,3348
525,Kudus,19,3,62,106,17.1,146.0,2589
526,L.Guilherme,19,3,46,12,2.6,117.0,139
527,L.Paquetá,19,3,57,80,14.0,175.5,2374
528,Mavropanos,19,2,43,45,10.5,152.5,2035
529,N.Aguerd,19,2,44,0,0.0,232.0,0
530,Souček,19,3,48,126,26.2,87.0,2563
531,Ward-Prowse,19,3,61,51,8.4,18.0,1433
532,Zouma,19,2,44,0,0.0,232.0,0
576,Irving,19,3,47,9,1.9,213.5,161
587,Summerville,19,3,55,33,6.0,46.5,776
588,G.Rodríguez,19,3,48,36,7.5,32.0,1147
589,Füllkrug,19,4,67,42,6.3,12.0,783
591,Todibo,19,2,42,54,12.9,135.0,1824
643,Casey,19,2,40,1,0.2,189.5,1
654,C.Soler,19,3,50,47,9.4,6.5,1394
677,Scarles,19,2,40,29,7.2,22.5,659
686,Mayers,19,2,40,0,0.0,232.0,0
701,Orford,19,3,45,2,0.4,241.5,47
750,Potter,19,5,5,84,168.0,13.0,0
204,Johnstone,20,1,41,12,2.9,25.5,630
533,Aït-Nouri,20,2,51,125,24.5,71.0,3112
534,B.Traore,20,3,48,1,0.2,251.0,1
535,Bellegarde,20,3,49,90,18.4,135.0,1666
536,Bentley,20,1,39,9,2.3,27.0,180
537,Chiquinho,20,3,45,1,0.2,251.0,6
538,Chirewa,20,3,45,0,0.0,302.5,0
539,Chiwome,20,4,44,0,0.0,75.5,0
540,Cundle,20,3,45,0,0.0,302.5,0
541,Cunha,20,4,70,178,25.4,24.0,2596
542,Dawson,20,2,42,17,4.0,50.0,969
543,Doherty,20,2,43,75,17.4,112.0,2105
544,Doyle,20,3,47,28,6.0,46.5,474
545,Fábio Silva,20,4,50,0,0.0,75.5,0
546,Fraser,20,4,45,0,0.0,75.5,0
547,Gonzalez,20,3,44,0,0.0,302.5,0
548,Guedes,20,3,53,62,11.7,191.5,979
549,H.Bueno,20,2,45,0,0.0,232.0,0
550,Hee Chan,20,3,61,37,6.1,45.0,646
551,Hodge,20,3,45,0,0.0,302.5,0
552,Hoever,20,2,40,0,0.0,232.0,0
553,J.Gomes,20,3,49,87,17.8,142.0,2975
554,José Sá,20,1,44,93,21.1,21.0,2610
555,Kalajdžić,20,4,48,0,0.0,75.5,0
556,King,20,1,39,1,0.3,42.0,1
557,Mario Jr.,20,3,48,47,9.8,2.5,1363
558,Mosquera,20,2,38,3,0.8,171.0,441
559,N.Semedo,20,2,45,84,18.7,109.0,2889
561,Pedro Lima,20,2,39,2,0.5,176.5,69
562,Podence,20,3,55,2,0.4,241.5,46
563,R.Gomes,20,3,51,42,8.2,20.5,794
564,S.Bueno,20,2,43,52,12.1,142.5,1678
565,Sarabia,20,3,50,50,10.0,209.5,800
566,Strand Larsen,20,4,52,145,27.9,20.0,2587
567,Toti,20,2,43,79,18.4,110.0,2613
637,Meupiyou,20,2,39,0,0.0,232.0,0
642,André,20,3,50,61,12.2,184.0,2472
655,Forbs,20,3,54,9,1.7,216.0,236
664,Pond,20,2,39,1,0.3,181.5,1
682,Edozie,20,3,45,0,0.0,302.5,0
711,Okoduwa,20,2,40,0,0.0,232.0,0
720,Agbadou,20,2,40,45,11.2,146.5,1410
751,Pereira,20,5,8,111,138.8,16.0,0
769,Djiga,20,2,45,4,0.9,168.5,65
770,Munetsi,20,3,50,50,10.0,209.5,1077
784,Mané,20,4,45,1,0.2,60.0,1
