id,web_name,team,element_type,now_cost,cost_change_start,cost_change_event,cost_change_start_fall,cost_change_event_fall,total_points,selected_by_percent
1,Fábio Vieira,1,3,54,-1,0,1,0,0,0.0
2,G.Jesus,1,4,65,-5,0,5,0,42,1.0
3,Gabriel,1,2,61,1,0,-1,0,117,12.2
4,Havertz,1,4,77,-3,0,3,0,97,6.2
5,Hein,1,1,40,0,0,0,0,0,0.0
6,J.Timber,1,2,55,0,0,0,0,114,4.3
7,Jorginho,1,3,46,-4,0,4,0,20,0.2
8,Kiwior,1,2,49,-1,0,1,0,43,3.8
9,Martinelli,1,3,65,-5,0,5,0,125,3.1
12,Nwaneri,1,3,43,-2,0,2,0,66,1.5
13,Ødegaard,1,3,82,-3,0,3,0,116,5.7
15,Raya,1,1,56,1,0,-1,0,142,32.6
16,Rice,1,3,63,-2,0,2,0,127,4.2
17,Saka,1,3,104,4,0,-4,0,127,20.2
18,Saliba,1,2,64,4,0,-4,0,130,25.8
20,Thomas,1,3,49,-1,0,1,0,108,0.7
21,Tierney,1,2,43,-2,0,2,0,27,0.1
22,Tomiyasu,1,2,48,-2,0,2,0,1,0.0
23,Trossard,1,3,67,-3,0,3,0,152,4.5
24,White,1,2,62,-3,0,3,0,50,4.4
25,Zinchenko,1,2,48,-2,0,2,0,40,0.9
73,Neto,1,1,41,-4,0,4,0,7,0.7
186,Sterling,1,3,67,-3,0,3,0,26,0.8
578,Calafiori,1,2,58,-2,0,2,0,39,1.5
597,Lewis-Skelly,1,3,45,0,0,0,0,37,0.4
633,Merino,1,3,60,0,0,0,0,92,1.5
638,Oulad M'hand,1,3,45,0,0,0,0,0,0.0
639,Setford,1,1,45,0,0,0,0,0,0.1
657,Kacurri,1,2,40,0,0,0,0,0,0.0
659,Kabia,1,3,45,0,0,0,0,0,0.0
662,Nichols,1,2,40,0,0,0,0,0,0.1
665,Butler-Oyedeji,1,4,45,0,0,0,0,1,0.2
735,Arteta,1,5,15,0,0,0,0,104,9.0
756,Porter,1,1,40,0,0,0,0,0,0.0
790,Gower,1,3,45,0,0,0,0,0,0.0
793,Jack Henry-Francis,1,3,45,0,0,0,0,0,0.0
801,Clarke,1,2,40,0,0,0,0,0,0.0
28,Bailey,2,3,62,-3,0,3,0,47,0.8
29,Barkley,2,3,52,-3,0,3,0,44,0.2
30,Barrenechea,2,3,49,-1,0,1,0,0,0.0
31,Buendia,2,3,51,-4,0,4,0,11,0.1
32,Cash,2,2,44,-1,0,1,0,76,1.6
33,Dendoncker,2,3,45,0,0,0,0,0,0.2
34,Diaby,2,3,65,0,0,0,0,0,0.0
35,Diego Carlos,2,2,45,0,0,0,0,21,0.3
36,Digne,2,2,44,-1,0,1,0,89,5.6
37,Dobbin,2,3,50,0,0,0,0,0,0.0
38,Duran,2,4,57,-3,0,3,0,53,1.6
39,Gauci,2,1,40,0,0,0,0,0,0.5
40,Hause,2,2,39,-1,0,1,0,0,0.5
41,Iling Jr,2,3,54,-1,0,1,0,0,0.0
42,Kamara,2,3,50,0,0,0,0,57,0.1
43,Kesler-Hayden,2,2,40,0,0,0,0,0,0.0
44,Konsa,2,2,45,0,0,0,0,103,9.5
45,Maatsen,2,2,45,-5,0,5,0,57,1.6
46,Marschall,2,1,40,0,0,0,0,0,0.0
47,Martinez,2,1,50,0,0,0,0,111,13.3
48,McGinn,2,3,52,-3,0,3,0,78,0.7
49,Mings,2,2,44,-1,0,1,0,47,0.2
50,Nedeljkovic,2,2,39,-1,0,1,0,5,0.5
51,Olsen,2,1,45,0,0,0,0,9,0.1
52,Pau,2,2,42,-3,0,3,0,55,0.8
53,Ramsey,2,3,54,-1,0,1,0,66,0.3
54,Rogers,2,3,58,8,0,-8,0,161,25.8
55,Sinisalo,2,1,40,0,0,0,0,0,0.0
56,Sousa,2,2,40,0,0,0,0,0,0.0
57,Tielemans,2,3,55,0,0,0,0,121,1.1
58,Watkins,2,4,92,2,0,-2,0,186,29.0
167,Disasi,2,2,42,-3,0,3,0,33,0.4
233,Onana,2,3,48,-2,0,2,0,65,2.1
385,Rashford,2,3,66,-4,0,4,0,95,3.7
598,Bogarde,2,2,39,-1,0,1,0,6,0.2
640,Swinkels,2,2,40,0,0,0,0,0,0.1
641,Zych,2,1,40,0,0,0,0,0,0.5
656,Young,2,3,44,-1,0,1,0,0,0.2
679,Broggio,2,3,45,0,0,0,0,0,0.0
710,Jimoh,2,3,45,0,0,0,0,0,0.0
725,Malen,2,3,53,-2,0,2,0,34,0.2
731,A. Garcia,2,2,45,0,0,0,0,8,0.1
737,Emery,2,5,8,0,0,0,0,105,7.7
762,M.Asensio,2,3,60,0,0,0,0,44,2.4
59,Aarons,3,2,43,-2,0,2,0,8,0.1
60,Adams,3,3,49,-1,0,1,0,58,0.1
61,Anthony,3,3,45,0,0,0,0,0,0.1
62,Brooks,3,3,49,-1,0,1,0,52,0.0
63,Christie,3,3,48,-2,0,2,0,76,0.1
64,Cook,3,3,50,0,0,0,0,82,0.1
65,Enes Ünal,3,4,54,-1,0,1,0,32,0.1
66,Faivre,3,3,50,0,0,0,0,0,0.0
67,H.Traorè,3,3,45,0,0,0,0,0,0.0
68,Hill,3,2,39,-1,0,1,0,17,0.5
69,Jebbison,3,4,45,0,0,0,0,20,1.1
70,Kerkez,3,2,53,8,0,-8,0,134,20.0
71,Kluivert,3,3,59,4,0,-4,0,158,11.0
72,Mepham,3,2,44,-1,0,1,0,0,0.0
74,O.Dango,3,3,45,-5,0,5,0,111,0.9
75,Paulsen,3,1,40,0,0,0,0,0,0.0
76,Philip,3,3,48,-2,0,2,0,10,0.0
77,Scott,3,3,47,-3,0,3,0,26,0.0
78,Semenyo,3,3,57,2,0,-2,0,165,8.0
79,Senesi,3,2,46,-4,0,4,0,31,0.3
80,Sinisterra,3,3,48,-2,0,2,0,23,0.1
81,Smith,3,2,44,-1,0,1,0,57,0.1
83,Tavernier,3,3,54,-1,0,1,0,87,0.2
84,Travers,3,1,44,-1,0,1,0,19,0.1
85,Zabarnyi,3,2,44,-1,0,1,0,94,0.5
152,Arrizabalaga,3,1,46,1,0,-1,0,106,3.7
580,Huijsen,3,2,45,0,0,0,0,104,5.0
592,J.Araujo,3,2,43,-2,0,2,0,12,0.1
599,Dennis,3,1,39,-1,0,1,0,0,0.3
617,Evanilson,3,4,59,-1,0,1,0,128,8.5
680,Kinsey,3,2,40,0,0,0,0,0,0.0
687,Winterburn,3,3,45,0,0,0,0,4,0.0
702,Harris,3,2,40,0,0,0,0,0,0.0
707,Rees-Dottin,3,4,45,0,0,0,0,1,0.1
712,Akinmboni,3,2,40,0,0,0,0,0,0.0
713,Soler,3,2,39,-1,0,1,0,3,0.0
722,Adu-Adjei,3,4,45,0,0,0,0,0,0.0
723,Sadi,3,3,45,0,0,0,0,0,0.0
727,McKenna,3,1,40,0,0,0,0,0,0.0
728,Silcott-Duberry,3,3,45,0,0,0,0,1,0.0
738,Iraola,3,5,11,0,0,0,0,82,4.8
86,Ajer,4,2,44,-1,0,1,0,39,0.2
87,Brierley,4,3,44,-1,0,1,0,0,0.1
88,Collins,4,2,46,1,0,-1,0,127,4.5
89,Damsgaard,4,3,49,-1,0,1,0,131,1.2
90,Dasilva,4,3,48,-2,0,2,0,0,0.0
91,Flekken,4,1,45,0,0,0,0,138,10.0
92,Henry,4,2,43,-2,0,2,0,4,0.0
93,Hickey,4,2,43,-2,0,2,0,0,0.0
94,Janelt,4,3,48,-2,0,2,0,73,0.2
95,Jensen,4,3,53,-2,0,2,0,38,0.1
96,Ji-soo,4,2,39,-1,0,1,0,3,0.3
97,Konak,4,3,44,-1,0,1,0,10,0.1
98,Lewis-Potter,4,3,50,0,0,0,0,94,0.1
99,Mbeumo,4,3,83,13,0,-13,0,236,46.7
100,Mee,4,2,42,-3,0,3,0,9,0.3
101,Nørgaard,4,3,48,-2,0,2,0,107,0.2
102,Onyeka,4,3,49,-1,0,1,0,2,0.0
103,Peart-Harris,4,3,45,0,0,0,0,0,0.0
104,Pinnock,4,2,44,-1,0,1,0,47,0.3
105,Roerslev,4,2,43,-2,0,2,0,36,0.1
106,Schade,4,3,53,-2,0,2,0,149,3.3
107,Thiago,4,4,59,-1,0,1,0,9,0.0
108,Toney,4,4,73,-2,0,2,0,0,1.1
109,Valdimarsson,4,1,39,-1,0,1,0,2,2.9
110,Wissa,4,4,69,9,0,-9,0,185,24.2
111,Yarmoliuk,4,3,43,-2,0,2,0,43,2.3
112,Zanka,4,2,45,0,0,0,0,0,0.0
314,Carvalho,4,3,45,-5,0,5,0,35,0.4
338,Van den Berg,4,2,41,1,0,-1,0,62,1.5
602,Trevitt,4,3,44,-1,0,1,0,1,0.0
634,G.Nunes,4,3,49,-1,0,1,0,3,0.0
649,Meghoma,4,2,40,0,0,0,0,1,0.0
661,Yogane,4,3,45,0,0,0,0,0,0.0
674,Maghoma,4,3,45,0,0,0,0,8,0.0
705,Arthur,4,2,40,0,0,0,0,0,0.0
752,Frank,4,5,8,0,0,0,0,116,15.1
757,Kayode,4,2,45,0,0,0,0,27,0.1
759,Eyestone,4,1,40,0,0,0,0,0,0.0
780,Morgan,4,4,45,0,0,0,0,0,0.0
786,Benjamin Fredrick,4,2,40,0,0,0,0,0,0.0
113,Adingra,5,3,51,-4,0,4,0,60,0.3
114,Baker-Boaitey,5,3,45,0,0,0,0,0,0.0
115,Baleba,5,3,50,0,0,0,0,87,0.2
116,Barco,5,2,40,0,0,0,0,0,1.9
118,Cozier-Duberry,5,3,45,0,0,0,0,0,0.0
119,Dahoud,5,3,49,-1,0,1,0,0,0.0
120,Dunk,5,2,42,-3,0,3,0,44,2.3
122,Estupiñan,5,2,49,-1,0,1,0,63,1.3
124,Gilmour,5,3,50,0,0,0,0,3,0.0
125,Gross,5,3,65,0,0,0,0,0,0.0
126,Hinshelwood,5,3,49,-1,0,1,0,89,0.1
127,I.Osman,5,3,50,0,0,0,0,0,0.0
128,Igor,5,2,43,-2,0,2,0,18,0.1
129,João Pedro,5,4,55,0,0,0,0,126,8.5
130,Kozlowski,5,3,45,0,0,0,0,0,0.0
131,Lamptey,5,2,44,-1,0,1,0,42,0.2
132,March,5,3,65,0,0,0,0,7,0.0
133,Mazilu,5,3,45,0,0,0,0,0,0.0
134,Milner,5,3,50,0,0,0,0,6,0.0
135,Minteh,5,3,48,-7,0,7,0,102,1.0
136,Mitoma,5,3,63,-2,0,2,0,145,6.3
137,Moder,5,3,44,-1,0,1,0,4,0.4
138,O’Mahony,5,4,45,0,0,0,0,0,0.2
139,Offiah,5,2,40,0,0,0,0,0,0.1
140,Peupion,5,3,44,-1,0,1,0,0,0.0
141,Sarmiento,5,3,49,-1,0,1,0,1,0.0
142,Steele,5,1,40,-5,0,5,0,9,0.7
143,Undav,5,4,55,0,0,0,0,0,0.0
144,Van Hecke,5,2,45,0,0,0,0,87,0.7
145,Veltman,5,2,43,-2,0,2,0,59,1.1
146,Verbruggen,5,1,45,0,0,0,0,103,2.5
147,Webster,5,2,43,-2,0,2,0,39,0.1
148,Welbeck,5,4,55,0,0,0,0,125,6.9
149,Wieffer,5,3,47,-3,0,3,0,52,0.1
595,Gruda,5,3,54,-1,0,1,0,45,0.1
600,Ayari,5,3,50,0,0,0,0,74,0.1
601,Moran,5,3,50,0,0,0,0,0,0.0
615,Rushworth,5,1,39,-1,0,1,0,0,0.1
618,Georginio,5,3,50,-5,0,5,0,95,0.3
628,F.Kadıoğlu,5,2,44,-1,0,1,0,19,0.1
629,O'Riley,5,3,55,0,0,0,0,50,0.0
663,Samuels,5,2,40,0,0,0,0,0,0.0
668,Cahill,5,1,39,-1,0,1,0,0,0.9
681,McConville,5,2,40,0,0,0,0,0,0.0
685,Slater,5,2,40,0,0,0,0,0,0.0
714,Gómez,5,3,55,0,0,0,0,30,0.0
739,Hürzeler,5,5,11,0,0,0,0,119,2.3
758,Knight,5,3,45,0,0,0,0,0,0.0
763,Cashin,5,2,45,0,0,0,0,1,0.0
791,Charlie Tasker,5,2,40,0,0,0,0,0,0.0
794,Freddie Simmonds,5,2,40,0,0,0,0,0,0.0
795,Harry Howell,5,3,45,0,0,0,0,1,0.0
150,Andrey Santos,6,3,45,0,0,0,0,0,0.0
151,Ângelo,6,3,45,0,0,0,0,0,0.1
153,B.Badiashile,6,2,42,-3,0,3,0,7,0.1
154,Bergström,6,1,39,-1,0,1,0,0,0.2
155,Bettinelli,6,1,39,-1,0,1,0,0,0.4
157,Caicedo,6,3,49,-1,0,1,0,98,1.0
158,Casadei,6,3,44,-1,0,1,0,0,0.1
159,Chalobah,6,2,44,-1,0,1,0,93,0.7
161,Chukwuemeka,6,3,47,-3,0,3,0,0,0.0
162,Colwill,6,2,44,-1,0,1,0,109,2.4
163,Cucurella,6,2,54,4,0,-4,0,133,11.8
164,D.D.Fofana,6,4,54,-1,0,1,0,0,0.1
165,Deivid,6,4,49,-1,0,1,0,0,0.1
166,Dewsbury-Hall,6,3,55,-5,0,5,0,18,0.1
168,Enzo,6,3,47,-3,0,3,0,135,4.1
169,Gallagher,6,3,59,-1,0,1,0,0,0.1
170,Gilchrist,6,2,40,0,0,0,0,0,0.0
171,Gusto,6,2,49,-1,0,1,0,60,1.4
172,James,6,2,48,-2,0,2,0,54,1.1
173,Kellyman,6,3,43,-2,0,2,0,0,0.1
174,Lavia,6,3,45,0,0,0,0,26,0.4
175,Lukaku,6,4,63,-2,0,2,0,0,0.2
176,M.Sarr,6,2,45,0,0,0,0,0,0.0
177,Madueke,6,3,60,-5,0,5,0,120,3.2
178,Marc Guiu,6,4,47,-3,0,3,0,3,0.5
179,Mudryk,6,3,61,-4,0,4,0,7,0.2
180,N.Jackson,6,4,77,2,0,-2,0,121,6.2
181,Nkunku,6,3,57,-8,0,8,0,60,2.0
182,Palmer,6,3,105,0,0,0,0,214,34.3
183,Petrović,6,1,44,-1,0,1,0,0,0.1
184,Renato Veiga,6,3,44,-1,0,1,0,7,0.1
185,Sánchez,6,1,45,0,0,0,0,126,6.2
187,Tosin,6,2,42,-3,0,3,0,71,0.3
189,W.Fofana,6,2,43,-2,0,2,0,26,0.2
386,Sancho,6,3,62,-3,0,3,0,86,0.9
560,Neto,6,3,61,-4,0,4,0,104,1.4
575,Wiley,6,2,40,0,0,0,0,0,0.0
581,Jørgensen,6,1,42,-3,0,3,0,18,0.4
621,João Félix,6,3,59,-6,0,6,0,24,0.4
695,Rak-Sakyi,6,3,45,0,0,0,0,0,0.0
696,George,6,3,45,0,0,0,0,17,0.0
697,Acheampong,6,2,40,0,0,0,0,4,0.1
740,Maresca,6,5,15,0,0,0,0,94,1.7
771,Amougou,6,3,45,0,0,0,0,1,0.0
774,Anselmino,6,2,40,0,0,0,0,0,0.0
781,Mheuka,6,4,45,0,0,0,0,1,0.0
782,Samuels-Smith,6,2,40,0,0,0,0,0,0.0
787,Genesis Antwi,6,2,40,0,0,0,0,0,0.0
11,Nketiah,7,4,59,-1,0,1,0,53,0.7
160,Chilwell,7,2,46,-4,0,4,0,13,0.5
190,Ahamada,7,3,45,0,0,0,0,0,0.1
193,C.Doucouré,7,3,48,-2,0,2,0,19,0.0
194,C.Richards,7,2,44,-1,0,1,0,68,0.2
195,Chadi Riad,7,2,43,-2,0,2,0,1,0.0
196,Clyne,7,2,43,-2,0,2,0,18,0.1
197,Ebiowei,7,3,45,0,0,0,0,0,0.0
199,Eze,7,3,70,0,0,0,0,148,14.6
200,Guéhi,7,2,47,2,0,-2,0,116,5.7
201,Henderson,7,1,46,1,0,-1,0,135,11.7
202,Holding,7,2,42,-3,0,3,0,0,0.1
203,Hughes,7,3,49,-1,0,1,0,67,0.0
205,Kamada,7,3,51,-4,0,4,0,45,0.1
206,Lerma,7,3,48,-2,0,2,0,58,0.1
207,Mateta,7,4,75,0,0,0,0,150,8.3
208,M.França,7,3,44,-1,0,1,0,9,0.2
209,Matthews,7,1,39,-1,0,1,0,0,0.4
210,Mitchell,7,2,48,-2,0,2,0,123,2.1
211,Muñoz,7,2,52,2,0,-2,0,142,19.3
212,Ozoh,7,3,45,0,0,0,0,0,0.0
213,Rak-Sakyi,7,3,45,0,0,0,0,0,0.0
214,Schlupp,7,3,46,-4,0,4,0,12,0.0
215,Ward,7,2,43,-2,0,2,0,1,0.1
216,Wharton,7,3,47,-3,0,3,0,42,0.1
445,Turner,7,1,39,-1,0,1,0,0,7.2
585,I.Sarr,7,3,55,-5,0,5,0,149,5.3
644,Umeh-Chibueze,7,3,44,-1,0,1,0,0,0.0
645,Devenny,7,3,45,0,0,0,0,34,0.1
646,Agbinone,7,3,45,0,0,0,0,2,0.0
647,Rodney,7,3,45,0,0,0,0,0,0.0
650,Lacroix,7,2,45,0,0,0,0,114,0.9
666,Kporha,7,2,40,0,0,0,0,2,0.0
676,Marsh,7,4,45,0,0,0,0,0,0.2
730,Esse,7,3,47,-3,0,3,0,22,0.1
741,Glasner,7,5,8,0,0,0,0,128,1.9
156,Broja,8,4,53,-2,0,2,0,12,0.1
217,A.Doucoure,8,3,51,-4,0,4,0,94,0.5
218,Beto,8,4,48,-2,0,2,0,87,3.9
219,Branthwaite,8,2,49,-1,0,1,0,88,1.9
220,Calvert-Lewin,8,4,54,-6,0,6,0,63,1.0
221,Coleman,8,2,43,-2,0,2,0,5,0.0
222,Gana,8,3,48,-2,0,2,0,89,0.2
223,Garner,8,3,49,-1,0,1,0,42,0.0
224,Harrison,8,3,52,-3,0,3,0,81,0.2
225,Holgate,8,2,40,0,0,0,0,1,0.1
226,Iroegbunam,8,3,43,-2,0,2,0,22,0.6
227,J.Virginia,8,1,38,-2,0,2,0,0,1.0
228,Keane,8,2,38,-2,0,2,0,48,4.3
229,Maupay,8,4,49,-1,0,1,0,0,0.2
230,McNeil,8,3,51,-4,0,4,0,93,1.4
231,Mykolenko,8,2,44,-1,0,1,0,121,6.7
232,Ndiaye,8,4,52,-3,0,3,0,114,1.1
234,Patterson,8,2,44,-1,0,1,0,14,0.0
235,Pickford,8,1,52,2,0,-2,0,158,15.9
236,Tarkowski,8,2,47,-3,0,3,0,105,1.6
237,Y. Chermiti,8,4,49,-1,0,1,0,3,0.0
238,Young,8,2,42,-3,0,3,0,98,1.4
450,Alcaraz,8,3,47,-3,0,3,0,44,0.1
577,Lindstrøm,8,3,50,-5,0,5,0,44,0.1
582,O'Brien,8,2,45,-5,0,5,0,65,0.9
603,Armstrong,8,3,44,-1,0,1,0,2,0.1
614,Metcalfe,8,3,45,0,0,0,0,0,0.0
624,Begovic,8,1,40,0,0,0,0,0,0.2
627,Dixon,8,2,39,-1,0,1,0,0,0.1
651,Mangala,8,3,50,0,0,0,0,39,0.0
678,Bates,8,3,45,0,0,0,0,0,0.0
724,Sherif,8,4,45,0,0,0,0,0,0.1
742,Moyes,8,5,5,0,0,0,0,137,5.3
773,Heath,8,3,45,0,0,0,0,0,0.0
775,Coby Ebere,8,3,45,0,0,0,0,0,0.0
803,Welch,8,2,40,0,0,0,0,0,0.0
10,Nelson,9,3,50,0,0,0,0,27,0.0
19,Smith Rowe,9,3,50,-5,0,5,0,114,7.3
191,Andersen,9,2,42,-3,0,3,0,51,3.4
239,Adama,9,3,45,-5,0,5,0,95,1.4
240,Andreas,9,3,49,-6,0,6,0,81,0.8
241,Bassey,9,2,45,0,0,0,0,75,0.6
242,Benda,9,1,39,-1,0,1,0,0,0.3
243,Cairney,9,3,48,-2,0,2,0,33,0.0
244,Castagne,9,2,42,-3,0,3,0,46,0.8
245,Diop,9,2,43,-2,0,2,0,31,0.2
246,Harris,9,3,45,0,0,0,0,0,0.0
247,Iwobi,9,3,54,-1,0,1,0,156,4.9
248,Leno,9,1,50,0,0,0,0,115,2.9
249,Lukić,9,3,48,-2,0,2,0,56,0.0
250,Mbabu,9,2,40,0,0,0,0,0,0.1
251,Muniz,9,4,55,-5,0,5,0,86,1.4
252,Raúl,9,4,53,-2,0,2,0,147,5.0
253,Ream,9,2,45,0,0,0,0,0,0.0
254,Reed,9,3,47,-3,0,3,0,10,0.0
255,Robinson,9,2,47,2,0,-2,0,106,15.2
256,Stansfield,9,4,50,0,0,0,0,1,0.0
257,Tete,9,2,44,-1,0,1,0,49,0.2
258,Vinicius,9,4,50,0,0,0,0,3,0.3
259,Wilson,9,3,52,-3,0,3,0,78,0.2
579,Sessegnon,9,2,42,-3,0,3,0,57,2.6
586,J.Cuenca,9,2,44,-1,0,1,0,9,0.0
604,King,9,3,44,-1,0,1,0,10,0.1
605,Godo,9,3,44,-1,0,1,0,2,0.0
622,Berge,9,3,50,0,0,0,0,53,0.0
690,Amissah,9,2,40,0,0,0,0,0,0.0
753,Silva,9,5,11,0,0,0,0,94,0.3
772,Willian,9,3,50,0,0,0,0,13,0.0
121,Enciso,10,3,54,-1,0,1,0,59,0.2
260,Al-Hamadi,10,4,47,-3,0,3,0,8,0.2
261,Baggott,10,2,40,0,0,0,0,0,0.0
262,Broadhead,10,3,49,-1,0,1,0,37,0.0
263,Burgess,10,2,38,-2,0,2,0,26,1.8
264,Burns,10,3,47,-3,0,3,0,30,0.0
265,Chaplin,10,3,51,-4,0,4,0,41,0.1
266,H.Clarke,10,2,40,0,0,0,0,1,0.0
267,Davis,10,2,42,-3,0,3,0,52,0.9
268,Delap,10,4,56,1,0,-1,0,132,3.3
269,Edmundson,10,2,40,0,0,0,0,1,0.1
270,Greaves,10,2,38,-2,0,2,0,37,2.3
271,Harness,10,3,49,-1,0,1,0,2,0.0
272,Hirst,10,4,54,-1,0,1,0,46,0.1
273,Humphreys,10,3,45,0,0,0,0,0,0.0
274,Hutchinson,10,3,52,-3,0,3,0,88,0.3
275,Johnson,10,2,38,-2,0,2,0,30,1.9
276,Ladapo,10,4,45,0,0,0,0,0,0.4
277,Luongo,10,3,43,-2,0,2,0,13,0.2
278,Morsy,10,3,48,-2,0,2,0,67,0.1
279,Ndaba,10,2,40,0,0,0,0,0,0.0
280,Slicker,10,1,39,-1,0,1,0,0,0.6
281,Taylor,10,3,48,-2,0,2,0,38,0.0
282,Tuanzebe,10,2,39,-1,0,1,0,27,1.2
283,Walton,10,1,43,-2,0,2,0,16,0.2
284,Woolfenden,10,2,39,-1,0,1,0,18,1.2
359,Phillips,10,3,48,-2,0,2,0,27,0.1
568,Muric,10,1,44,-1,0,1,0,49,0.4
569,Jaden,10,3,53,-2,0,2,0,37,0.1
583,Townsend,10,2,39,-1,0,1,0,11,0.5
611,Szmodics,10,3,57,-3,0,3,0,54,0.1
619,Cajuste,10,3,45,0,0,0,0,63,0.1
630,O'Shea,10,2,38,-2,0,2,0,49,1.2
631,J.Clarke,10,3,54,-1,0,1,0,53,0.0
632,Ogbene,10,3,48,-2,0,2,0,7,0.0
715,Godfrey,10,2,40,0,0,0,0,-1,0.0
743,McKenna,10,5,5,0,0,0,0,51,0.4
764,Palmer,10,1,45,0,0,0,0,22,0.1
799,Boniface,10,2,40,0,0,0,0,0,0.0
800,Tom Taylor,10,3,45,0,0,0,0,0,0.0
117,Buonanotte,11,3,45,-5,0,5,0,75,0.4
192,J.Ayew,11,3,51,-4,0,4,0,75,0.2
198,Edouard,11,4,51,-4,0,4,0,7,0.2
285,B.Soumaré,11,3,44,-1,0,1,0,48,0.3
286,Cannon,11,4,45,0,0,0,0,0,0.3
287,Choudhury,11,3,44,-1,0,1,0,4,1.0
288,Coady,11,2,40,0,0,0,0,39,0.5
289,Daka,11,4,48,-2,0,2,0,34,0.5
290,De Cordova-Reid,11,3,52,-3,0,3,0,48,0.1
291,Faes,11,2,38,-2,0,2,0,55,5.2
292,Golding,11,3,44,-1,0,1,0,1,0.2
293,Hermansen,11,1,44,-1,0,1,0,63,0.4
294,Iversen,11,1,39,-1,0,1,0,0,0.7
295,Justin,11,2,41,-4,0,4,0,70,1.2
296,Kristiansen,11,2,44,-1,0,1,0,34,0.1
297,Marcal,11,3,45,0,0,0,0,0,0.0
298,Mavididi,11,3,50,-5,0,5,0,72,0.3
299,McAteer,11,3,47,-3,0,3,0,35,0.0
300,Ndidi,11,3,49,-1,0,1,0,64,0.2
301,Okoli,11,2,40,0,0,0,0,27,0.4
302,Ricardo,11,2,41,-4,0,4,0,10,0.1
303,Souttar,11,2,40,0,0,0,0,0,0.0
304,Stolarczyk,11,1,40,0,0,0,0,25,0.5
305,Thomas,11,2,39,-1,0,1,0,27,1.4
306,Vardy,11,4,54,-1,0,1,0,128,5.2
307,Vestergaard,11,2,39,-1,0,1,0,11,1.5
308,Ward,11,1,39,-1,0,1,0,2,2.0
309,Winks,11,3,43,-2,0,2,0,40,4.7
501,Skipp,11,3,47,-3,0,3,0,27,0.0
570,A.Fatawu,11,3,51,-4,0,4,0,26,0.2
606,Alves,11,3,44,-1,0,1,0,1,0.1
616,Nelson,11,2,40,0,0,0,0,0,0.0
635,El Khannouss,11,3,48,-2,0,2,0,83,0.2
694,Cartwright,11,3,45,0,0,0,0,0,0.0
708,Wilson-Brown,11,2,40,0,0,0,0,0,0.0
726,Coulibaly,11,2,40,0,0,0,0,1,0.0
754,Van Nistelrooy,11,5,5,0,0,0,0,48,0.5
792,Monga,11,3,45,0,0,0,0,7,0.0
796,Olabade Aluko,11,2,40,0,0,0,0,1,0.0
797,Jake Evans,11,3,45,0,0,0,0,4,0.0
802,Braybrooke,11,3,45,0,0,0,0,0,0.0
310,A.Becker,12,1,55,0,0,0,0,112,8.4
311,Alexander-Arnold,12,2,72,2,0,-2,0,148,16.7
312,Bajcetic,12,3,45,0,0,0,0,0,0.0
313,Bradley,12,2,47,-3,0,3,0,41,1.2
315,Clark,12,3,45,0,0,0,0,0,0.0
316,Darwin,12,4,70,-5,0,5,0,66,1.9
317,Diogo J.,12,3,72,-3,0,3,0,87,2.6
318,Doak,12,3,45,0,0,0,0,0,0.0
319,Elliott,12,3,52,-3,0,3,0,33,0.3
320,Endo,12,3,46,-4,0,4,0,21,0.1
321,Gakpo,12,4,72,-3,0,3,0,127,5.4
322,Gomez,12,2,47,-3,0,3,0,14,0.4
323,Gravenberch,12,3,50,0,0,0,0,92,0.7
324,Jones,12,3,53,-2,0,2,0,87,0.2
325,Kelleher,12,1,39,-6,0,6,0,45,1.2
326,Konaté,12,2,53,3,0,-3,0,106,7.0
327,Luis Díaz,12,3,75,0,0,0,0,183,16.8
328,M.Salah,12,3,136,11,0,-11,0,344,66.3
329,Mac Allister,12,3,62,-3,0,3,0,122,1.7
330,McConnell,12,3,43,-2,0,2,0,0,0.1
331,Morton,12,3,44,-1,0,1,0,0,0.1
332,N.Phillips,12,2,40,0,0,0,0,0,0.1
333,Quansah,12,2,39,-6,0,6,0,9,1.0
334,R.Williams,12,2,40,0,0,0,0,0,0.0
335,Robertson,12,2,58,-2,0,2,0,91,4.0
336,Szoboszlai,12,3,61,-4,0,4,0,143,2.7
337,Tsimikas,12,2,46,-4,0,4,0,43,0.2
339,Virgil,12,2,67,7,0,-7,0,143,25.6
636,Chiesa,12,3,68,-2,0,2,0,7,0.2
660,Jaros,12,1,40,0,0,0,0,1,0.1
669,Davies,12,1,40,0,0,0,0,0,0.0
688,Nyoni,12,3,45,0,0,0,0,0,0.0
692,Nallo,12,2,40,0,0,0,0,0,0.0
709,Danns,12,4,45,0,0,0,0,1,0.0
744,Slot,12,5,15,0,0,0,0,118,6.3
340,Akanji,13,2,53,-2,0,2,0,61,2.3
341,Aké,13,2,53,-2,0,2,0,25,0.8
342,Bernardo,13,3,61,-4,0,4,0,110,2.8
343,Bobb,13,3,47,-3,0,3,0,3,0.1
344,Carson,13,1,39,-1,0,1,0,0,0.2
345,De Bruyne,13,3,95,0,0,0,0,114,11.6
346,Doku,13,3,62,-3,0,3,0,88,1.7
347,Ederson M.,13,1,53,-2,0,2,0,111,5.7
348,Foden,13,3,91,-4,0,4,0,105,4.6
349,Grealish,13,3,64,-1,0,1,0,38,0.2
350,Gvardiol,13,2,65,5,0,-5,0,153,38.6
351,Haaland,13,4,149,-1,0,1,0,181,24.0
352,J.Alvarez,13,4,70,0,0,0,0,0,0.1
353,João Cancelo,13,2,53,-2,0,2,0,0,0.2
354,Kovačić,13,3,54,-1,0,1,0,109,1.2
355,Lewis,13,2,43,-2,0,2,0,66,3.5
356,Matheus N.,13,3,49,-1,0,1,0,81,0.2
357,McAtee,13,3,46,-4,0,4,0,31,0.1
358,Ortega Moreno,13,1,52,-3,0,3,0,35,0.7
360,Rodrigo,13,3,62,-3,0,3,0,3,0.8
361,Rúben,13,2,55,0,0,0,0,90,5.5
362,Stones,13,2,53,-2,0,2,0,29,1.0
363,Walker,13,2,51,-4,0,4,0,13,2.5
571,Savinho,13,3,60,-5,0,5,0,106,1.9
607,O’Reilly,13,3,49,-1,0,1,0,31,0.2
625,Gündogan,13,3,63,-2,0,2,0,97,0.5
626,Kaboré,13,2,45,0,0,0,0,0,0.0
671,Wright,13,3,45,0,0,0,0,0,0.0
672,Simpson-Pusey,13,2,40,0,0,0,0,1,0.0
675,Wilson-Esbrand,13,2,40,0,0,0,0,0,0.0
698,Mubama,13,4,45,0,0,0,0,1,0.1
703,Alleyne,13,2,40,0,0,0,0,0,0.0
704,Brits,13,1,40,0,0,0,0,0,0.0
732,Khusanov,13,2,50,0,0,0,0,14,0.3
733,Vitor Reis,13,2,45,0,0,0,0,1,0.0
736,Guardiola,13,5,15,0,0,0,0,113,29.2
755,Marmoush,13,4,74,4,0,-4,0,73,22.6
765,N.Gonzalez,13,3,60,0,0,0,0,31,0.0
785,Echeverri,13,3,58,-2,0,2,0,1,0.0
364,Amad,14,3,53,3,0,-3,0,129,4.1
365,Antony,14,3,57,-3,0,3,0,8,0.2
366,B.Fernandes,14,3,84,-1,0,1,0,174,13.7
367,Bayindir,14,1,43,-2,0,2,0,8,0.1
368,Casemiro,14,3,46,-4,0,4,0,48,0.4
369,Dalot,14,2,50,0,0,0,0,95,4.7
370,Eriksen,14,3,52,-3,0,3,0,45,0.2
371,Evans,14,2,44,-1,0,1,0,15,0.1
372,Garnacho,14,3,59,-6,0,6,0,106,4.7
373,Hannibal,14,3,45,0,0,0,0,0,0.0
374,Heaton,14,1,39,-1,0,1,0,0,0.2
375,Højlund,14,4,69,-1,0,1,0,78,1.0
376,Lindelof,14,2,43,-2,0,2,0,27,0.1
377,Maguire,14,2,49,-1,0,1,0,48,0.8
378,Mainoo,14,3,52,-3,0,3,0,42,1.7
379,Malacia,14,2,44,-1,0,1,0,2,0.0
380,Martinez,14,2,43,-2,0,2,0,68,2.2
381,McTominay,14,3,49,-1,0,1,0,2,0.1
382,Mount,14,3,63,-2,0,2,0,25,0.2
383,Onana,14,1,49,-1,0,1,0,120,5.0
384,Pellistri,14,3,50,0,0,0,0,0,0.0
387,Shaw,14,2,49,-1,0,1,0,5,0.2
389,Zirkzee,14,4,65,-5,0,5,0,64,1.5
572,Yoro,14,2,43,-2,0,2,0,22,0.2
593,De Ligt,14,2,48,-2,0,2,0,68,2.9
594,Mazraoui,14,2,42,-3,0,3,0,88,7.3
613,Collyer,14,3,45,0,0,0,0,6,0.0
648,Wheatley,14,4,45,0,0,0,0,0,1.0
652,Ugarte,14,3,49,-1,0,1,0,49,0.1
658,Heaven,14,2,40,0,0,0,0,10,0.1
667,Fletcher,14,3,45,0,0,0,0,0,0.0
670,Amass,14,2,40,0,0,0,0,4,0.1
673,Fitzgerald,14,3,45,0,0,0,0,0,0.0
691,Kukonki,14,2,40,0,0,0,0,0,0.0
745,Amorim,14,5,8,0,0,0,0,86,1.4
761,Harrison,14,1,40,0,0,0,0,0,0.0
766,Dorgu,14,2,45,0,0,0,0,18,0.2
776,Obi,14,4,45,0,0,0,0,7,0.2
777,Fredricson,14,2,40,0,0,0,0,2,0.0
778,Moorhouse,14,3,45,0,0,0,0,0,0.0
779,Koné,14,3,45,0,0,0,0,0,0.0
783,Graczyk,14,1,40,0,0,0,0,0,0.0
788,Dermot Mee,14,1,40,0,0,0,0,0,0.0
390,A.Murphy,15,2,40,0,0,0,0,0,0.5
391,Almirón,15,3,54,-6,0,6,0,10,0.3
392,Barnes,15,3,59,-6,0,6,0,130,4.2
393,Botman,15,2,44,-1,0,1,0,18,0.0
394,Bruno G.,15,3,62,-3,0,3,0,135,3.0
395,Burn,15,2,46,1,0,-1,0,115,12.6
396,Dúbravka,15,1,40,-5,0,5,0,44,1.3
398,Gordon,15,3,74,-1,0,1,0,124,8.0
399,Hall,15,2,47,2,0,-2,0,102,4.4
400,Hayden,15,3,44,-1,0,1,0,0,0.1
401,Isak,15,4,94,9,0,-9,0,211,49.4
402,J.Murphy,15,3,52,-3,0,3,0,159,14.3
403,Joelinton,15,3,60,0,0,0,0,99,1.1
404,Kelly,15,2,42,-3,0,3,0,12,0.1
405,Krafth,15,2,43,-2,0,2,0,17,0.1
406,Kuol,15,3,44,-1,0,1,0,0,0.1
407,Lascelles,15,2,45,0,0,0,0,0,0.0
408,Lewis,15,2,40,0,0,0,0,0,0.1
409,Livramento,15,2,46,1,0,-1,0,105,8.9
410,Longstaff,15,3,44,-6,0,6,0,34,0.3
411,Miley,15,3,50,0,0,0,0,21,0.0
412,Odysseas,15,1,42,-3,0,3,0,0,0.1
413,Pope,15,1,50,0,0,0,0,102,6.1
414,Ruddy,15,1,39,-1,0,1,0,0,0.3
415,Schär,15,2,55,0,0,0,0,118,5.0
416,Targett,15,2,39,-1,0,1,0,2,0.3
417,Tonali,15,3,55,0,0,0,0,106,0.9
418,Trippier,15,2,56,-4,0,4,0,72,4.4
419,White,15,3,45,0,0,0,0,0,0.1
420,Willock,15,3,47,-3,0,3,0,46,0.1
421,Wilson,15,4,69,-1,0,1,0,19,0.2
574,Pivas,15,2,40,0,0,0,0,0,0.1
590,Osula,15,4,49,-1,0,1,0,19,0.2
746,Howe,15,5,15,0,0,0,0,97,2.8
789,Neave,15,4,45,0,0,0,0,0,0.0
26,Alex Moreno,16,2,42,-3,0,3,0,34,0.4
422,Aina,16,2,53,8,0,-8,0,128,13.0
423,Anderson,16,3,50,0,0,0,0,107,0.3
424,Awoniyi,16,4,55,-5,0,5,0,32,0.3
425,Boly,16,2,42,-3,0,3,0,6,0.1
426,Bowler,16,3,45,0,0,0,0,0,0.0
427,C.Miguel,16,1,41,-4,0,4,0,0,0.1
428,Da Silva Moreira,16,3,43,-2,0,2,0,2,0.1
429,Danilo,16,3,47,-3,0,3,0,11,0.0
430,Dennis,16,4,49,-1,0,1,0,0,0.2
431,Dominguez,16,3,48,-2,0,2,0,54,0.0
432,Elanga,16,3,55,0,0,0,0,153,9.4
433,Gibbs-White,16,3,65,0,0,0,0,154,7.4
434,Hudson-Odoi,16,3,51,-4,0,4,0,103,1.2
435,Mighten,16,3,45,0,0,0,0,0,0.0
436,Murillo,16,2,47,2,0,-2,0,130,4.1
437,N.Williams,16,2,45,0,0,0,0,109,4.0
438,O.Richards,16,2,45,0,0,0,0,0,0.0
439,O'Brien,16,3,50,0,0,0,0,0,0.0
440,Omobamidele,16,2,42,-3,0,3,0,0,0.0
441,Panzo,16,2,40,0,0,0,0,0,0.0
442,Sangaré,16,3,43,-2,0,2,0,20,1.2
443,Sels,16,1,52,7,0,-7,0,150,19.9
444,Toffolo,16,2,42,-3,0,3,0,4,0.1
446,Ui-jo,16,4,45,0,0,0,0,0,0.8
447,Wood,16,4,72,12,0,-12,0,200,30.8
448,Worrall,16,2,45,0,0,0,0,0,0.0
449,Yates,16,3,48,-2,0,2,0,67,0.1
573,Milenković,16,2,52,7,0,-7,0,145,18.0
596,Jota Silva,16,3,59,-1,0,1,0,52,0.1
620,Sosa,16,3,55,0,0,0,0,25,0.1
653,Morato,16,2,45,0,0,0,0,36,0.1
706,Abbott,16,2,40,0,0,0,0,0,0.0
721,Hennessey,16,1,40,0,0,0,0,0,0.0
747,Nuno,16,5,11,0,0,0,0,78,5.0
14,Ramsdale,17,1,44,-1,0,1,0,97,1.3
27,Archer,17,4,48,-2,0,2,0,57,1.1
188,Ugochukwu,17,3,44,-1,0,1,0,47,0.3
397,Fraser,17,3,48,-2,0,2,0,7,0.0
451,Amo-Ameyaw,17,3,44,-1,0,1,0,1,0.1
452,Aribo,17,3,49,-1,0,1,0,72,0.1
453,Armstrong,17,4,51,-4,0,4,0,45,0.5
454,Bazunu,17,1,43,-2,0,2,0,0,0.1
455,Bednarek,17,2,40,0,0,0,0,60,1.9
456,Bella-Kotchap,17,2,39,-1,0,1,0,2,0.4
457,Bree,17,2,39,-1,0,1,0,23,0.3
458,Charles,17,3,45,0,0,0,0,0,0.0
459,Edozie,17,3,49,-1,0,1,0,1,0.0
460,Edwards,17,2,39,-1,0,1,0,1,0.2
461,Harwood-Bellis,17,2,39,-1,0,1,0,55,4.1
462,Kamaldeen,17,3,50,0,0,0,0,53,0.0
463,Lallana,17,3,50,0,0,0,0,17,0.0
464,Larios,17,2,39,-1,0,1,0,0,0.1
465,Lis,17,1,40,0,0,0,0,0,0.1
466,Lumley,17,1,40,0,0,0,0,8,0.4
467,Manning,17,2,43,-2,0,2,0,34,0.1
468,Mara,17,4,50,0,0,0,0,0,0.0
469,McCarthy,17,1,42,-3,0,3,0,12,0.1
470,Onuachu,17,4,49,-1,0,1,0,51,0.3
471,Smallbone,17,3,50,0,0,0,0,26,0.0
472,Stephens,17,2,40,0,0,0,0,31,0.3
473,Stewart,17,4,44,-1,0,1,0,20,1.7
474,Sugawara,17,2,42,-3,0,3,0,43,0.1
475,Taylor,17,2,39,-1,0,1,0,6,3.0
476,Walker-Peters,17,2,42,-3,0,3,0,54,0.3
477,Wood,17,2,39,-1,0,1,0,14,1.0
515,Cornet,17,3,47,-3,0,3,0,1,0.0
518,Downes,17,3,47,-3,0,3,0,48,0.0
584,Brereton Díaz,17,3,48,-7,0,7,0,13,0.1
608,Dibling,17,3,43,-2,0,2,0,68,1.4
623,M.Fernandes,17,3,50,0,0,0,0,95,0.1
693,O'Brien-Whitmarsh,17,3,45,0,0,0,0,0,0.0
718,Welington,17,2,40,0,0,0,0,14,0.0
719,Kayi Sanda,17,2,40,0,0,0,0,2,0.0
734,Grønbæk,17,3,49,-1,0,1,0,6,0.0
748,Rusk,17,5,5,0,0,0,0,38,0.1
798,Jay Robinson,17,4,44,-1,0,1,0,5,0.0
804,Moore,17,2,40,0,0,0,0,0,0.0
82,Solanke,18,4,73,-2,0,2,0,108,4.7
478,A.Phillips,18,2,40,0,0,0,0,0,0.1
479,Austin,18,1,40,0,0,0,0,1,0.4
480,Bentancur,18,3,49,-1,0,1,0,49,0.1
481,Bergvall,18,3,44,-1,0,1,0,44,0.8
482,Bissouma,18,3,48,-2,0,2,0,50,0.2
483,Bryan,18,3,50,0,0,0,0,0,0.0
484,Davies,18,2,43,-2,0,2,0,28,0.2
485,Devine,18,3,45,0,0,0,0,0,0.0
486,Dragusin,18,2,43,-2,0,2,0,24,0.1
487,E.Royal,18,2,45,0,0,0,0,0,0.0
488,Forster,18,1,43,-2,0,2,0,19,0.3
489,Gray,18,3,46,-4,0,4,0,45,0.2
490,Højbjerg,18,3,50,0,0,0,0,0,0.0
491,Johnson,18,3,62,-3,0,3,0,137,2.3
492,Kulusevski,18,3,62,-3,0,3,0,117,2.2
493,Lo Celso,18,3,49,-1,0,1,0,0,0.0
494,Maddison,18,3,74,-1,0,1,0,133,3.8
495,Pedro Porro,18,2,52,-3,0,3,0,98,16.5
496,Reguilón,18,2,41,-4,0,4,0,2,0.2
497,Richarlison,18,4,68,-2,0,2,0,35,0.4
498,Romero,18,2,49,-1,0,1,0,49,3.5
499,P.M.Sarr,18,3,47,-3,0,3,0,71,0.2
500,Scarlett,18,4,44,-1,0,1,0,6,0.7
502,Solomon,18,3,54,-1,0,1,0,0,0.0
503,Son,18,3,97,-3,0,3,0,129,4.1
504,Spence,18,2,44,-1,0,1,0,51,0.7
505,Udogie,18,2,48,-2,0,2,0,43,1.5
506,Van de Ven,18,2,45,0,0,0,0,32,2.4
507,Veliz,18,4,50,0,0,0,0,0,0.0
508,Vicario,18,1,48,-2,0,2,0,66,1.8
509,Werner,18,3,62,-3,0,3,0,34,0.1
510,Whiteman,18,1,39,-1,0,1,0,0,1.7
609,Lankshear,18,4,45,0,0,0,0,3,1.0
610,Moore,18,3,45,0,0,0,0,19,0.2
612,Odobert,18,3,53,-2,0,2,0,34,0.0
683,Olusesi,18,3,45,0,0,0,0,0,0.0
684,Hardy,18,2,40,0,0,0,0,0,0.0
689,Williams-Barnett,18,3,45,0,0,0,0,0,0.0
699,Dorrington,18,2,40,0,0,0,0,1,0.0
700,King,18,2,40,0,0,0,0,0,0.0
716,Kinsky,18,1,41,-4,0,4,0,17,0.1
717,Yang,18,3,45,0,0,0,0,0,0.0
729,Ajayi,18,3,45,0,0,0,0,0,0.0
749,Postecoglou,18,5,11,0,0,0,0,58,1.3
760,Cassanova,18,2,40,0,0,0,0,0,0.0
767,Danso,18,2,44,-1,0,1,0,16,0.0
768,Tel,18,3,58,-2,0,2,0,42,0.1
123,Ferguson,19,4,55,0,0,0,0,28,0.3
388,Wan-Bissaka,19,2,45,0,0,0,0,118,6.4
511,Álvarez,19,3,50,0,0,0,0,40,0.1
512,Antonio,19,4,52,-3,0,3,0,42,0.8
513,Areola,19,1,42,-3,0,3,0,69,7.2
514,Bowen,19,3,79,4,0,-4,0,193,18.0
516,Coufal,19,2,41,-4,0,4,0,27,0.4
517,Cresswell,19,2,39,-1,0,1,0,36,1.7
519,Earthy,19,3,45,0,0,0,0,0,0.0
520,Emerson,19,2,44,-1,0,1,0,76,0.6
521,Fabianski,19,1,39,-1,0,1,0,39,10.0
522,Foderingham,19,1,42,-3,0,3,0,0,0.1
523,Ings,19,4,48,-2,0,2,0,32,1.2
524,Kilman,19,2,43,-2,0,2,0,82,1.3
525,Kudus,19,3,62,-3,0,3,0,106,2.6
526,L.Guilherme,19,3,46,-4,0,4,0,12,0.0
527,L.Paquetá,19,3,57,-3,0,3,0,80,0.9
528,Mavropanos,19,2,43,-2,0,2,0,45,0.1
529,N.Aguerd,19,2,44,-1,0,1,0,0,0.0
530,Souček,19,3,48,-2,0,2,0,126,1.5
531,Ward-Prowse,19,3,61,-4,0,4,0,51,0.5
532,Zouma,19,2,44,-1,0,1,0,0,0.1
576,Irving,19,3,47,-3,0,3,0,9,0.0
587,Summerville,19,3,55,-5,0,5,0,33,0.3
588,G.Rodríguez,19,3,48,-2,0,2,0,36,0.1
589,Füllkrug,19,4,67,-3,0,3,0,42,0.9
591,Todibo,19,2,42,-3,0,3,0,54,0.3
643,Casey,19,2,40,0,0,0,0,1,0.2
654,C.Soler,19,3,50,0,0,0,0,47,0.0
677,Scarles,19,2,40,0,0,0,0,29,0.1
686,Mayers,19,2,40,0,0,0,0,0,0.0
701,Orford,19,3,45,0,0,0,0,2,0.0
750,Potter,19,5,5,0,0,0,0,84,2.6
204,Johnstone,20,1,41,-4,0,4,0,12,0.2
533,Aït-Nouri,20,2,51,6,0,-6,0,125,15.0
534,B.Traore,20,3,48,-2,0,2,0,1,0.0
535,Bellegarde,20,3,49,-1,0,1,0,90,0.2
536,Bentley,20,1,39,-1,0,1,0,9,1.7
537,Chiquinho,20,3,45,0,0,0,0,1,0.1
538,Chirewa,20,3,45,0,0,0,0,0,0.0
539,Chiwome,20,4,44,-1,0,1,0,0,1.1
540,Cundle,20,3,45,0,0,0,0,0,0.1
541,Cunha,20,4,70,5,0,-5,0,178,13.6
542,Dawson,20,2,42,-3,0,3,0,17,0.1
543,Doherty,20,2,43,-2,0,2,0,75,0.3
544,Doyle,20,3,47,-3,0,3,0,28,0.0
545,Fábio Silva,20,4,50,0,0,0,0,0,0.1
546,Fraser,20,4,45,0,0,0,0,0,1.0
547,Gonzalez,20,3,44,-1,0,1,0,0,0.0
548,Guedes,20,3,53,-2,0,2,0,62,0.1
549,H.Bueno,20,2,45,0,0,0,0,0,0.0
550,Hee Chan,20,3,61,-4,0,4,0,37,0.2
551,Hodge,20,3,45,0,0,0,0,0,0.2
552,Hoever,20,2,40,0,0,0,0,0,0.1
553,J.Gomes,20,3,49,-1,0,1,0,87,0.2
554,José Sá,20,1,44,-1,0,1,0,93,2.8
555,Kalajdžić,20,4,48,-2,0,2,0,0,0.0
556,King,20,1,39,-1,0,1,0,1,1.2
557,Mario Jr.,20,3,48,-2,0,2,0,47,0.1
558,Mosquera,20,2,38,-2,0,2,0,3,0.7
559,N.Semedo,20,2,45,0,0,0,0,84,0.6
561,Pedro Lima,20,2,39,-1,0,1,0,2,1.2
562,Podence,20,3,55,0,0,0,0,2,0.0
563,R.Gomes,20,3,51,-4,0,4,0,42,0.1
564,S.Bueno,20,2,43,-2,0,2,0,52,0.1
565,Sarabia,20,3,50,-5,0,5,0,50,0.1
566,Strand Larsen,20,4,52,-3,0,3,0,145,2.6
567,Toti,20,2,43,-2,0,2,0,79,0.3
637,Meupiyou,20,2,39,-1,0,1,0,0,0.2
642,André,20,3,50,0,0,0,0,61,0.0
655,Forbs,20,3,54,-1,0,1,0,9,0.0
664,Pond,20,2,39,-1,0,1,0,1,0.7
682,Edozie,20,3,45,0,0,0,0,0,0.0
711,Okoduwa,20,2,40,0,0,0,0,0,0.0
720,Agbadou,20,2,40,0,0,0,0,45,0.4
751,Pereira,20,5,8,0,0,0,0,111,2.3
769,Djiga,20,2,45,0,0,0,0,4,0.0
770,Munetsi,20,3,50,0,0,0,0,50,0.1
784,Mané,20,4,45,0,0,0,0,1,0.1
